client_id,age,anciennete_mois,conso_data_go,minutes_appel,nb_sms,facture_mensuelle,nb_reclamations,churn
1,52,13,7.8,66,47,13200,1,1
2,42,34,5.6,506,105,24000,0,0
3,25,43,25.4,148,59,40500,7,1
4,57,40,6.5,300,145,18600,0,0
5,68,28,53.3,529,171,97000,1,1
6,38,13,19.4,84,75,31600,0,0
7,32,85,23.5,100,44,34700,1,0
8,54,88,7.4,149,31,14300,1,0
9,61,55,6.2,92,23,14100,1,0
10,57,85,19.9,195,98,34500,1,0
11,65,94,7.9,343,112,21300,1,0
12,36,26,8.9,301,146,26000,3,1
13,27,34,22.7,150,87,38100,3,0
14,46,48,4.8,75,12,10800,0,0
15,43,24,6.2,134,27,15100,1,0
16,66,79,36.1,720,141,77300,0,0
17,60,34,3.9,72,27,7000,0,0
18,53,52,29.0,85,57,50400,1,0
19,55,13,54.1,514,85,93100,0,1
20,24,50,5.3,88,12,10400,3,0
21,38,90,5.4,556,65,26300,1,0
22,46,86,49.9,642,116,91400,1,1
23,63,14,3.7,148,15,5100,3,0
24,48,72,16.1,193,97,28800,2,0
25,27,93,46.6,432,111,82900,0,0
26,21,12,2.0,59,20,10800,0,0
27,45,28,27.9,139,43,44200,1,0
28,61,15,5.8,453,80,18100,1,0
29,19,71,6.8,551,62,24100,3,0
30,54,12,20.8,118,39,36600,5,1
31,57,87,5.9,131,27,13200,3,0
32,44,35,31.9,83,40,55100,6,1
33,21,3,22.7,193,38,39600,0,0
34,33,91,25.7,196,85,47500,2,0
35,29,50,34.8,178,56,57400,1,0
36,31,51,6.8,500,65,26500,3,0
37,58,62,4.3,377,66,20500,3,1
38,21,1,5.4,147,48,10800,1,0
39,59,72,20.5,122,65,35200,2,0
40,45,36,2.2,85,40,5800,2,0
41,40,13,20.0,123,72,35800,1,1
42,26,22,15.4,145,36,26200,2,0
43,59,3,3.8,384,82,14200,0,0
44,42,17,22.6,131,47,39400,1,0
45,48,59,22.5,169,77,39700,5,1
46,36,56,8.3,599,114,28700,1,0
47,58,32,15.6,83,30,26300,3,1
48,42,35,33.1,649,171,67000,0,0
49,34,16,2.7,149,13,7800,2,0
50,61,82,4.4,596,88,23000,1,0
51,59,7,29.9,132,67,49400,3,1
52,66,27,24.3,174,88,38000,3,1
53,38,6,7.0,469,53,26800,2,1
54,53,75,30.6,178,51,51700,2,0
55,66,37,17.7,116,52,28700,1,0
56,54,50,3.3,51,36,6800,1,0
57,18,85,5.0,54,19,9100,2,0
58,24,73,5.0,556,78,26900,2,0
59,46,5,20.0,108,64,33900,2,1
60,49,47,9.6,429,99,26700,2,0
61,42,91,33.5,470,120,66300,1,1
62,40,37,9.4,530,141,27700,5,1
63,52,71,6.3,98,28,16100,3,0
64,43,85,3.9,123,11,10500,0,0
65,66,84,15.3,180,94,30000,2,0
66,49,31,3.1,126,20,9700,1,0
67,28,76,45.5,591,161,86000,0,0
68,62,54,57.3,567,128,100800,2,1
69,26,19,6.8,586,56,22500,1,0
70,39,49,30.3,157,68,51600,1,0
71,58,48,6.3,543,105,27100,2,0
72,68,45,6.3,51,18,10300,2,1
73,67,61,2.4,129,22,6700,0,0
74,62,43,27.2,138,84,46400,3,1
75,65,84,5.2,517,68,23000,1,0
76,26,67,31.8,169,60,55000,1,0
77,24,68,2.1,85,33,2000,0,0
78,56,67,2.8,113,28,5400,3,0
79,39,26,7.3,93,34,14100,1,0
80,32,67,3.1,139,11,10100,1,0
81,52,65,5.9,112,32,13500,1,0
82,19,39,34.1,113,84,54400,2,0
83,61,91,27.5,189,55,45900,0,0
84,30,31,6.2,315,109,18300,0,0
85,66,87,6.0,491,102,19300,0,0
86,33,54,32.2,163,82,58300,0,0
87,52,37,15.4,112,88,32600,1,0
88,68,13,9.4,561,59,29200,2,1
89,36,88,47.9,621,132,89100,0,0
90,24,89,9.1,499,128,26800,2,0
91,32,63,7.9,346,144,18500,4,0
92,51,25,40.9,552,131,78100,0,1
93,19,88,6.4,75,38,12700,1,0
94,32,84,53.2,597,193,98500,1,0
95,18,94,2.0,122,33,9500,1,0
96,68,35,22.0,165,91,37700,1,0
97,58,77,8.8,324,143,24600,0,0
98,65,87,8.3,585,117,28200,2,0
99,65,16,5.8,73,24,7700,2,0
100,57,31,9.3,434,55,23400,0,0
101,37,53,2.7,119,27,7100,0,0
102,41,36,34.9,131,84,55900,2,1
103,39,13,8.4,477,56,26100,1,0
104,20,69,33.1,166,57,53900,1,0
105,51,85,34.2,153,48,54900,2,0
106,39,62,3.6,501,77,19900,1,0
107,29,7,6.3,344,117,19500,1,0
108,67,11,4.5,380,115,21000,4,0
109,39,42,5.9,129,12,13000,1,0
110,43,28,27.3,90,99,43800,4,1
111,43,11,19.0,172,76,32300,1,0
112,38,29,8.0,116,19,17400,2,0
113,40,90,16.8,140,84,29700,4,1
114,41,93,7.4,401,118,19600,1,0
115,51,4,5.1,405,134,20500,2,0
116,50,33,51.8,568,147,94000,2,1
117,40,38,3.8,52,26,9100,1,0
118,57,32,4.1,138,33,11400,1,0
119,35,4,6.9,356,144,18600,1,0
120,40,52,4.7,58,48,10900,1,0
121,66,55,4.6,104,31,7700,0,0
122,68,28,25.0,86,73,40100,7,1
123,39,65,3.2,124,36,7600,1,0
124,64,23,9.5,576,109,29100,0,0
125,20,53,35.8,407,110,63500,0,0
126,47,17,4.5,120,40,8500,0,0
127,36,4,20.6,189,79,39200,0,0
128,20,47,8.6,329,116,16500,0,0
129,62,32,51.4,412,185,87400,0,0
130,64,48,3.2,61,47,8000,0,0
131,21,54,4.4,78,29,5400,1,0
132,33,22,49.7,751,80,92400,0,0
133,26,75,26.5,644,141,54500,3,0
134,69,40,3.2,94,28,4200,3,0
135,35,52,17.2,134,41,29000,1,0
136,21,47,6.3,478,113,23700,2,1
137,26,45,7.2,388,96,17000,4,1
138,57,94,7.3,84,12,14600,0,0
139,60,85,9.5,430,119,26100,2,0
140,20,65,9.7,598,72,28600,3,0
141,21,7,16.7,150,32,28400,3,1
142,62,37,5.3,59,21,9600,0,0
143,29,87,4.6,141,34,9900,4,0
144,26,19,6.7,122,18,12600,1,1
145,22,51,9.8,308,117,22800,2,0
146,21,87,7.1,96,17,11100,2,0
147,61,63,6.1,143,48,14200,1,0
148,69,16,28.5,191,90,52200,4,1
149,23,62,4.6,82,21,8300,1,0
150,54,30,2.9,101,49,8200,0,0
151,49,27,7.9,51,50,17900,1,0
152,62,1,17.2,156,96,31700,0,0
153,41,93,5.9,386,112,17100,3,0
154,62,53,35.0,136,38,56000,3,1
155,59,37,2.9,108,48,10000,3,1
156,48,45,5.5,150,16,10900,1,0
157,57,49,34.1,189,46,55800,2,1
158,68,80,36.2,689,144,70200,1,0
159,62,38,33.7,405,172,61100,0,0
160,55,38,2.1,94,46,7400,5,1
161,48,34,2.2,71,13,6900,0,0
162,33,37,9.5,573,54,28800,3,0
163,26,70,40.9,762,85,81400,1,1
164,20,66,20.2,87,59,32700,6,1
165,41,61,3.8,471,140,20600,5,1
166,42,21,51.0,638,83,97000,1,1
167,57,22,8.5,460,129,25700,2,0
168,41,63,58.7,737,82,104600,0,1
169,35,88,3.5,94,12,9400,1,0
170,49,64,4.3,139,50,10300,2,0
171,45,70,2.1,83,26,3900,0,0
172,59,95,2.5,108,46,6900,2,0
173,25,45,33.0,760,107,69500,0,0
174,69,34,2.0,61,45,4100,3,1
175,21,50,10.0,382,67,24900,2,0
176,58,37,4.9,108,21,13300,1,0
177,51,60,31.4,199,36,51200,2,0
178,61,84,24.4,145,82,42700,0,0
179,35,75,2.1,98,31,5500,1,0
180,27,25,24.7,176,30,40500,4,1
181,48,41,26.6,175,53,47500,3,1
182,65,75,6.2,71,32,9400,1,0
183,45,16,7.8,502,56,26900,2,0
184,63,82,6.0,137,45,12100,0,0
185,26,32,3.1,139,46,6800,0,0
186,33,30,21.5,114,96,39200,1,0
187,30,93,23.4,198,55,43000,1,0
188,29,35,5.4,125,15,14900,0,0
189,48,14,59.3,610,101,106100,0,0
190,47,50,4.0,338,129,13700,6,1
191,23,47,6.4,131,29,15000,1,0
192,48,69,23.4,114,38,35700,2,0
193,33,21,6.7,123,41,14700,0,0
194,63,10,19.8,124,61,36900,1,1
195,48,82,5.6,101,41,13300,2,0
196,24,29,24.3,170,65,41600,0,0
197,47,71,58.3,646,83,104900,0,0
198,40,59,18.4,104,99,28900,2,1
199,69,14,9.3,500,88,27400,3,0
200,30,86,17.0,86,67,27200,2,0
201,34,69,9.5,541,148,27700,2,0
202,24,45,4.8,131,29,11300,3,1
203,55,22,7.5,380,124,18800,4,1
204,29,85,33.9,619,150,65800,0,0
205,32,11,9.7,322,86,23000,2,0
206,50,35,7.8,103,12,15000,4,1
207,20,35,4.9,427,67,19900,2,1
208,20,81,9.0,453,52,28400,3,0
209,49,26,5.6,391,124,19900,2,1
210,18,87,7.5,70,16,11300,0,0
211,69,20,30.2,614,112,61100,2,1
212,61,76,52.4,503,110,90700,1,0
213,20,40,18.9,175,59,35100,1,0
214,64,65,22.7,172,38,38400,1,0
215,39,78,7.0,58,36,14500,1,0
216,36,73,27.7,533,127,57300,0,0
217,27,95,5.1,573,73,20500,2,0
218,28,61,9.5,596,84,30600,2,0
219,33,92,8.0,401,132,25400,2,0
220,55,53,4.5,127,35,8700,0,0
221,68,9,2.3,109,30,4200,1,0
222,21,39,3.4,119,19,6400,0,0
223,23,77,15.2,174,89,27300,0,0
224,38,11,5.6,92,12,9900,1,0
225,46,45,52.3,555,90,94300,0,0
226,18,63,20.7,149,43,36600,3,1
227,37,84,16.7,86,48,25000,1,0
228,23,87,5.5,119,28,9800,3,0
229,30,94,9.4,514,112,28500,0,0
230,18,77,5.3,443,78,22500,2,0
231,27,88,9.3,474,82,27100,2,0
232,23,18,2.7,105,13,10200,0,0
233,45,94,9.0,326,96,23000,3,0
234,46,80,5.2,62,13,12000,1,0
235,37,43,7.2,456,124,25000,7,1
236,27,73,26.0,185,51,43500,1,0
237,37,46,4.9,126,46,10000,1,0
238,67,93,16.0,103,78,27800,4,1
239,25,51,4.1,430,145,17300,3,1
240,35,30,2.9,143,20,7300,2,1
241,30,33,3.2,561,73,17700,1,0
242,27,16,27.3,122,66,44800,0,0
243,60,14,58.4,669,136,105900,0,0
244,26,65,4.9,455,109,14800,2,0
245,43,95,2.0,136,11,6300,0,0
246,42,64,8.3,385,67,23400,0,0
247,49,79,3.6,139,16,11200,1,0
248,57,32,7.7,338,96,20000,3,1
249,53,40,34.0,88,38,51200,4,1
250,39,10,26.0,89,37,40900,0,0
251,54,26,42.5,641,94,80000,0,0
252,40,86,7.3,102,27,12200,1,0
253,62,63,27.2,194,39,45000,2,0
254,26,84,7.8,134,15,13100,2,0
255,46,55,4.2,54,48,6900,2,0
256,49,56,9.6,415,69,26700,1,1
257,46,90,29.9,116,93,47500,5,0
258,27,84,47.1,775,94,90900,1,0
259,66,92,24.5,155,34,39000,2,0
260,60,67,6.0,118,46,13300,0,0
261,55,24,59.6,798,174,116500,1,1
262,64,10,2.1,81,33,2500,1,0
263,39,92,5.8,107,24,15200,1,0
264,67,74,9.2,588,59,27500,3,0
265,20,29,18.8,135,43,35300,3,1
266,28,25,31.7,129,37,50200,0,0
267,21,65,58.0,462,91,101300,1,0
268,48,18,5.7,85,40,11700,0,0
269,64,48,56.7,412,171,100800,2,1
270,47,78,4.1,341,112,13600,0,0
271,38,85,2.1,117,33,6700,0,0
272,46,71,5.5,108,25,10100,1,0
273,50,75,5.3,127,23,8300,6,1
274,62,6,54.2,777,93,99800,0,0
275,42,73,27.6,182,76,44900,1,1
276,43,93,2.1,59,25,6900,3,0
277,39,35,2.5,68,48,2400,0,0
278,65,43,38.7,532,125,72300,0,0
279,36,85,4.1,122,50,12300,2,0
280,37,53,9.5,457,104,29000,3,0
281,36,21,6.7,58,24,12400,1,0
282,19,58,59.7,568,199,104900,2,0
283,36,2,28.5,105,84,46400,5,1
284,32,81,3.8,111,35,9800,0,0
285,44,67,32.3,644,135,67000,0,0
286,50,89,23.7,98,79,40300,1,0
287,66,67,3.4,597,53,21200,2,0
288,40,47,24.2,114,80,40900,1,0
289,68,17,7.4,98,11,15300,3,1
290,59,62,7.6,64,18,16500,2,0
291,59,64,6.6,65,38,8600,0,0
292,41,21,2.4,94,22,5600,2,0
293,19,8,2.9,115,33,7900,1,0
294,27,51,5.4,104,48,11300,4,0
295,58,32,34.0,478,129,65600,1,0
296,66,58,4.6,127,35,11000,0,0
297,66,63,25.4,184,67,45300,0,0
298,39,13,3.1,77,23,8000,2,1
299,18,11,6.5,54,14,9100,2,0
300,52,3,5.8,365,106,16400,2,0
301,52,93,55.5,440,123,94900,1,0
302,54,10,32.4,113,48,51000,2,1
303,24,23,5.5,107,14,11600,2,0
304,39,62,27.6,426,174,57400,1,0
305,45,27,5.9,61,12,12100,1,0
306,26,95,22.4,193,77,37300,3,1
307,30,58,19.4,100,57,30200,2,0
308,51,19,42.7,742,186,83600,0,0
309,60,17,3.3,541,70,17400,5,1
310,30,55,3.6,518,91,21000,1,0
311,19,33,19.5,148,49,31900,1,0
312,50,94,9.5,532,119,29900,2,1
313,56,2,27.7,736,152,65900,1,0
314,66,86,49.1,715,118,92400,1,0
315,31,93,6.9,563,123,25500,5,1
316,58,14,5.7,87,18,9400,0,0
317,38,7,6.5,107,13,14200,1,0
318,52,29,19.3,117,70,33200,6,1
319,60,27,19.5,182,49,36000,0,0
320,48,16,9.1,302,135,26800,1,0
321,57,82,3.2,80,28,6300,0,0
322,36,38,3.9,310,110,11900,2,0
323,68,59,27.2,81,96,40900,1,0
324,58,80,3.9,554,132,20200,1,0
325,32,2,4.5,122,21,8900,0,0
326,48,55,15.8,92,59,25600,1,0
327,51,62,2.7,140,26,9300,0,0
328,56,65,3.9,137,39,10300,3,1
329,49,84,43.5,655,193,82100,0,0
330,18,79,6.2,115,32,9300,0,0
331,68,20,45.1,590,139,81600,0,0
332,60,50,25.4,142,55,43300,3,1
333,29,23,6.6,93,43,8300,1,0
334,42,49,3.2,567,134,20400,1,0
335,47,15,2.3,150,23,10600,1,0
336,32,38,6.3,407,57,23200,2,0
337,52,89,4.4,88,49,9400,1,0
338,61,19,5.7,530,73,20500,1,0
339,28,11,3.4,69,49,6700,0,0
340,18,19,5.7,128,23,9800,0,0
341,49,22,42.6,481,133,80700,0,0
342,36,40,21.4,131,57,37900,1,0
343,38,42,8.2,315,149,22700,1,0
344,62,94,6.4,487,51,23500,0,0
345,22,14,5.8,120,35,7900,1,0
346,53,9,5.2,436,61,18200,3,1
347,64,60,44.0,504,128,85000,0,0
348,47,89,4.5,144,20,8200,1,0
349,52,24,15.6,170,63,28000,3,1
350,39,44,2.3,83,22,5900,2,0
351,50,15,3.9,349,107,17800,2,0
352,57,35,5.7,65,44,7900,1,0
353,50,77,25.9,92,56,41700,2,0
354,66,94,8.9,527,149,31800,0,0
355,20,39,3.1,444,73,14300,0,0
356,55,25,2.9,106,31,9600,0,0
357,61,94,4.2,513,111,17000,4,0
358,35,63,2.2,56,18,7200,1,0
359,49,67,6.7,500,108,22900,2,0
360,41,25,34.1,171,65,54700,1,0
361,42,89,6.0,82,38,11800,1,0
362,57,88,8.5,572,132,32300,1,0
363,59,3,4.9,546,135,19400,5,1
364,37,9,4.8,465,125,20500,1,0
365,59,54,51.2,552,84,93200,0,0
366,37,8,3.4,121,38,9300,5,1
367,51,94,6.1,105,44,13300,0,0
368,26,86,7.4,91,45,9700,0,0
369,47,90,16.5,189,42,30300,4,0
370,51,83,21.7,167,70,39500,3,1
371,44,95,33.0,160,99,57500,3,1
372,39,55,33.4,99,87,51500,3,1
373,46,23,2.0,124,43,9500,0,0
374,46,58,2.2,109,41,3600,0,0
375,57,90,34.1,142,85,56000,2,0
376,35,24,7.3,110,48,13400,0,1
377,32,62,32.5,163,56,47600,1,0
378,37,72,48.1,778,93,95000,1,0
379,69,60,2.5,86,10,9100,0,0
380,36,64,9.6,456,62,27100,1,0
381,64,43,7.9,350,127,21600,3,1
382,38,89,5.6,67,50,14400,1,0
383,46,23,24.1,150,53,40800,0,0
384,51,86,50.5,663,89,93700,1,0
385,18,74,5.2,73,17,10400,0,0
386,57,89,6.9,348,107,20700,2,1
387,26,88,9.0,369,74,26000,5,1
388,38,52,31.0,123,63,50100,1,0
389,22,54,32.4,738,147,68200,0,0
390,43,61,8.8,597,138,26900,2,0
391,50,74,25.9,176,37,45800,2,0
392,37,28,3.4,508,122,16900,1,0
393,56,50,23.6,118,90,41000,2,0
394,30,30,6.4,441,144,20600,2,0
395,55,83,2.2,141,23,7100,0,0
396,27,35,49.8,608,143,93300,1,1
397,25,61,21.4,99,45,37600,2,0
398,52,57,5.4,93,14,10700,1,0
399,24,8,18.5,156,31,33300,2,1
400,58,3,54.5,596,154,97900,1,1
401,50,42,8.7,565,69,25300,0,0
402,62,18,20.1,163,55,31200,1,0
403,47,53,19.8,157,70,35500,4,1
404,31,38,20.6,91,83,34300,1,0
405,46,67,52.6,671,87,96200,0,0
406,23,82,7.3,68,36,4800,1,0
407,35,9,32.5,564,141,67000,0,1
408,65,34,33.3,562,158,66400,0,0
409,22,78,6.1,97,45,9300,0,0
410,42,1,2.7,118,48,4800,1,0
411,27,40,33.4,118,78,54100,0,0
412,47,35,9.9,549,81,29200,3,1
413,33,11,54.9,511,178,98100,1,1
414,50,73,49.2,680,87,94700,0,0
415,59,94,2.1,118,24,6100,1,0
416,25,12,2.5,83,35,4900,2,1
417,69,44,16.9,191,66,29600,1,0
418,47,61,24.1,178,85,40800,1,0
419,56,84,7.0,410,88,18500,3,1
420,46,10,5.1,104,40,12200,2,0
421,66,48,5.7,463,83,20700,2,0
422,41,4,48.6,434,160,82600,0,0
423,23,61,40.3,612,126,77200,0,1
424,60,95,57.4,697,101,105500,3,1
425,18,82,30.2,468,110,63500,1,0
426,67,52,28.9,609,124,58900,1,0
427,47,49,2.2,114,19,6200,0,0
428,26,83,36.5,680,116,69900,2,0
429,44,12,2.7,104,22,6200,1,1
430,46,7,3.0,80,17,8300,1,1
431,57,85,16.4,140,87,27400,2,0
432,35,69,54.4,573,120,100200,0,0
433,57,20,5.0,484,59,21900,3,0
434,39,27,22.7,93,86,38300,2,1
435,24,29,18.1,181,80,29700,1,0
436,49,79,58.3,757,106,106900,1,0
437,49,4,9.6,474,128,28700,2,0
438,41,21,3.2,75,39,5300,2,1
439,59,75,3.0,92,12,8600,1,0
440,18,56,34.2,103,64,53200,1,0
441,41,27,3.0,76,37,7600,0,0
442,31,94,28.0,116,51,44600,3,1
443,51,56,7.1,102,11,16100,2,0
444,43,24,15.3,183,68,25700,1,0
445,37,56,33.4,783,151,71700,0,0
446,68,56,3.9,528,75,18400,1,0
447,50,92,2.2,96,35,6600,2,0
448,68,39,5.7,133,47,13600,1,0
449,18,75,15.9,175,74,25100,1,0
450,30,16,5.5,471,74,22000,1,1
451,24,51,32.7,93,48,54000,3,1
452,58,17,6.7,60,34,12400,2,1
453,36,42,5.6,56,42,8800,1,0
454,33,7,6.5,84,38,13300,3,0
455,48,79,53.3,703,94,99100,0,0
456,19,79,4.4,583,99,23300,0,0
457,40,36,21.2,195,57,37800,4,1
458,36,13,8.8,346,115,21100,1,0
459,69,17,31.9,187,88,54000,4,1
460,39,60,33.1,182,77,49700,1,0
461,62,66,22.3,86,59,36200,4,1
462,26,3,24.4,86,66,38900,1,0
463,55,66,43.6,696,114,82500,4,1
464,45,89,8.5,307,60,21000,1,0
465,29,4,5.6,310,125,16200,3,1
466,53,88,5.7,78,23,9100,1,0
467,54,24,16.3,117,84,26300,2,0
468,43,92,15.9,102,62,24500,3,0
469,39,93,6.5,115,27,9700,1,0
470,53,78,16.0,184,66,29600,0,0
471,66,48,7.9,146,35,13900,0,0
472,65,41,3.3,84,25,10100,2,0
473,67,20,6.6,528,107,24300,0,0
474,34,13,5.6,528,86,21700,2,0
475,30,57,7.2,384,125,21300,0,0
476,60,9,2.5,77,34,5800,3,1
477,44,13,6.6,100,26,11600,1,0
478,53,29,3.5,124,46,6900,1,0
479,57,35,3.4,75,37,6400,0,0
480,68,15,7.6,132,47,18300,1,0
481,51,12,35.5,768,106,75100,1,1
482,66,72,27.0,761,155,62500,1,0
483,19,68,3.3,84,15,10100,0,0
484,55,85,7.1,76,48,15100,0,0
485,33,54,55.6,538,158,97000,1,0
486,64,80,31.8,180,67,55000,1,0
487,63,54,30.7,159,44,51100,4,1
488,38,84,15.5,179,93,27900,1,0
489,68,71,6.9,85,42,16000,2,0
490,60,71,23.3,113,73,38700,1,1
491,29,78,9.8,531,146,26100,3,0
492,25,54,22.7,144,32,39000,0,0
493,44,53,7.3,415,79,19100,0,0
494,68,95,7.7,104,22,12800,0,0
495,69,5,7.7,387,109,20700,5,1
496,66,41,44.3,763,192,88900,2,0
497,20,41,3.9,140,10,11700,4,1
498,31,57,28.0,151,71,46400,3,1
499,53,47,6.2,512,144,20500,2,0
500,34,25,4.3,79,20,7600,3,1
501,32,14,41.9,451,191,74400,0,0
502,32,48,24.7,131,100,41100,2,0
503,38,89,20.7,101,59,33700,1,0
504,18,39,34.4,673,116,70700,0,1
505,66,32,7.6,78,44,15300,4,1
506,64,24,49.0,494,152,88000,0,0
507,36,23,4.8,132,48,11200,4,1
508,27,66,27.6,160,69,42900,4,0
509,50,55,32.1,161,97,56000,3,0
510,55,75,15.6,134,48,25700,2,1
511,42,11,2.9,144,17,5300,1,1
512,43,37,2.2,86,50,4300,0,0
513,30,88,28.6,131,41,42500,2,0
514,61,85,27.9,793,168,64700,2,0
515,44,53,39.9,612,198,76500,0,0
516,32,40,32.1,98,33,53400,3,0
517,32,22,40.1,479,160,76000,1,1
518,26,37,41.7,508,113,79800,1,0
519,22,43,35.0,149,48,54300,6,1
520,26,77,5.2,64,23,10000,1,0
521,54,59,5.8,461,84,22200,0,0
522,62,41,7.4,53,29,12300,2,0
523,66,2,7.9,74,22,15000,3,1
524,43,60,33.3,552,119,65400,0,0
525,37,82,45.6,729,130,86600,0,0
526,26,67,26.5,84,88,42700,5,1
527,29,17,6.8,506,143,24400,4,1
528,46,46,7.8,399,117,18500,1,0
529,34,79,34.8,677,84,70500,1,0
530,35,15,28.0,189,92,45400,1,0
531,62,73,19.4,105,83,30700,1,0
532,19,43,7.2,114,34,14300,1,0
533,22,32,2.1,81,42,5500,2,0
534,33,81,29.3,151,37,50500,2,0
535,59,57,4.1,71,44,8900,0,0
536,38,54,6.9,73,47,8800,3,0
537,45,71,16.8,118,36,27800,0,0
538,61,46,5.8,432,150,21600,2,0
539,65,31,2.5,57,47,3400,0,0
540,60,80,29.8,719,146,65700,0,0
541,49,42,6.6,404,77,20100,0,0
542,48,80,8.0,475,71,25300,4,1
543,61,52,37.7,663,88,71700,0,0
544,65,44,2.9,139,35,8000,0,0
545,67,24,6.0,57,12,10400,1,0
546,26,64,36.6,691,149,74800,2,0
547,62,40,44.1,474,91,82100,1,1
548,45,25,7.0,79,42,9800,0,0
549,66,51,4.5,417,95,20400,0,0
550,59,24,5.4,128,49,12600,1,1
551,21,90,5.0,124,28,13600,1,0
552,52,54,6.6,75,12,13500,3,0
553,27,34,4.7,69,47,10400,0,0
554,53,24,28.1,187,55,49700,1,0
555,69,16,54.5,573,109,96100,0,1
556,54,13,28.7,152,77,44000,5,1
557,27,91,4.7,55,28,7000,1,0
558,39,70,7.5,143,44,14100,1,0
559,66,44,5.7,62,42,12300,2,0
560,34,8,7.0,69,16,11200,0,0
561,31,31,17.3,115,50,27500,4,1
562,22,49,25.3,81,88,42000,2,0
563,47,82,5.1,82,17,10500,1,0
564,30,78,31.6,121,62,51300,0,0
565,64,33,4.7,78,37,9700,0,0
566,39,65,9.8,576,140,29300,3,0
567,65,42,16.2,195,42,32600,2,0
568,59,36,7.5,57,44,10900,0,0
569,65,82,33.6,112,96,56800,0,0
570,34,20,6.7,109,16,10300,0,0
571,63,37,3.0,85,21,8000,0,0
572,52,8,7.0,79,31,11300,0,0
573,35,79,6.7,301,120,17200,3,1
574,18,69,5.2,112,30,9500,3,0
575,45,68,48.5,691,160,90700,0,0
576,49,84,33.0,88,41,55500,6,1
577,31,15,3.3,85,30,5000,1,0
578,37,81,9.6,439,94,26200,1,0
579,36,77,4.5,509,118,22000,1,0
580,58,50,50.8,550,97,91200,0,0
581,18,33,4.6,110,26,6500,2,0
582,63,8,9.7,331,83,22100,1,1
583,66,61,29.7,663,139,65100,0,0
584,45,55,3.7,58,13,3400,3,0
585,63,59,17.2,120,42,27200,0,0
586,54,19,4.0,468,129,17300,1,0
587,43,70,6.5,66,18,14400,2,0
588,57,50,30.6,406,95,57700,0,0
589,33,33,9.8,543,91,29800,0,1
590,66,22,53.1,562,180,95400,0,0
591,19,64,16.4,113,40,25500,4,0
592,68,13,25.3,111,30,42600,2,0
593,30,16,6.0,148,41,13400,0,0
594,58,75,7.7,101,10,12600,2,0
595,31,30,8.6,482,88,27700,4,1
596,47,58,41.9,524,188,76600,0,0
597,37,51,3.1,95,13,4400,2,1
598,35,91,4.6,50,24,9300,0,0
599,65,52,7.8,122,15,13900,0,0
600,61,74,18.7,195,66,32300,2,0
601,53,45,3.8,329,85,16100,0,0
602,37,58,5.4,127,13,9300,2,0
603,26,86,29.4,92,93,45900,2,0
604,60,36,31.4,198,62,55300,3,1
605,47,35,9.3,425,143,28600,1,0
606,46,91,3.6,139,25,13200,2,0
607,43,57,2.9,78,49,9700,1,0
608,68,62,19.0,192,95,32600,0,0
609,57,20,16.5,158,100,28800,3,0
610,69,48,7.7,147,25,15600,0,0
611,41,5,3.7,493,102,21200,1,1
612,56,66,9.9,374,124,24900,0,0
613,61,44,4.6,65,17,9700,1,0
614,65,25,23.9,84,48,43100,2,0
615,44,14,8.0,492,58,24500,2,0
616,36,3,40.7,483,102,72900,0,0
617,19,71,4.9,64,39,8600,0,0
618,38,6,4.0,474,52,17100,5,1
619,29,83,6.6,52,45,12900,3,0
620,66,1,4.2,443,58,14200,1,0
621,62,18,23.9,96,62,41600,2,1
622,44,80,27.8,789,147,61200,1,0
623,28,53,6.9,330,69,20400,0,0
624,42,26,8.0,107,45,15100,1,0
625,52,58,4.0,463,107,19500,1,0
626,24,46,6.7,139,41,12300,2,0
627,69,5,9.9,324,59,27100,1,0
628,51,21,2.1,61,29,6100,4,1
629,56,70,2.6,81,26,7000,0,0
630,45,45,4.5,541,63,19800,1,0
631,61,63,7.0,118,38,15000,2,0
632,54,24,8.4,333,85,22800,4,1
633,51,48,8.0,389,118,19500,2,0
634,36,6,9.0,595,87,28400,1,0
635,68,39,37.4,553,176,71400,0,0
636,44,20,18.0,110,59,30800,3,0
637,24,85,5.2,88,14,10300,2,0
638,36,45,7.8,126,37,17100,0,0
639,25,4,20.3,104,88,39000,0,1
640,28,71,6.0,101,43,15600,2,0
641,29,46,4.8,383,86,17700,2,1
642,25,31,3.5,117,35,10600,0,0
643,58,58,2.3,105,42,7800,0,0
644,39,83,56.9,465,144,99000,0,0
645,19,42,3.7,413,51,16800,3,1
646,66,1,6.1,93,20,8700,5,1
647,55,40,5.8,106,25,13100,2,1
648,57,95,3.9,343,116,18800,0,0
649,52,12,4.1,589,123,23800,1,0
650,52,84,4.2,142,37,9200,1,0
651,69,83,33.1,103,40,54200,1,0
652,20,51,53.4,413,188,89600,0,0
653,41,19,4.2,127,36,8500,1,0
654,26,42,58.6,457,163,100500,0,0
655,60,30,31.7,169,36,52500,0,0
656,54,34,6.7,134,30,10200,1,0
657,32,66,4.2,454,75,21900,3,0
658,21,32,2.7,132,28,3700,0,0
659,51,28,21.0,129,69,34500,4,1
660,67,10,17.0,179,90,33600,3,1
661,33,91,7.6,116,38,15200,3,0
662,49,67,39.2,694,147,79000,0,0
663,35,87,9.2,385,69,25400,3,0
664,61,13,4.9,55,40,13500,0,0
665,60,33,4.9,104,23,8600,0,0
666,68,47,2.2,101,21,5700,2,0
667,69,65,21.8,188,42,37500,3,0
668,58,95,5.9,120,44,9000,3,0
669,46,65,27.9,168,37,48900,6,1
670,36,61,4.6,516,117,23700,3,1
671,59,49,26.0,716,198,60500,1,1
672,44,40,4.0,127,19,5900,1,0
673,51,17,6.7,81,25,13200,3,1
674,25,9,29.3,197,69,51900,2,1
675,24,30,30.2,85,72,46600,1,0
676,55,20,29.2,138,62,48800,3,1
677,63,90,25.1,197,82,44500,2,0
678,36,64,3.2,547,121,20500,0,0
679,41,55,3.2,102,45,9800,0,0
680,35,85,5.8,68,39,10100,1,0
681,42,62,22.3,110,40,35900,0,0
682,37,13,3.3,89,21,7300,0,0
683,32,89,8.0,487,89,21900,1,0
684,42,33,30.6,161,77,51000,1,0
685,47,14,38.1,464,129,70400,1,0
686,43,14,4.5,467,105,18100,2,0
687,52,42,5.3,142,18,11300,5,1
688,29,64,2.2,73,15,4700,3,0
689,34,23,6.2,531,76,23400,0,0
690,20,42,34.9,130,53,56600,2,0
691,66,64,6.4,78,46,10700,1,0
692,31,47,5.1,507,110,24600,3,1
693,50,78,20.6,112,91,35300,1,0
694,65,59,8.0,467,145,25800,3,0
695,39,38,9.2,554,145,28100,0,0
696,43,15,40.1,694,104,78600,0,1
697,66,70,4.8,331,121,17200,0,0
698,66,35,59.0,432,99,101900,0,0
699,61,60,7.3,94,12,11700,0,0
700,33,63,6.7,103,14,15700,0,0
701,28,88,6.7,89,25,10800,0,0
702,46,93,39.2,677,98,80300,0,0
703,41,32,6.2,146,38,11600,2,1
704,41,9,20.1,193,65,34500,1,0
705,26,51,23.3,85,46,36400,4,0
706,69,88,7.9,553,125,28100,3,0
707,69,92,28.0,107,46,45700,2,0
708,33,65,6.5,121,34,16000,0,0
709,27,43,27.0,195,83,46200,1,1
710,46,64,2.4,107,26,9000,1,0
711,25,13,4.4,142,45,9500,2,0
712,54,17,8.5,398,115,24000,1,0
713,63,44,4.6,65,43,6800,0,0
714,43,90,42.1,506,93,81900,0,0
715,60,3,23.8,114,52,39200,0,0
716,41,56,3.5,89,31,6700,0,0
717,39,15,9.8,349,134,24300,1,0
718,56,83,6.7,140,29,14000,2,0
719,44,66,7.7,54,47,12200,2,0
720,53,52,38.7,598,125,73000,1,0
721,36,46,6.0,92,17,11600,1,0
722,43,5,7.0,525,135,21500,1,0
723,62,81,5.4,94,34,7900,3,0
724,43,20,25.3,143,59,43800,2,1
725,68,7,8.3,527,141,27800,3,1
726,64,81,5.9,139,17,12700,1,0
727,33,29,6.8,114,43,11500,3,1
728,30,43,16.0,150,53,29700,4,1
729,69,73,29.1,168,78,50500,6,1
730,37,68,2.9,106,19,8400,0,0
731,65,40,29.6,94,71,50400,1,0
732,35,67,50.6,500,111,89900,1,0
733,40,92,4.8,110,48,11400,0,0
734,61,14,3.2,556,68,19600,3,0
735,52,15,7.4,82,18,12300,0,0
736,63,44,15.9,169,51,28800,4,1
737,44,54,26.8,180,99,47300,3,1
738,57,77,18.4,99,65,29600,2,0
739,63,33,8.0,571,102,26400,1,0
740,26,8,4.9,449,123,21400,2,1
741,46,14,10.0,449,74,26700,0,0
742,58,15,3.9,468,119,20100,4,1
743,43,19,56.9,583,191,100400,1,1
744,60,63,5.9,129,26,12300,0,0
745,19,68,3.7,413,141,16700,1,0
746,58,43,16.8,126,33,28500,0,0
747,62,80,2.2,87,37,4500,0,0
748,24,69,7.1,94,38,16100,1,0
749,66,31,8.4,579,55,28000,1,1
750,48,80,8.9,417,56,23700,0,0
751,69,24,5.3,62,20,12400,1,0
752,43,55,33.5,186,83,54100,2,1
753,54,22,5.7,98,38,10400,3,1
754,32,18,22.0,124,85,38400,2,1
755,37,6,16.1,174,52,29700,1,0
756,34,9,3.3,586,85,21100,4,1
757,40,12,6.7,116,10,14000,2,1
758,55,46,3.7,84,15,8300,2,0
759,31,80,15.2,150,98,26100,1,0
760,29,18,5.5,543,148,26300,3,1
761,24,23,8.3,309,99,23900,0,0
762,44,16,32.3,149,33,54500,2,1
763,50,51,33.4,171,40,53300,1,1
764,24,23,8.2,444,98,23400,1,1
765,51,24,45.1,668,80,87700,0,0
766,33,32,34.8,189,52,56300,2,1
767,32,54,58.6,610,118,103800,1,0
768,52,86,4.0,121,24,9100,5,1
769,50,67,3.5,63,50,6700,0,0
770,64,85,7.2,128,18,14500,2,0
771,60,52,3.1,454,128,13300,2,0
772,36,73,54.8,496,150,94700,0,0
773,34,15,18.5,183,94,29500,1,0
774,19,7,6.9,399,148,21600,4,1
775,35,12,2.5,65,11,6400,0,0
776,43,57,17.6,82,32,27400,2,0
777,21,13,21.0,124,35,35400,1,0
778,44,75,23.1,123,83,39500,0,0
779,60,6,2.6,57,30,7000,3,1
780,65,86,8.8,448,104,25600,2,0
781,40,49,9.3,443,136,27000,5,1
782,49,62,4.6,312,69,18300,1,0
783,64,45,9.0,430,51,24800,4,0
784,44,72,34.9,95,79,57300,1,0
785,49,39,33.3,602,83,65400,1,1
786,69,59,27.7,166,98,45400,2,1
787,36,77,33.3,669,96,67300,1,0
788,63,56,29.2,86,83,50900,4,1
789,66,27,3.1,505,145,14500,3,1
790,58,87,6.8,63,17,12800,2,0
791,44,10,2.9,79,48,5000,2,1
792,26,95,32.5,724,172,66500,0,0
793,23,26,34.8,173,37,54400,4,1
794,49,16,7.4,65,29,13300,1,0
795,36,4,9.4,477,81,27500,4,1
796,41,34,25.1,551,174,52000,0,0
797,43,26,6.7,404,135,24400,3,1
798,20,81,52.4,575,163,91200,1,0
799,49,73,44.7,788,189,90400,0,0
800,30,68,27.7,91,91,43600,2,0
801,36,55,7.4,62,24,12600,0,0
802,63,32,3.5,63,21,7700,4,1
803,66,50,6.3,64,46,11500,2,0
804,18,87,3.1,451,54,15600,4,1
805,42,8,51.8,547,177,89700,0,0
806,65,37,7.6,82,45,13300,0,0
807,35,11,5.5,591,127,24100,5,1
808,22,19,8.1,419,70,18300,3,1
809,28,6,6.3,447,108,22300,2,1
810,38,41,2.2,81,44,8500,2,0
811,65,44,3.2,88,14,4300,1,0
812,22,1,3.9,345,67,17500,2,0
813,47,92,6.7,504,59,22000,1,0
814,63,38,30.1,191,92,50900,1,0
815,64,77,2.8,80,41,5100,0,0
816,43,86,3.2,121,26,4300,0,0
817,35,74,56.7,793,107,102500,0,0
818,49,73,9.8,437,146,30300,2,0
819,36,8,47.7,781,106,90400,1,1
820,32,49,4.8,370,66,21100,4,1
821,57,37,25.5,172,75,41600,0,0
822,21,76,6.5,591,133,25200,4,1
823,47,32,3.0,71,31,7900,1,0
824,27,27,8.5,384,72,20900,3,1
825,38,9,4.3,90,28,10800,1,0
826,43,57,18.6,127,72,33700,0,0
827,42,2,29.8,570,130,62800,0,0
828,63,33,30.2,162,66,50000,1,0
829,18,58,53.0,797,149,101700,2,1
830,50,41,30.5,149,36,47900,4,1
831,47,36,6.8,109,33,16400,5,1
832,53,90,6.9,54,31,14000,0,0
833,60,59,2.3,147,29,6500,1,0
834,38,14,25.3,190,95,47100,0,0
835,51,69,7.8,342,99,19900,2,1
836,25,62,2.1,119,38,8100,1,0
837,47,80,21.8,144,92,39200,0,0
838,25,55,38.3,742,88,78500,1,0
839,59,31,32.2,110,96,49500,4,1
840,26,65,34.2,445,108,60900,1,1
841,43,48,3.7,390,135,16700,4,1
842,33,33,25.0,197,72,43700,0,0
843,60,88,8.7,498,62,27700,0,0
844,65,12,2.5,112,38,6700,1,0
845,37,47,20.1,168,61,29200,3,1
846,64,75,8.1,339,136,20200,5,1
847,28,80,3.9,70,49,8300,3,1
848,36,68,3.6,82,31,3900,0,0
849,66,30,8.0,56,32,13200,2,0
850,64,15,3.6,52,13,11800,0,1
851,20,14,4.7,147,37,10900,2,0
852,44,25,3.4,417,105,15100,0,0
853,28,46,21.9,131,50,38000,2,0
854,31,5,22.6,157,35,36000,4,1
855,39,68,6.4,90,30,11500,3,1
856,61,7,7.4,94,45,14000,0,0
857,45,87,15.7,185,85,25100,2,0
858,63,70,10.0,565,64,31000,2,0
859,55,14,2.6,110,23,6900,2,1
860,46,76,32.5,109,39,51900,0,0
861,48,27,9.0,513,55,26000,2,0
862,24,78,50.3,623,131,93700,0,0
863,50,67,6.5,91,44,12200,2,0
864,44,35,25.1,188,99,41000,4,0
865,68,84,22.1,171,85,38800,1,0
866,52,32,2.2,112,26,6600,2,0
867,29,22,7.2,428,99,20300,1,0
868,46,15,53.6,576,115,95300,1,0
869,54,60,4.7,139,44,14100,0,0
870,44,90,15.1,169,59,25500,1,0
871,64,85,6.0,96,46,12000,2,0
872,44,37,19.2,118,81,32800,1,0
873,69,27,57.2,629,84,100100,0,0
874,39,47,20.7,102,48,31200,1,0
875,37,74,5.9,114,38,13300,1,0
876,67,43,6.5,122,41,13200,7,1
877,30,12,9.3,416,81,24000,7,1
878,42,13,51.8,722,108,96000,0,1
879,43,76,32.6,174,92,52400,2,0
880,53,32,15.9,116,71,32100,1,0
881,56,91,8.3,466,59,24600,2,0
882,41,75,5.1,55,20,7500,2,0
883,28,24,40.8,483,172,73700,0,0
884,57,27,20.8,159,72,36600,3,0
885,58,69,2.4,84,46,3600,0,0
886,28,51,3.0,599,106,18900,2,0
887,39,11,6.1,105,35,11400,0,0
888,21,1,2.8,91,38,4400,0,0
889,25,40,6.4,141,45,12400,1,0
890,66,46,3.4,426,51,18100,4,1
891,52,56,5.2,77,21,9700,2,0
892,22,33,29.3,147,31,47500,1,0
893,69,72,4.0,58,44,7500,2,0
894,40,23,32.4,159,81,56300,1,0
895,69,59,7.9,60,33,11500,0,0
896,47,62,4.8,391,100,15700,1,0
897,20,1,26.7,793,89,59500,0,0
898,53,88,2.8,92,23,4300,1,0
899,56,73,19.0,168,31,34600,1,0
900,56,10,21.0,104,56,36300,3,1
901,31,15,9.8,445,121,25700,0,0
902,37,68,7.7,120,29,15200,1,0
903,41,82,5.5,442,86,20900,1,0
904,25,69,7.8,536,121,26300,7,1
905,32,87,7.9,344,115,18200,1,0
906,48,41,15.3,120,98,30000,5,1
907,46,7,7.5,437,51,21100,1,1
908,67,17,24.4,180,45,39100,2,1
909,62,24,3.1,144,29,2700,1,0
910,67,70,2.7,139,25,10900,1,0
911,63,78,26.2,170,89,44500,0,0
912,25,69,34.6,116,89,54700,2,0
913,59,35,4.0,576,131,22800,0,0
914,23,27,6.0,347,70,16100,2,0
915,46,3,2.1,131,29,7900,3,0
916,49,94,20.9,96,57,35200,1,0
917,44,18,9.0,426,90,24100,3,0
918,36,2,27.7,120,76,43900,4,1
919,44,3,3.9,56,37,6100,0,0
920,49,24,30.2,716,137,63200,1,1
921,26,57,32.6,185,40,56300,1,0
922,57,5,7.5,76,23,15900,1,0
923,31,29,23.9,160,74,42100,6,1
924,68,49,6.5,143,38,11400,1,1
925,27,57,5.8,127,31,12000,4,1
926,58,78,6.8,414,128,19900,3,0
927,39,63,6.3,343,80,18600,0,0
928,66,28,16.5,100,66,28200,3,0
929,29,57,2.3,50,41,7400,1,0
930,28,20,20.2,152,61,36400,1,0
931,34,40,22.4,154,53,39100,0,0
932,44,47,24.0,114,91,39100,2,1
933,44,50,2.0,123,50,10300,1,0
934,44,80,7.1,501,76,23000,5,1
935,56,36,2.3,125,37,7400,2,1
936,26,29,3.5,86,29,8000,0,0
937,31,56,7.4,398,97,20700,4,1
938,54,80,8.5,460,148,26600,5,1
939,64,57,7.4,55,39,13800,1,0
940,58,10,3.6,113,42,6700,3,1
941,28,37,32.4,102,47,52800,2,0
942,23,89,28.0,671,135,63300,1,0
943,27,83,3.4,92,31,8500,0,0
944,56,84,22.8,104,90,36700,0,0
945,19,94,3.1,98,35,11100,1,0
946,67,21,4.7,482,149,22100,0,0
947,30,45,16.6,104,70,29900,4,1
948,25,27,15.1,116,62,27500,1,0
949,54,49,8.1,419,79,23200,1,1
950,41,56,20.8,118,78,32600,1,0
951,49,60,3.5,135,20,7900,0,0
952,29,2,21.0,90,88,34000,4,1
953,26,60,57.9,471,92,99400,0,0
954,48,17,7.7,335,77,20700,0,0
955,58,64,25.9,111,87,43700,0,0
956,31,37,8.3,484,59,25400,3,1
957,43,95,4.1,61,12,5900,2,0
958,29,41,20.4,189,51,34400,1,0
959,20,19,35.1,503,143,66600,1,1
960,27,31,6.8,66,32,10000,0,0
961,42,12,56.1,552,95,95900,0,1
962,45,47,9.9,585,138,29100,4,1
963,60,67,8.0,328,110,20100,0,0
964,31,64,26.1,97,54,46100,5,1
965,49,52,4.2,148,21,8400,2,0
966,52,95,4.2,141,12,9500,0,0
967,35,81,5.9,504,59,22100,0,0
968,67,82,15.2,135,42,27700,4,0
969,19,27,5.1,477,53,21000,1,0
970,54,62,5.7,124,49,13100,0,0
971,44,88,5.2,449,58,19500,3,0
972,51,67,57.1,438,118,98300,0,0
973,29,72,6.2,435,136,19900,1,0
974,32,50,3.5,95,23,11800,1,0
975,40,49,6.3,92,18,13300,0,0
976,29,83,5.4,61,49,8500,0,0
977,44,31,6.8,65,38,12200,1,0
978,23,80,4.6,541,80,21400,2,0
979,35,82,28.2,100,39,45200,0,0
980,54,25,5.1,323,63,15900,0,0
981,32,58,6.7,96,48,12300,0,0
982,41,5,5.1,73,39,6900,2,0
983,41,17,37.0,770,171,71600,0,0
984,18,32,36.0,527,142,67000,0,1
985,56,17,5.5,120,44,13200,1,0
986,21,42,5.9,550,106,23500,3,0
987,64,9,20.7,154,99,37500,3,1
988,37,64,4.7,130,50,6800,1,0
989,39,56,9.0,568,100,28300,4,1
990,30,22,2.0,100,28,7100,1,0
991,28,41,30.6,111,36,47200,2,1
992,36,34,33.7,621,150,66100,0,0
993,52,64,8.2,525,116,25600,3,1
994,69,65,7.2,131,33,13800,0,0
995,21,13,6.2,513,144,23400,0,0
996,26,81,3.0,76,15,4100,0,0
997,61,19,40.0,642,119,73900,2,0
998,55,53,23.1,132,53,38600,2,0
999,56,44,8.8,456,83,24000,2,0
1000,36,3,6.3,88,46,11400,3,1
1001,53,52,3.6,80,31,10900,0,0
1002,55,56,24.4,95,79,38700,2,0
1003,18,74,22.1,175,53,36700,2,0
1004,32,21,4.0,531,113,17200,0,0
1005,51,5,4.4,123,17,11100,0,0
1006,52,86,29.7,160,91,48900,1,0
1007,44,91,4.2,93,41,3900,2,0
1008,39,46,21.6,96,78,33900,0,0
1009,27,37,53.8,629,99,97800,1,1
1010,69,73,2.4,52,24,2800,0,0
1011,57,72,5.0,347,58,20700,0,0
1012,23,94,3.0,139,11,10200,0,0
1013,52,73,49.4,624,158,90500,0,0
1014,28,68,24.5,127,54,40500,0,0
1015,61,26,4.1,134,12,9600,2,0
1016,27,53,6.2,512,135,22400,3,0
1017,61,16,35.0,461,171,69000,0,0
1018,58,72,6.6,122,22,14100,2,0
1019,27,85,8.0,79,44,11700,4,0
1020,67,61,5.7,71,17,13400,0,0
1021,68,74,20.2,128,81,32800,2,1
1022,68,78,31.3,526,90,61400,1,0
1023,41,28,48.5,643,112,90600,0,0
1024,47,55,7.7,53,22,15300,2,0
1025,43,16,3.2,119,34,6200,0,0
1026,62,73,32.2,131,84,51400,1,0
1027,27,78,17.5,153,58,28900,4,0
1028,61,50,5.1,57,20,8500,1,0
1029,58,95,5.3,319,65,18600,1,0
1030,61,25,32.1,494,198,58400,0,0
1031,56,79,3.6,73,12,6000,1,0
1032,56,85,4.6,103,27,8400,3,0
1033,18,63,7.7,389,132,22400,7,1
1034,68,48,3.9,103,37,5300,0,0
1035,69,77,6.0,70,20,12800,0,0
1036,20,27,5.7,75,35,11300,1,0
1037,21,49,7.8,530,51,25400,3,1
1038,57,10,6.5,65,50,15200,1,0
1039,42,23,5.5,123,47,17300,0,0
1040,68,75,8.0,314,58,20300,2,0
1041,25,65,4.3,357,100,15100,0,0
1042,55,8,4.0,596,84,19700,2,0
1043,26,16,32.5,146,90,48800,1,1
1044,46,91,52.4,729,177,98700,0,0
1045,63,15,2.4,123,15,8400,2,0
1046,62,6,21.0,195,57,34900,3,0
1047,49,59,16.5,108,92,28400,2,0
1048,32,29,24.4,177,43,42800,2,1
1049,60,75,5.2,104,16,8200,0,0
1050,68,55,5.9,60,19,9300,0,0
1051,56,57,44.8,422,140,79200,1,0
1052,26,51,4.1,129,46,9200,2,0
1053,55,55,22.8,172,96,40300,5,1
1054,50,71,28.3,790,181,66100,0,0
1055,29,16,2.6,138,14,8100,1,0
1056,60,8,31.8,81,84,46900,0,0
1057,34,64,15.1,147,82,28300,3,0
1058,55,6,2.6,62,37,4800,0,0
1059,49,8,7.5,120,17,11900,1,0
1060,47,48,6.5,497,75,21800,1,0
1061,41,82,34.7,123,84,53400,4,1
1062,59,19,4.6,118,14,10200,2,0
1063,57,32,5.8,55,26,8200,1,0
1064,35,3,6.4,347,141,21000,2,0
1065,43,24,3.6,494,117,22100,1,0
1066,34,46,24.6,190,64,42500,1,0
1067,49,94,5.0,62,16,10400,2,0
1068,54,58,4.1,426,61,20200,5,1
1069,56,31,6.1,132,47,15900,0,0
1070,41,72,3.4,464,73,15300,2,1
1071,54,25,3.0,78,31,7100,2,0
1072,42,91,46.9,777,142,92200,0,0
1073,34,41,4.0,445,140,19900,1,0
1074,24,10,17.9,172,97,31800,2,0
1075,52,26,16.2,191,76,28000,1,0
1076,34,21,25.9,194,36,45700,2,0
1077,59,77,4.5,589,92,19500,3,0
1078,36,44,20.7,103,31,30500,3,1
1079,46,16,3.6,521,86,17200,2,0
1080,52,22,4.2,101,25,8000,3,0
1081,51,1,21.1,142,31,35700,3,1
1082,56,63,3.8,505,92,19600,4,1
1083,24,20,28.2,83,65,46200,1,0
1084,27,30,37.0,573,83,73300,1,0
1085,31,63,20.5,114,54,36200,0,0
1086,39,11,7.3,63,20,10900,0,1
1087,21,1,29.2,672,167,62600,2,0
1088,65,4,27.4,152,95,45600,5,1
1089,52,48,19.2,133,67,30300,1,0
1090,68,33,6.6,320,100,20400,0,0
1091,29,12,57.7,681,144,103900,0,0
1092,22,59,3.5,143,38,6200,1,0
1093,39,68,55.9,489,120,97900,1,0
1094,66,73,21.1,121,59,36100,2,0
1095,47,28,26.3,143,82,44600,6,1
1096,39,41,2.5,75,17,8000,0,0
1097,22,79,53.0,548,168,93300,1,0
1098,24,56,53.6,794,114,100400,0,0
1099,27,79,30.3,198,99,50000,2,0
1100,59,84,5.0,147,39,14700,2,0
1101,33,68,58.2,627,97,103700,0,0
1102,68,60,3.5,148,44,9000,1,0
1103,51,11,6.5,85,16,11000,5,1
1104,33,30,31.0,189,91,53900,1,0
1105,46,10,25.9,122,64,41700,4,1
1106,18,6,2.4,98,11,5100,1,1
1107,55,90,6.0,89,26,15700,1,0
1108,35,90,4.7,116,23,10300,2,0
1109,20,5,7.3,121,18,14700,1,0
1110,28,10,7.7,111,42,13900,0,0
1111,47,13,2.7,60,19,3300,5,1
1112,21,89,6.1,131,21,12600,1,0
1113,36,79,30.0,192,32,50200,1,0
1114,26,63,6.2,114,49,15100,1,0
1115,18,56,3.2,583,119,20600,2,0
1116,66,48,29.9,152,87,51600,2,1
1117,29,19,2.8,69,38,3400,2,0
1118,31,59,9.2,443,91,25900,3,0
1119,46,29,7.4,378,82,26600,3,1
1120,33,59,16.2,138,100,27200,5,1
1121,67,77,5.0,117,47,13500,2,0
1122,47,34,7.3,582,104,27300,3,1
1123,27,86,6.8,390,66,20500,2,0
1124,31,27,42.7,714,197,85700,1,0
1125,62,70,4.0,468,144,16600,2,0
1126,65,89,25.0,102,81,42500,1,0
1127,69,74,5.4,67,41,11700,4,1
1128,19,54,2.6,68,12,7300,2,0
1129,47,90,3.4,79,15,8400,1,0
1130,33,64,8.2,372,81,23500,4,1
1131,65,79,25.9,127,48,39400,1,0
1132,62,53,4.0,144,15,9300,1,0
1133,48,56,2.4,84,39,8100,1,0
1134,31,33,3.9,52,15,8500,3,0
1135,61,10,8.2,514,124,25300,1,0
1136,27,13,3.8,102,12,7800,4,1
1137,18,57,7.6,102,30,14600,4,1
1138,49,79,19.9,184,41,33500,3,0
1139,55,15,3.0,147,33,8700,2,0
1140,57,59,6.2,506,96,22800,5,1
1141,50,80,34.0,194,51,56100,0,0
1142,46,84,34.1,168,34,57700,5,1
1143,37,27,37.0,524,130,66300,1,0
1144,67,48,4.1,530,135,19700,1,0
1145,55,18,4.4,107,36,12400,3,0
1146,30,47,3.4,60,13,6900,1,0
1147,20,95,34.4,161,81,57200,4,1
1148,56,34,7.9,145,41,16300,0,0
1149,43,83,7.8,425,97,20700,1,0
1150,39,64,8.3,485,139,26300,3,0
1151,54,91,6.3,64,22,11400,0,0
1152,52,75,50.4,763,176,96300,0,0
1153,39,20,34.0,164,84,56200,1,0
1154,67,91,6.1,135,41,11400,1,0
1155,55,74,7.1,366,95,24200,2,0
1156,55,51,5.1,317,113,13300,2,0
1157,30,31,7.6,381,108,18200,0,0
1158,43,39,57.3,737,162,106100,0,0
1159,25,55,31.2,552,161,59900,1,0
1160,31,7,34.8,93,32,57900,3,0
1161,21,80,17.6,103,58,27500,1,0
1162,38,48,5.5,96,39,12700,5,1
1163,29,84,31.9,101,76,48400,4,1
1164,22,60,7.8,120,31,13500,0,0
1165,37,74,3.5,105,24,10700,0,0
1166,31,2,6.0,370,76,21700,4,1
1167,44,85,3.7,137,35,6700,1,0
1168,55,85,2.5,134,17,3800,1,0
1169,67,49,8.5,355,81,25100,3,0
1170,56,88,21.7,138,32,35400,2,0
1171,53,10,28.0,102,69,45800,2,1
1172,34,67,3.8,374,94,16700,1,0
1173,66,81,3.0,78,40,8600,0,0
1174,30,41,7.2,84,34,13600,0,0
1175,61,13,30.1,193,85,51700,2,1
1176,59,93,7.2,83,47,11900,2,0
1177,30,21,8.7,540,58,24300,4,0
1178,31,13,39.3,501,108,70300,0,0
1179,31,41,9.6,549,109,29100,0,0
1180,24,25,38.9,620,100,76500,0,0
1181,68,7,3.7,58,49,4800,2,0
1182,55,90,20.2,161,63,32900,2,0
1183,48,65,47.5,664,175,89900,1,0
1184,19,36,6.6,590,58,25300,1,0
1185,25,8,21.6,122,60,37500,2,0
1186,59,90,5.2,384,82,17600,0,0
1187,34,52,3.8,66,23,8500,1,0
1188,33,19,2.8,122,49,5800,0,0
1189,28,2,7.3,76,38,9400,2,1
1190,67,64,43.3,647,87,86100,0,0
1191,46,46,7.6,53,33,11300,1,0
1192,41,60,38.2,631,107,73100,1,1
1193,53,45,2.2,83,40,8600,1,0
1194,30,46,6.6,361,88,23200,1,0
1195,43,83,31.4,162,92,54500,0,0
1196,57,90,3.1,93,31,6700,1,0
1197,42,2,8.8,574,69,26700,3,1
1198,66,44,6.8,358,53,19900,1,0
1199,32,57,4.9,580,145,23400,3,1
1200,54,61,9.6,373,81,25100,2,0
1201,23,67,5.2,385,65,20500,0,0
1202,50,26,4.6,561,70,21400,0,0
1203,23,37,31.2,140,98,49600,2,0
1204,19,90,55.0,709,120,100200,1,1
1205,31,21,23.4,188,63,39300,1,0
1206,19,41,6.4,88,15,10200,0,0
1207,42,41,41.2,483,155,74500,1,0
1208,31,20,7.7,139,44,18100,4,1
1209,30,52,23.7,118,54,41200,0,0
1210,36,86,5.6,335,59,19100,1,0
1211,40,56,3.9,360,69,14300,3,1
1212,59,54,6.8,84,29,10300,2,1
1213,48,58,6.8,70,49,13500,0,0
1214,65,86,21.7,109,93,37100,2,0
1215,45,7,33.2,193,37,54100,2,1
1216,62,8,4.7,576,83,21400,1,1
1217,31,76,3.8,130,46,8300,1,0
1218,24,80,9.0,581,141,30800,0,0
1219,25,66,4.4,399,98,15900,2,0
1220,53,58,49.7,510,151,88300,0,0
1221,49,56,7.7,557,76,22100,3,1
1222,51,91,5.2,562,132,22600,2,0
1223,61,55,17.2,93,60,29400,1,0
1224,23,81,57.5,468,85,98000,1,0
1225,29,69,5.9,128,49,9100,0,0
1226,60,22,8.3,518,72,26000,1,0
1227,55,28,5.3,324,72,16100,4,1
1228,57,32,3.7,460,97,20700,2,0
1229,66,78,3.6,99,36,7900,2,0
1230,47,32,3.6,54,20,9800,1,0
1231,40,20,26.8,506,179,54100,0,0
1232,51,52,7.6,537,148,25100,1,0
1233,44,27,4.0,82,39,7800,2,0
1234,65,94,27.5,114,50,45000,0,0
1235,47,85,4.3,571,141,22100,4,1
1236,26,91,38.0,494,191,70300,0,0
1237,64,33,16.1,126,96,26500,1,0
1238,23,71,7.6,108,13,14600,2,0
1239,43,51,5.7,138,16,12600,0,0
1240,54,31,4.5,50,11,7900,1,1
1241,25,24,5.4,103,29,10200,3,1
1242,22,86,6.5,56,13,10400,3,0
1243,45,84,8.7,412,93,22400,2,0
1244,22,65,8.5,370,70,23000,3,0
1245,18,73,24.0,133,69,41400,1,0
1246,59,57,42.5,510,128,79900,1,0
1247,60,34,5.2,121,32,10500,0,0
1248,39,80,4.2,110,39,7800,1,0
1249,41,9,6.7,418,57,18900,2,0
1250,30,90,23.8,89,37,39200,0,0
1251,23,13,5.9,117,35,11400,0,0
1252,40,92,56.2,706,100,103300,0,0
1253,50,72,9.2,543,76,27500,2,0
1254,59,41,7.9,543,84,24600,1,0
1255,40,47,28.9,95,85,45100,7,1
1256,65,54,6.0,421,137,17000,3,1
1257,37,59,6.7,137,35,15200,4,1
1258,43,28,7.8,79,21,13900,1,0
1259,27,32,3.8,584,66,20000,3,1
1260,19,33,22.8,136,78,39600,1,0
1261,35,76,34.2,196,38,56200,2,0
1262,26,86,2.1,79,30,3000,4,1
1263,46,70,5.1,67,44,9800,0,0
1264,52,20,50.3,796,153,96100,1,1
1265,20,71,54.3,663,188,102000,0,1
1266,64,15,7.1,576,147,25400,3,0
1267,27,73,2.8,73,32,6100,1,0
1268,25,54,2.5,109,42,8500,3,0
1269,34,6,5.0,126,23,11900,0,0
1270,22,61,7.6,343,63,18800,2,1
1271,42,67,2.5,68,27,4800,1,0
1272,39,67,3.3,87,41,6000,1,0
1273,63,19,3.1,64,13,7000,2,0
1274,63,13,6.6,441,139,21800,3,1
1275,22,79,30.2,160,86,50500,2,1
1276,64,75,42.6,737,182,84200,2,0
1277,46,38,3.5,142,15,9900,0,0
1278,24,5,7.6,79,39,10700,0,0
1279,52,17,4.6,314,72,16600,4,1
1280,65,58,3.6,61,19,10300,2,0
1281,50,21,9.4,544,53,29600,1,0
1282,42,38,9.6,417,90,28100,3,1
1283,49,51,4.4,125,22,8600,1,0
1284,48,49,4.2,84,47,10300,1,0
1285,22,23,5.4,599,92,24400,2,1
1286,27,62,2.0,95,22,5200,1,1
1287,57,88,26.8,525,196,60300,0,0
1288,33,17,2.6,61,27,3600,0,0
1289,30,80,5.0,52,17,11000,2,0
1290,59,43,4.2,540,142,18100,1,0
1291,54,74,2.0,92,19,4400,2,0
1292,21,63,47.4,785,115,90400,0,0
1293,50,77,21.4,165,44,37800,3,0
1294,61,47,5.1,96,46,12700,0,0
1295,44,32,6.8,81,50,12500,1,0
1296,54,39,27.0,101,58,43400,0,0
1297,52,61,33.8,547,134,64000,1,0
1298,59,29,6.6,92,40,13800,2,0
1299,36,49,20.7,190,46,37500,1,0
1300,38,5,31.7,171,88,51100,1,0
1301,36,70,5.2,378,50,18900,0,0
1302,54,30,5.5,399,50,16600,2,1
1303,29,46,4.6,66,33,11100,0,0
1304,64,42,19.5,165,41,34000,1,0
1305,43,71,57.4,639,190,101800,1,1
1306,35,43,55.5,649,129,100900,0,0
1307,54,84,21.0,83,53,35800,1,0
1308,51,22,44.8,669,145,86700,0,0
1309,56,61,5.4,75,12,10800,2,0
1310,59,50,5.7,571,110,21800,1,0
1311,62,35,46.5,504,93,82100,1,0
1312,20,52,24.0,150,45,43500,2,1
1313,35,25,4.5,317,117,16100,2,1
1314,49,66,5.4,132,22,13300,2,1
1315,39,38,8.2,519,100,26100,2,1
1316,52,47,8.0,484,91,27100,1,0
1317,60,72,24.3,132,86,39000,1,0
1318,18,65,20.2,108,95,33900,2,1
1319,69,22,2.4,100,49,8300,2,0
1320,58,65,9.1,581,121,32100,2,0
1321,62,72,22.3,176,52,38700,1,0
1322,48,33,7.3,426,87,25300,3,1
1323,24,74,2.8,139,26,8700,2,0
1324,51,87,3.5,484,79,18800,2,0
1325,45,28,6.7,107,27,12100,2,1
1326,57,81,9.1,308,72,21600,1,0
1327,55,36,5.5,85,14,8400,2,0
1328,18,7,5.7,89,21,11600,1,0
1329,47,84,7.9,114,30,14600,0,0
1330,60,59,16.5,97,56,28200,5,1
1331,49,74,32.7,411,86,59200,2,1
1332,68,72,4.5,133,33,10600,2,0
1333,29,86,33.4,114,80,58500,4,1
1334,21,89,2.7,118,48,7400,2,0
1335,30,19,27.1,110,79,45400,3,1
1336,25,85,2.2,147,21,8200,3,0
1337,55,9,2.2,83,41,3300,2,0
1338,32,75,24.2,174,97,42700,0,0
1339,54,81,6.3,106,48,9700,2,0
1340,41,85,4.0,69,33,10100,0,0
1341,37,59,3.9,334,112,14400,2,0
1342,31,29,3.8,123,11,7900,0,0
1343,38,74,51.7,789,177,97800,3,0
1344,58,61,7.5,110,11,10700,2,0
1345,36,83,55.0,479,186,96200,0,0
1346,38,16,4.9,134,26,10300,1,0
1347,27,58,45.7,623,119,88000,3,1
1348,32,92,2.8,99,50,7700,1,0
1349,55,13,4.1,68,36,5800,1,0
1350,47,2,7.0,119,50,16400,1,0
1351,25,33,9.6,564,55,28400,0,0
1352,26,88,5.6,123,36,12800,3,0
1353,59,10,5.1,77,19,10600,2,0
1354,36,50,9.8,481,142,27000,4,1
1355,66,19,4.0,138,27,6200,4,1
1356,42,40,20.4,109,49,31200,3,0
1357,61,17,15.2,168,42,26400,6,1
1358,48,4,5.1,116,46,12700,0,0
1359,39,16,28.7,437,117,56200,0,0
1360,38,12,20.4,150,52,36300,4,1
1361,66,44,5.4,94,42,7800,1,0
1362,33,38,5.0,489,114,17600,1,0
1363,27,52,48.6,747,91,92700,0,0
1364,58,18,4.3,101,13,6000,0,0
1365,42,13,5.1,71,43,11700,1,1
1366,61,50,44.7,422,164,79500,0,0
1367,62,87,17.3,85,37,30600,2,0
1368,18,55,32.7,85,34,52100,0,0
1369,42,65,18.1,177,81,32000,2,0
1370,65,58,8.3,444,75,23900,3,0
1371,49,9,22.1,179,52,36400,4,1
1372,24,59,4.0,522,84,23200,2,0
1373,51,62,20.4,149,43,32300,2,1
1374,61,87,2.1,131,19,7100,0,0
1375,45,18,25.3,158,94,41000,3,1
1376,60,48,56.1,519,170,95600,3,1
1377,45,34,27.0,159,33,47800,4,1
1378,33,87,20.9,189,100,33700,0,0
1379,54,11,7.1,51,48,10900,2,0
1380,22,92,5.1,310,96,17400,1,0
1381,20,22,16.4,95,47,30700,0,0
1382,52,42,5.0,127,22,10800,1,0
1383,26,9,32.1,172,88,50300,3,1
1384,66,27,20.6,106,70,33900,3,1
1385,52,67,7.8,142,17,16300,4,1
1386,20,65,3.7,60,42,6300,3,1
1387,60,58,30.5,80,56,47200,7,1
1388,64,80,4.3,116,47,11900,5,1
1389,63,72,2.8,140,17,9900,1,0
1390,33,41,34.7,102,40,54500,5,1
1391,68,92,50.5,704,95,95800,0,0
1392,36,28,22.5,110,32,36700,1,0
1393,34,54,21.9,96,47,31700,3,0
1394,31,36,35.8,485,199,69300,0,0
1395,39,62,8.2,401,132,21200,0,0
1396,37,37,7.2,347,93,16400,2,0
1397,43,58,9.3,540,125,29500,2,0
1398,30,7,22.1,187,83,39700,2,1
1399,40,73,3.6,145,36,9900,0,0
1400,67,40,3.7,61,26,8700,2,0
1401,56,94,6.0,61,38,12000,2,0
1402,66,1,5.0,135,19,12500,0,0
1403,21,48,4.7,575,63,22400,3,1
1404,42,30,6.2,493,62,23400,3,1
1405,38,50,3.0,111,30,4400,2,0
1406,31,94,9.6,308,97,21900,5,1
1407,56,25,24.9,179,63,44900,1,0
1408,63,33,22.7,117,95,41700,4,1
1409,21,65,3.6,117,21,11300,1,0
1410,27,4,55.6,719,124,102500,0,0
1411,21,47,7.7,80,12,11900,2,0
1412,69,28,2.4,148,20,6900,1,0
1413,58,87,16.6,132,92,30300,3,0
1414,19,42,26.6,167,73,44200,1,0
1415,45,73,27.3,140,55,45100,0,0
1416,19,5,53.2,418,185,95800,0,0
1417,58,32,4.3,103,36,11000,0,0
1418,20,36,4.7,482,123,23200,2,0
1419,44,85,24.6,152,32,36000,1,0
1420,46,34,9.0,584,129,29900,3,1
1421,41,74,6.4,497,112,24900,3,0
1422,35,9,5.7,539,132,24000,0,1
1423,38,21,40.0,658,194,77600,1,1
1424,44,7,6.4,516,141,26100,2,0
1425,66,30,6.8,63,31,10200,0,0
1426,63,8,26.8,95,90,42800,2,0
1427,52,76,4.3,420,61,18600,1,0
1428,33,44,5.1,481,112,20100,2,0
1429,23,49,28.4,727,139,61100,2,0
1430,48,48,20.7,95,52,32100,5,1
1431,20,52,7.7,89,15,16700,3,0
1432,46,70,5.4,357,90,15800,2,0
1433,41,12,4.6,117,17,9500,1,0
1434,41,85,4.8,534,70,20000,1,0
1435,47,86,4.8,136,17,10100,0,0
1436,22,3,29.4,187,86,50400,3,1
1437,66,23,9.9,407,111,23800,4,1
1438,56,73,5.3,124,30,13600,2,0
1439,57,51,7.5,134,42,13000,2,0
1440,22,51,3.3,52,48,6800,2,0
1441,53,70,54.3,567,132,100400,0,0
1442,23,47,3.1,536,71,19500,2,1
1443,69,47,5.1,415,92,23100,2,0
1444,59,16,22.5,186,76,38300,5,1
1445,60,22,42.3,645,98,81100,1,1
1446,68,95,5.9,132,38,7300,0,0
1447,57,17,9.4,369,73,22900,5,1
1448,37,75,6.9,59,12,14700,4,0
1449,29,63,7.8,366,108,22900,1,0
1450,51,33,3.4,57,11,7500,1,0
1451,65,1,3.0,144,49,9000,0,0
1452,49,5,36.9,777,99,75600,0,0
1453,22,6,3.5,119,44,6900,0,1
1454,65,52,38.8,615,172,76300,0,0
1455,32,93,7.8,537,80,23000,1,0
1456,69,69,4.7,405,63,17900,1,0
1457,31,36,4.0,549,146,23000,2,0
1458,61,79,56.8,710,126,103200,1,0
1459,68,83,2.1,124,25,5600,2,0
1460,61,67,43.2,678,97,83700,1,1
1461,32,39,5.9,51,39,8600,1,0
1462,38,18,6.7,111,17,12700,1,0
1463,56,77,33.9,737,96,67600,0,0
1464,19,32,4.5,84,14,10700,2,0
1465,44,70,30.7,157,61,51500,4,1
1466,63,9,5.4,495,102,22400,3,1
1467,43,53,5.7,119,36,10400,1,1
1468,23,17,6.1,573,59,25900,0,0
1469,24,61,4.5,396,84,18900,0,0
1470,60,41,6.1,597,96,24800,1,0
1471,59,32,6.7,136,49,10900,4,1
1472,56,45,5.7,380,140,19700,2,0
1473,56,46,7.8,317,126,19400,2,0
1474,43,33,2.7,84,39,3800,1,0
1475,65,9,32.3,473,95,62700,0,0
1476,21,78,52.5,535,191,94000,0,0
1477,41,58,7.1,113,14,13900,1,0
1478,20,67,28.7,783,143,64900,0,0
1479,26,3,49.9,596,89,88400,0,0
1480,57,65,5.9,129,23,9100,3,1
1481,47,41,5.3,561,121,24500,2,0
1482,29,70,44.8,451,199,78700,1,0
1483,32,41,3.1,454,133,18100,1,0
1484,37,14,4.0,107,18,8800,0,0
1485,65,31,33.5,178,88,55800,3,1
1486,29,53,27.8,92,99,45500,2,1
1487,36,71,28.7,187,77,48400,2,1
1488,44,35,26.7,130,89,41400,1,0
1489,32,63,4.5,132,11,7300,4,1
1490,58,16,7.9,96,12,15200,1,0
1491,39,88,4.7,70,16,4700,2,0
1492,65,61,23.1,118,49,38300,4,0
1493,27,11,21.0,86,47,35400,3,1
1494,60,9,48.5,764,152,90900,2,1
1495,35,54,3.7,103,33,5100,0,0
1496,54,23,4.8,109,15,7900,0,0
1497,51,3,31.8,507,138,59300,0,0
1498,42,82,5.9,563,58,25200,1,0
1499,69,69,2.1,86,41,6500,0,0
1500,23,40,9.6,314,62,21400,1,0
1501,37,71,3.9,131,26,8700,3,0
1502,53,85,57.9,732,190,107000,1,0
1503,62,63,3.5,112,46,8600,0,0
1504,37,3,6.8,409,85,23600,2,0
1505,41,11,32.9,171,77,55900,1,0
1506,45,38,21.9,160,98,38000,2,0
1507,40,82,5.0,60,36,11000,1,0
1508,20,57,24.4,187,89,41500,0,0
1509,49,63,7.5,95,42,15700,4,1
1510,56,61,5.7,339,88,18400,3,0
1511,57,46,31.4,152,33,49200,0,0
1512,59,23,31.0,84,36,49300,1,0
1513,55,43,33.3,152,52,55900,2,1
1514,40,49,7.5,397,66,21100,1,0
1515,62,47,31.7,557,187,61400,2,1
1516,62,29,17.5,138,55,35900,3,1
1517,43,70,33.6,105,50,53400,3,1
1518,32,88,9.5,522,72,26000,3,0
1519,40,91,23.5,122,74,36000,2,0
1520,44,5,18.6,152,68,34700,3,1
1521,56,90,6.7,70,15,13900,0,0
1522,36,16,23.7,129,54,38900,5,1
1523,45,63,3.6,70,37,10000,1,0
1524,67,75,9.9,500,79,29900,8,1
1525,35,5,44.2,533,174,78000,0,1
1526,38,35,4.1,366,93,16900,0,0
1527,53,1,3.1,530,62,21000,1,1
1528,38,26,7.5,82,48,14000,1,0
1529,37,38,4.7,68,22,10000,0,0
1530,63,91,2.1,66,17,7000,2,0
1531,44,6,23.9,189,32,44000,4,1
1532,58,80,7.3,63,39,13900,0,0
1533,37,17,5.1,141,49,13200,0,0
1534,68,65,28.8,711,195,64000,2,0
1535,60,39,27.2,82,94,41000,3,1
1536,26,88,7.3,85,45,15600,2,0
1537,56,37,34.2,87,33,55000,0,0
1538,42,76,3.9,506,101,16300,1,0
1539,60,49,20.0,98,99,35800,0,0
1540,20,78,5.7,69,15,9700,0,0
1541,33,95,20.9,87,92,34500,4,0
1542,44,27,7.0,123,22,15100,3,0
1543,63,75,9.3,401,72,25200,2,0
1544,44,37,55.6,675,125,104600,2,1
1545,35,44,5.4,101,41,12200,2,0
1546,53,1,18.5,97,46,33100,2,1
1547,68,46,6.8,565,143,23400,1,0
1548,39,21,4.5,476,102,19300,3,0
1549,52,83,4.4,127,40,8100,1,0
1550,20,53,6.4,135,13,13600,0,0
1551,59,89,29.6,186,97,49400,3,1
1552,25,28,3.8,61,21,6600,1,0
1553,26,71,8.7,471,84,26200,3,0
1554,24,44,29.6,156,64,49700,1,0
1555,56,24,4.6,123,14,7000,1,0
1556,69,37,5.5,343,141,16400,1,1
1557,28,63,4.5,110,17,7600,1,0
1558,36,88,28.3,90,33,44100,1,0
1559,48,86,34.4,102,77,57500,1,0
1560,69,67,2.0,67,35,8600,1,0
1561,53,53,9.6,460,143,26000,1,1
1562,20,41,9.1,323,111,20800,3,1
1563,37,2,5.4,55,41,12100,3,0
1564,20,22,15.7,194,99,30100,1,0
1565,20,70,2.6,135,29,9200,1,0
1566,39,77,52.3,712,84,98400,0,0
1567,51,77,6.6,413,86,24300,4,0
1568,48,89,39.7,792,164,81300,0,0
1569,40,52,7.7,551,115,25400,2,0
1570,50,83,4.9,479,119,19700,6,1
1571,48,47,3.9,77,31,7100,1,0
1572,43,48,7.8,411,77,22300,2,1
1573,41,92,6.9,57,43,14200,2,0
1574,47,50,9.7,381,146,25000,2,0
1575,18,20,9.7,512,93,31000,2,0
1576,60,81,29.6,163,90,50300,1,0
1577,61,90,7.5,86,19,13300,0,0
1578,30,9,3.8,496,110,18400,2,0
1579,22,77,9.4,508,121,26200,2,0
1580,62,13,3.0,486,136,19000,6,1
1581,54,56,6.6,62,23,17500,1,0
1582,23,62,5.1,53,38,10500,2,0
1583,27,42,27.0,165,97,46000,4,1
1584,37,91,48.7,641,153,91700,0,0
1585,54,43,6.5,138,37,16500,0,0
1586,22,79,29.6,427,86,56100,1,0
1587,41,35,49.2,610,82,89500,2,0
1588,31,85,4.2,138,36,7400,2,0
1589,68,37,8.6,564,100,25100,0,0
1590,61,25,26.4,180,88,45700,2,1
1591,56,66,4.9,111,31,10400,2,0
1592,20,74,4.5,127,15,6900,3,1
1593,39,29,15.7,159,96,27200,1,0
1594,32,82,7.9,75,42,15300,3,0
1595,37,50,4.6,435,60,17300,0,0
1596,67,87,18.1,90,93,28200,1,0
1597,48,43,5.6,133,16,14000,4,1
1598,68,21,32.0,436,109,60400,0,0
1599,45,38,56.9,578,85,101300,1,1
1600,26,42,32.6,116,42,51700,2,0
1601,22,42,6.0,90,28,10600,1,0
1602,31,64,5.9,574,140,22400,1,0
1603,49,10,18.0,128,49,31200,3,1
1604,47,33,32.6,531,120,62500,0,0
1605,47,7,2.7,96,18,8800,0,0
1606,44,26,2.8,131,10,9200,1,0
1607,28,74,6.4,134,47,13700,1,0
1608,53,38,3.0,148,43,9900,0,1
1609,30,12,2.8,116,45,8800,1,0
1610,43,2,46.3,625,135,84700,0,0
1611,65,27,6.5,539,137,23300,1,0
1612,54,81,24.1,181,83,42600,0,0
1613,34,23,41.9,572,157,79800,2,0
1614,45,29,3.6,470,74,18800,2,0
1615,49,55,7.3,309,131,20600,4,1
1616,40,8,2.7,70,23,6800,2,0
1617,59,17,5.4,130,29,12800,0,0
1618,18,55,4.1,549,136,22400,3,0
1619,35,82,9.2,523,112,25600,5,1
1620,62,68,4.3,130,21,10600,4,0
1621,48,27,31.3,91,37,50900,4,1
1622,46,37,2.1,91,42,6700,0,0
1623,40,90,7.6,112,18,16300,1,0
1624,68,81,22.4,163,32,40200,0,0
1625,25,24,59.9,556,109,106000,3,1
1626,32,67,55.1,507,108,97700,0,0
1627,18,41,19.4,165,41,34700,3,1
1628,35,14,2.7,129,44,8900,1,0
1629,24,31,3.5,79,25,2600,2,0
1630,50,11,5.6,316,106,16300,0,0
1631,52,26,36.1,785,176,78400,2,0
1632,35,88,7.8,92,29,14200,0,0
1633,46,78,7.0,407,72,22200,2,0
1634,46,53,51.4,411,155,90400,1,1
1635,33,26,5.4,55,17,10900,0,0
1636,31,61,44.6,746,172,87500,0,1
1637,43,40,17.7,166,46,30500,3,1
1638,45,56,7.1,400,73,21300,0,0
1639,36,72,9.1,423,63,25700,2,0
1640,26,84,5.9,324,147,16100,2,0
1641,35,66,55.5,410,184,94600,4,1
1642,47,44,6.3,489,138,24100,2,0
1643,47,72,27.2,85,60,44700,2,0
1644,60,89,15.6,187,41,29500,2,0
1645,51,64,49.9,535,198,89700,1,0
1646,41,52,6.8,72,20,11600,2,0
1647,41,85,30.8,120,35,46400,2,0
1648,24,31,7.3,98,38,13900,2,0
1649,61,45,4.6,111,30,13000,1,0
1650,51,36,34.1,141,36,56800,1,0
1651,67,50,3.9,71,26,4800,1,0
1652,34,10,31.2,106,41,50100,1,1
1653,37,12,7.3,318,134,19400,1,0
1654,35,22,34.9,156,50,57800,2,1
1655,65,21,6.5,443,109,21400,4,0
1656,45,28,26.0,96,65,41700,3,1
1657,24,12,3.8,70,45,8900,1,0
1658,55,48,5.8,356,98,21100,2,0
1659,27,63,34.7,156,37,53000,1,0
1660,31,83,29.9,189,44,50000,4,1
1661,65,94,5.9,130,32,14300,0,0
1662,22,22,59.4,645,119,110200,1,0
1663,48,67,5.9,134,25,10300,1,0
1664,55,82,17.8,166,38,33100,2,0
1665,69,85,16.3,191,95,30900,3,0
1666,22,3,25.9,601,145,56200,0,0
1667,26,36,7.5,92,30,13600,1,0
1668,22,44,7.3,127,22,13800,1,1
1669,22,15,9.4,340,59,22700,3,1
1670,51,2,28.9,645,143,63500,1,1
1671,42,8,31.2,184,51,51100,3,1
1672,46,20,37.9,798,88,73600,1,1
1673,45,27,2.9,91,16,7900,2,1
1674,34,1,38.4,405,157,69000,2,1
1675,45,77,2.7,77,42,4100,0,0
1676,30,16,4.9,565,75,23800,4,0
1677,45,44,30.3,649,100,61100,3,1
1678,33,18,4.6,112,28,11800,2,1
1679,24,47,5.1,487,144,20100,4,1
1680,69,92,24.7,146,92,43600,0,0
1681,26,61,2.8,82,33,4700,1,0
1682,66,45,7.0,91,42,13300,1,0
1683,61,12,8.9,338,54,21800,1,0
1684,24,21,16.8,118,67,29000,2,1
1685,27,82,32.9,118,53,51500,2,0
1686,44,51,2.5,65,38,6600,4,1
1687,40,13,2.5,129,45,5700,1,0
1688,36,47,4.5,113,24,8300,0,0
1689,39,70,9.8,310,56,19300,2,0
1690,51,9,4.0,70,23,7900,4,1
1691,44,31,5.5,139,39,12500,5,1
1692,42,55,21.8,128,91,35000,0,0
1693,20,74,7.7,149,11,19300,1,0
1694,65,62,22.0,148,83,37900,2,0
1695,27,54,22.6,142,37,37000,3,0
1696,37,78,7.5,540,95,24100,2,0
1697,37,11,20.7,169,33,35700,0,0
1698,60,73,3.7,140,32,12800,2,0
1699,52,71,28.9,706,115,59700,0,0
1700,61,50,5.1,78,45,9800,3,1
1701,67,75,7.7,452,109,25100,2,0
1702,46,61,5.9,486,105,22100,0,0
1703,53,83,7.4,119,30,14200,0,0
1704,50,29,4.8,490,119,20200,5,1
1705,53,85,7.8,544,63,26300,0,0
1706,57,10,27.6,183,55,42900,4,1
1707,56,7,5.5,64,25,12400,2,1
1708,40,4,3.3,95,12,9700,1,0
1709,46,17,51.5,755,136,97800,0,0
1710,68,79,48.7,527,127,88400,0,0
1711,54,91,7.9,76,22,13100,1,0
1712,50,95,6.3,127,22,14100,4,0
1713,18,90,4.9,422,116,17600,4,0
1714,39,14,4.0,482,97,22500,1,0
1715,43,19,7.5,484,111,22700,6,1
1716,58,86,9.8,335,97,21700,1,0
1717,24,39,3.7,585,71,19200,1,0
1718,58,3,5.1,558,75,21100,6,1
1719,55,71,2.2,90,11,5800,0,0
1720,20,4,18.0,94,32,29300,2,0
1721,64,52,3.3,356,124,13600,2,0
1722,57,69,3.9,121,46,9700,0,0
1723,33,11,3.2,117,30,7200,2,1
1724,21,26,15.3,108,84,24000,0,0
1725,48,90,16.8,141,47,26500,2,0
1726,45,41,6.0,127,45,10800,1,0
1727,44,33,5.5,406,106,19400,3,0
1728,45,5,4.1,485,65,18300,2,1
1729,25,84,7.2,128,33,12900,1,0
1730,53,4,4.6,84,38,8300,2,0
1731,44,39,7.8,101,10,16000,0,0
1732,59,22,29.7,193,65,53200,2,1
1733,18,57,37.0,530,159,68800,1,0
1734,22,65,24.4,127,62,37800,2,0
1735,47,44,44.2,695,92,80400,0,0
1736,66,93,5.5,122,42,16000,1,0
1737,37,42,6.9,144,44,13100,2,0
1738,67,48,16.8,155,35,29300,1,0
1739,43,61,7.6,52,23,12300,3,0
1740,21,78,2.4,100,19,8200,2,0
1741,33,28,8.4,363,139,19600,3,1
1742,44,7,7.0,68,22,13300,0,0
1743,62,26,3.9,524,144,20000,3,0
1744,26,65,7.5,87,12,14800,0,0
1745,51,38,6.4,73,27,10800,2,1
1746,36,18,42.7,785,142,83400,0,0
1747,50,15,28.2,154,85,46200,3,0
1748,20,38,3.5,146,23,6000,3,1
1749,54,43,26.9,199,76,44400,2,1
1750,49,49,5.2,113,34,8900,2,0
1751,31,53,6.6,112,36,17100,1,0
1752,34,7,24.8,170,86,40200,2,1
1753,68,24,3.0,140,46,11800,1,0
1754,39,47,6.0,126,19,12800,0,0
1755,35,3,6.1,66,21,10800,0,0
1756,58,87,4.0,142,11,12000,0,0
1757,42,62,23.4,106,72,36800,4,1
1758,54,36,3.0,131,48,8500,1,0
1759,64,16,7.9,61,41,12800,1,0
1760,26,9,15.5,153,94,29700,4,1
1761,50,53,4.4,96,45,8400,0,0
1762,63,61,6.0,53,42,11100,2,1
1763,34,52,6.0,64,16,11600,3,0
1764,31,52,44.2,417,179,77900,1,0
1765,58,4,5.6,150,46,9100,1,0
1766,38,62,29.0,106,51,48700,1,0
1767,21,75,7.7,539,89,27900,2,0
1768,19,61,6.0,350,63,20600,3,1
1769,40,13,7.1,367,142,18400,3,1
1770,62,44,58.5,408,186,99700,0,0
1771,59,46,33.1,161,44,53900,0,0
1772,45,51,2.6,104,46,6400,2,0
1773,66,57,5.8,576,123,26500,3,0
1774,25,87,23.9,160,69,41600,2,0
1775,40,45,4.2,474,77,19800,4,1
1776,24,67,6.9,53,27,11300,1,0
1777,33,44,3.8,331,129,17000,2,0
1778,60,13,2.8,140,13,5500,3,1
1779,59,17,26.9,183,83,46100,2,1
1780,37,80,4.0,106,24,10300,0,0
1781,67,67,2.6,92,47,5800,3,0
1782,31,32,7.9,594,71,26700,1,0
1783,26,90,9.1,496,129,31300,2,0
1784,46,45,3.6,57,24,3700,0,0
1785,28,33,9.6,386,94,25900,1,0
1786,44,65,33.2,673,80,66200,0,1
1787,51,28,18.6,145,60,30500,3,1
1788,58,31,29.1,178,59,49400,4,1
1789,35,15,6.1,435,55,20900,0,0
1790,34,18,32.8,94,92,53400,2,0
1791,51,45,24.3,166,80,41200,1,0
1792,64,78,3.8,511,58,17400,2,0
1793,33,74,2.2,124,24,8200,1,0
1794,64,32,3.2,312,113,11300,1,0
1795,50,81,28.5,130,95,43200,0,0
1796,61,27,15.1,88,62,26300,0,0
1797,69,22,7.1,111,31,12900,1,0
1798,56,93,6.6,511,141,23600,2,0
1799,50,56,4.3,108,16,7500,0,0
1800,23,13,25.8,156,87,39800,3,1
1801,44,44,28.4,194,85,44900,1,0
1802,50,14,3.6,82,38,7500,1,0
1803,40,91,9.5,536,134,27100,3,0
1804,48,41,18.5,98,63,32700,1,0
1805,64,63,2.8,117,34,8800,1,0
1806,51,50,7.4,529,149,27900,1,0
1807,34,82,8.1,405,56,20800,2,0
1808,67,83,40.2,794,141,81300,0,0
1809,31,20,6.8,347,129,24100,2,1
1810,19,18,23.5,127,76,38500,3,1
1811,20,56,5.4,403,146,15900,2,0
1812,19,35,31.0,142,56,51500,3,1
1813,21,13,33.2,198,88,54000,3,1
1814,27,23,20.2,198,39,37300,2,1
1815,40,90,7.7,145,44,15800,1,0
1816,38,94,46.6,418,107,80500,0,0
1817,26,32,22.3,175,47,37500,2,0
1818,28,33,30.6,140,49,52500,2,0
1819,58,36,34.4,109,71,57400,2,1
1820,39,34,5.2,101,39,10500,2,0
1821,39,32,7.8,53,26,13300,1,0
1822,43,7,57.3,590,98,103000,0,0
1823,28,8,6.5,391,125,21600,2,1
1824,55,10,15.4,153,45,27700,4,0
1825,24,30,23.4,88,44,35100,2,1
1826,56,30,6.9,493,85,23700,3,1
1827,29,27,16.3,192,38,27800,2,1
1828,28,48,2.3,74,13,9900,1,0
1829,59,43,16.1,157,54,28700,2,0
1830,24,49,16.3,179,63,30800,0,0
1831,52,94,9.7,534,75,28700,1,0
1832,18,39,57.6,505,133,98300,1,0
1833,50,42,29.0,739,168,65500,1,1
1834,33,6,8.2,433,71,27400,0,0
1835,20,82,23.7,178,93,42100,2,0
1836,21,21,2.8,121,16,8800,3,0
1837,63,88,55.1,437,157,93200,0,0
1838,28,83,48.5,492,169,84100,0,0
1839,64,43,30.3,170,57,48500,2,0
1840,32,66,4.5,328,104,13600,0,0
1841,20,69,44.0,402,169,74700,0,0
1842,20,21,6.7,127,19,16600,3,1
1843,68,78,29.5,147,31,46000,2,0
1844,40,58,54.3,569,124,96500,2,1
1845,58,46,6.1,134,24,12200,1,0
1846,19,14,2.2,136,46,6400,2,0
1847,67,17,32.6,542,172,63300,0,0
1848,50,35,50.2,528,109,84600,0,0
1849,51,14,5.7,120,10,12700,2,0
1850,43,27,30.8,106,48,49800,0,0
1851,29,86,7.0,368,84,21700,2,0
1852,56,27,7.6,371,68,25100,0,0
1853,43,14,9.5,557,88,31100,1,0
1854,34,1,17.0,85,60,30600,7,1
1855,46,73,3.5,371,138,14200,1,0
1856,43,38,9.7,532,105,29500,5,1
1857,43,24,6.4,71,20,11900,0,0
1858,27,25,4.0,143,49,8500,1,0
1859,54,20,5.8,56,48,7100,2,0
1860,56,57,48.6,739,90,90500,0,0
1861,45,22,15.8,136,42,26800,1,1
1862,24,42,9.1,442,124,21200,3,0
1863,51,56,27.6,416,104,52400,0,0
1864,51,17,7.4,124,37,15300,1,0
1865,21,56,2.6,125,30,6300,3,0
1866,58,51,3.4,100,28,11000,2,0
1867,57,5,38.2,706,91,76100,2,0
1868,18,2,8.2,546,135,26900,1,1
1869,65,59,5.5,117,21,12800,1,0
1870,63,32,7.3,89,33,13400,1,0
1871,21,11,3.8,130,34,11600,1,0
1872,65,53,28.7,546,83,54600,0,0
1873,46,34,30.7,81,84,50100,4,1
1874,31,42,58.8,634,146,101800,0,0
1875,64,47,8.8,459,77,24800,3,1
1876,32,74,32.7,641,109,63800,1,1
1877,34,64,24.6,146,91,44400,1,0
1878,60,54,2.3,69,33,6600,3,0
1879,45,19,33.8,139,34,53600,0,0
1880,36,67,36.4,416,162,69100,0,0
1881,59,14,36.2,664,173,71300,1,0
1882,65,47,27.7,151,62,48300,3,0
1883,25,28,18.1,138,82,34000,2,1
1884,32,28,8.3,559,131,26800,0,0
1885,64,76,16.9,101,90,29500,2,0
1886,48,47,2.6,128,33,9800,0,0
1887,33,64,3.6,82,38,8400,1,0
1888,61,7,16.3,193,92,30500,2,1
1889,46,21,5.6,133,49,10900,0,0
1890,18,27,7.2,328,120,19600,1,0
1891,36,58,4.1,515,77,19400,3,0
1892,37,48,30.4,688,89,64500,0,0
1893,29,39,7.2,494,76,25100,2,0
1894,53,43,29.9,195,68,47600,1,0
1895,18,87,4.7,131,42,12600,3,1
1896,62,74,6.0,95,12,14200,1,0
1897,61,60,38.5,698,107,75800,1,0
1898,59,48,8.7,508,82,23500,3,0
1899,44,23,5.1,139,40,10300,1,0
1900,19,59,24.0,117,70,39400,5,1
1901,47,23,8.1,569,109,27400,2,1
1902,34,79,4.6,473,140,22800,1,0
1903,62,53,8.7,459,111,29300,0,0
1904,35,40,40.4,635,131,80100,2,1
1905,52,82,22.2,114,76,38900,0,0
1906,53,51,5.7,475,50,19100,4,1
1907,33,36,5.7,75,42,10300,1,0
1908,57,71,7.6,432,115,21500,2,0
1909,28,56,19.7,197,92,32700,3,0
1910,31,2,5.2,129,38,9600,0,0
1911,24,5,5.5,132,26,10000,0,0
1912,38,46,6.7,405,131,19800,0,0
1913,45,86,2.9,100,24,8000,1,0
1914,43,80,3.1,123,32,9000,0,0
1915,50,69,29.3,149,92,44500,1,0
1916,27,8,4.1,417,134,18800,1,0
1917,50,84,3.3,62,38,4800,0,0
1918,35,90,5.0,55,41,11000,4,1
1919,21,19,6.7,92,46,8800,2,0
1920,63,7,5.1,562,103,22200,3,0
1921,34,21,5.5,107,30,12600,1,0
1922,32,77,18.0,126,68,27100,3,0
1923,29,27,16.5,196,87,29500,1,0
1924,18,56,33.3,121,32,51800,1,0
1925,48,19,6.2,140,13,16200,1,0
1926,65,62,30.2,185,74,52000,0,0
1927,65,30,5.4,94,12,10200,0,0
1928,56,60,3.8,84,36,7200,0,0
1929,66,38,22.6,125,94,38400,2,0
1930,36,40,4.6,120,42,9000,1,0
1931,67,71,15.1,130,61,26700,1,0
1932,48,20,5.5,144,45,13300,1,1
1933,46,30,3.5,144,45,8100,0,0
1934,20,45,5.3,109,39,12300,1,0
1935,54,87,7.8,108,38,13700,1,0
1936,25,39,8.3,324,143,23400,0,0
1937,56,71,8.8,306,63,18100,1,0
1938,67,63,23.8,160,86,38700,4,1
1939,59,34,4.4,57,40,8100,2,0
1940,57,53,9.6,467,138,24600,2,0
1941,19,91,59.8,475,85,103300,0,0
1942,28,20,3.3,136,25,10500,1,0
1943,52,63,5.2,115,30,11600,0,0
1944,19,56,7.4,89,38,14900,0,0
1945,24,65,30.1,128,72,48200,2,0
1946,48,65,6.1,139,36,11900,0,0
1947,24,91,48.4,497,167,90000,2,0
1948,41,64,23.0,150,39,40000,2,1
1949,19,17,7.8,585,103,29300,2,1
1950,33,69,2.2,80,10,5000,2,0
1951,66,44,2.4,67,39,6100,1,0
1952,43,49,2.1,112,31,4400,2,1
1953,46,3,28.0,800,176,63400,0,0
1954,55,81,6.5,75,27,10900,0,0
1955,43,1,7.0,144,36,13000,0,0
1956,43,12,19.2,116,36,29400,1,1
1957,49,83,6.5,113,38,11700,0,0
1958,60,7,2.9,93,46,3400,2,1
1959,26,43,3.5,54,50,2700,1,0
1960,61,8,53.5,766,130,100100,1,1
1961,42,13,55.8,520,137,98100,0,1
1962,35,21,3.5,94,21,9300,0,0
1963,63,62,3.3,541,108,14000,4,1
1964,29,50,7.3,92,17,13400,0,0
1965,37,77,34.1,151,34,56700,3,1
1966,20,74,41.3,569,151,82200,0,0
1967,52,70,2.2,108,37,7200,0,0
1968,50,81,4.4,140,39,10200,0,0
1969,38,31,3.5,533,107,19900,3,1
1970,23,68,4.3,469,99,18700,0,0
1971,49,90,55.7,557,182,100000,1,0
1972,35,25,3.2,64,32,10000,2,1
1973,20,21,7.2,133,18,15100,0,0
1974,33,18,2.0,73,29,4000,1,0
1975,29,91,7.9,72,36,16300,2,1
1976,68,4,3.7,67,41,7000,0,0
1977,58,69,3.7,550,102,18800,4,0
1978,33,90,2.5,66,21,7900,1,0
1979,54,28,22.1,110,95,37900,2,0
1980,25,14,27.0,172,65,46300,1,0
1981,24,94,3.3,105,16,7000,0,0
1982,42,60,4.1,301,137,15200,1,0
1983,29,65,35.3,696,178,73300,2,1
1984,43,42,18.2,152,90,31200,0,0
1985,47,44,29.7,102,57,46400,0,0
1986,62,43,15.4,114,83,26200,0,0
1987,29,67,57.6,588,84,101600,0,0
1988,39,57,55.1,406,116,90700,1,0
1989,55,35,47.7,590,102,87100,2,0
1990,34,87,34.8,187,39,57400,3,0
1991,41,17,6.1,111,14,11000,1,0
1992,47,6,6.3,141,11,10800,0,0
1993,22,79,3.0,52,18,4800,1,0
1994,21,45,57.1,438,186,98200,1,1
1995,67,89,20.1,188,92,34800,0,0
1996,54,67,22.9,82,92,35600,0,0
1997,42,53,7.1,105,48,12800,2,0
1998,51,85,52.9,698,84,98100,0,0
1999,44,52,5.3,111,14,16500,1,0
2000,43,46,4.1,497,87,21500,2,1
2001,20,54,32.5,141,75,52800,1,0
2002,65,58,3.5,353,60,17300,1,0
2003,69,43,9.1,358,101,24700,3,1
2004,25,21,8.1,313,54,20500,4,1
2005,69,45,31.0,102,76,51400,3,1
2006,58,42,18.6,107,87,33600,1,0
2007,58,77,9.4,343,86,20800,1,0
2008,25,20,4.5,105,34,5200,2,0
2009,60,69,7.5,144,22,15500,2,0
2010,38,75,7.6,320,59,19100,0,0
2011,43,47,59.0,664,170,108000,4,1
2012,21,64,9.5,468,143,30100,4,1
2013,25,27,2.1,103,43,7200,1,0
2014,62,56,6.5,508,73,24300,2,0
2015,50,27,46.3,486,98,81200,1,1
2016,56,29,34.8,173,74,57500,2,1
2017,47,44,33.0,105,42,48500,4,1
2018,19,71,27.1,182,75,43700,0,0
2019,61,39,9.5,588,98,29700,5,1
2020,58,63,7.7,81,39,12000,2,0
2021,66,61,6.9,93,46,13300,2,0
2022,34,48,30.3,779,141,66600,0,0
2023,26,13,15.2,83,33,26500,4,1
2024,57,54,22.8,164,96,38100,3,1
2025,56,82,4.8,95,22,10300,4,0
2026,46,56,5.6,125,26,9900,2,0
2027,34,86,4.1,51,41,10600,1,0
2028,23,45,3.8,133,27,11600,1,0
2029,19,27,6.4,488,73,25700,4,1
2030,32,63,3.1,554,120,21500,3,0
2031,21,81,41.2,732,174,82000,2,0
2032,61,38,41.1,575,124,76500,0,0
2033,48,16,2.3,63,27,3800,0,0
2034,27,43,2.6,124,35,6800,2,0
2035,56,46,3.3,318,97,16000,2,1
2036,33,49,2.6,74,10,3500,2,0
2037,41,55,34.4,515,148,68600,3,0
2038,21,76,27.5,174,51,43800,0,0
2039,46,41,30.5,97,96,45400,4,1
2040,38,81,28.0,147,41,46600,1,0
2041,44,63,5.0,89,36,11100,0,0
2042,24,13,24.1,143,92,39300,4,1
2043,33,21,7.1,61,28,12800,0,0
2044,32,28,56.4,757,87,107800,1,0
2045,59,36,3.1,416,141,14900,2,1
2046,20,29,43.7,470,90,79100,1,1
2047,54,87,39.4,466,108,70200,0,0
2048,59,54,9.8,509,135,28600,2,0
2049,59,44,49.4,752,108,90600,1,1
2050,37,82,6.9,310,53,21400,1,0
2051,25,13,18.3,132,49,33300,1,0
2052,23,55,7.8,134,13,13900,0,0
2053,36,9,18.4,113,79,32900,3,1
2054,46,35,26.6,136,75,46100,4,1
2055,55,55,3.6,402,79,14000,1,0
2056,55,45,30.0,733,195,64600,0,0
2057,59,7,4.5,567,102,23100,3,1
2058,24,3,7.7,74,48,11200,0,0
2059,51,42,5.9,100,43,15400,0,0
2060,19,78,48.8,747,179,92700,0,0
2061,51,86,26.1,607,170,57300,0,0
2062,50,74,30.5,184,55,46400,1,0
2063,34,32,5.4,137,10,9900,0,0
2064,38,67,6.7,71,43,12500,0,0
2065,40,13,5.9,105,36,14000,2,1
2066,68,64,44.8,656,88,87600,0,0
2067,21,44,16.0,87,53,26200,1,0
2068,47,65,24.0,82,41,40100,1,0
2069,69,83,6.0,547,82,24300,2,0
2070,46,49,6.7,78,44,10400,0,0
2071,51,70,22.2,127,59,36000,1,0
2072,31,87,31.1,187,61,55600,4,1
2073,19,25,30.1,173,51,49100,2,0
2074,62,46,2.7,132,18,4600,0,0
2075,46,86,17.2,158,39,31000,0,0
2076,68,65,6.0,80,11,12300,0,0
2077,43,82,4.6,113,16,11100,1,0
2078,63,74,29.8,111,64,48200,1,0
2079,67,27,3.3,79,13,10300,1,0
2080,18,91,50.4,451,131,88600,1,0
2081,56,55,4.5,309,101,15800,2,0
2082,50,27,31.6,647,199,70100,0,0
2083,31,82,54.7,712,106,103600,2,1
2084,46,5,7.1,132,20,11200,1,1
2085,58,42,5.4,96,41,10600,1,0
2086,26,48,59.6,672,91,106500,1,0
2087,39,66,34.5,89,85,54200,0,0
2088,43,62,7.9,547,70,27900,4,1
2089,64,74,50.5,790,104,95000,0,0
2090,23,34,6.4,94,24,12900,2,1
2091,37,7,28.5,95,45,48100,2,0
2092,24,46,2.3,82,34,7200,1,1
2093,55,15,7.1,124,27,14700,1,1
2094,68,15,6.3,57,42,11900,0,0
2095,35,41,3.6,62,40,8800,0,0
2096,47,71,7.4,146,29,14900,2,0
2097,30,61,7.5,436,121,21500,2,0
2098,66,44,15.7,147,52,28900,1,0
2099,21,42,4.2,358,72,16300,3,0
2100,32,65,6.0,99,11,8900,1,0
2101,59,67,4.2,99,47,7600,1,0
2102,24,73,17.8,157,82,31200,1,1
2103,69,46,2.3,85,36,3100,1,0
2104,63,45,7.0,472,111,22700,2,0
2105,44,58,31.5,174,93,52900,3,1
2106,19,87,7.8,134,49,16700,0,0
2107,41,76,3.9,333,58,16400,0,0
2108,66,36,3.9,65,16,8400,2,0
2109,48,20,5.3,517,130,19600,0,0
2110,49,55,25.9,154,88,43300,3,0
2111,51,39,2.6,55,15,5600,1,0
2112,38,24,9.7,533,94,26600,2,1
2113,53,75,3.3,498,118,19100,1,0
2114,67,44,5.0,106,21,12100,0,0
2115,28,84,34.7,97,36,52300,2,1
2116,36,19,27.0,150,66,47500,1,0
2117,51,74,6.6,301,141,21200,1,0
2118,62,5,4.8,65,21,11300,0,0
2119,57,8,29.3,172,41,49900,4,1
2120,53,93,46.0,710,194,90300,0,0
2121,44,85,6.6,121,45,13600,2,0
2122,36,49,8.1,336,72,22600,4,0
2123,54,37,6.4,62,41,12700,0,0
2124,61,72,26.6,89,75,42000,0,0
2125,26,73,7.8,60,48,12100,1,0
2126,65,17,19.7,159,96,37000,0,0
2127,36,10,24.6,105,58,38500,3,1
2128,44,63,31.0,407,97,58800,0,0
2129,34,13,49.2,665,164,92500,0,1
2130,53,45,60.0,566,195,104600,1,0
2131,57,50,50.8,746,114,95700,1,0
2132,39,28,20.2,170,71,35500,1,0
2133,50,35,9.3,406,58,21400,0,0
2134,28,8,26.4,676,90,60600,3,1
2135,65,3,6.5,135,38,12400,0,0
2136,36,64,6.8,361,79,20500,1,0
2137,44,43,16.5,154,95,28600,2,0
2138,64,70,2.4,131,18,7900,2,0
2139,18,33,4.1,586,100,23000,1,0
2140,26,41,9.0,512,124,25600,1,0
2141,64,70,3.5,581,83,21100,5,1
2142,41,37,4.5,104,25,9200,3,0
2143,62,14,42.5,629,167,78600,0,0
2144,46,10,21.3,131,98,37700,0,0
2145,57,95,3.1,544,120,20500,4,0
2146,51,45,2.4,143,33,4800,1,0
2147,18,87,8.4,461,84,26900,0,0
2148,49,44,2.1,60,44,2600,0,0
2149,64,47,33.8,104,31,54400,0,0
2150,44,42,8.6,500,145,30400,0,0
2151,54,51,18.4,137,31,29900,5,1
2152,32,76,4.3,333,116,15300,2,0
2153,54,85,25.7,185,48,45700,2,0
2154,19,40,2.8,70,33,9100,1,0
2155,59,33,5.6,145,24,10300,1,0
2156,67,29,2.8,92,14,4300,1,0
2157,35,76,7.8,64,21,11200,1,0
2158,52,68,53.0,682,127,98800,0,0
2159,59,63,2.6,141,36,7300,0,0
2160,39,28,4.5,375,129,17000,5,1
2161,56,40,6.9,393,107,21700,1,0
2162,33,94,4.7,412,96,20000,3,0
2163,60,22,6.1,574,102,18200,3,1
2164,32,12,7.5,65,40,15800,1,1
2165,31,92,53.4,463,181,92700,1,0
2166,63,67,19.3,104,35,31800,5,1
2167,24,67,35.8,538,97,69000,0,0
2168,26,18,7.2,80,48,14900,1,0
2169,53,26,5.1,107,20,10400,2,0
2170,67,50,5.3,120,31,15000,6,1
2171,38,65,7.0,530,70,23400,0,0
2172,68,59,6.6,101,11,11400,1,0
2173,30,87,16.0,137,92,30100,1,0
2174,58,37,19.6,171,34,36900,5,1
2175,47,32,18.0,90,60,26500,4,0
2176,60,53,5.9,136,43,15200,0,0
2177,21,75,47.1,582,155,84900,0,0
2178,36,90,15.5,152,89,29200,5,1
2179,30,61,3.2,143,40,8500,0,0
2180,26,31,16.5,178,32,27800,3,1
2181,65,69,7.8,94,12,14500,1,0
2182,44,16,3.9,407,86,15600,2,1
2183,18,88,3.6,120,31,10800,3,0
2184,20,60,54.5,744,106,98000,1,1
2185,31,32,7.7,103,12,13800,1,0
2186,63,93,3.3,104,29,7500,1,0
2187,50,5,6.5,146,28,13600,0,0
2188,24,67,21.5,171,60,35600,1,0
2189,58,30,16.8,187,95,30300,2,0
2190,44,27,17.8,85,77,31000,1,0
2191,66,77,21.8,90,60,34900,2,0
2192,23,10,3.2,480,113,15800,2,1
2193,67,62,7.3,119,35,16900,1,0
2194,48,66,7.0,77,13,9700,1,0
2195,69,79,6.9,109,17,11600,0,0
2196,32,34,2.7,59,26,6000,2,1
2197,40,51,9.3,576,128,28100,2,0
2198,27,85,44.3,536,172,79500,0,0
2199,63,4,26.8,607,81,54400,1,0
2200,58,44,45.7,651,172,88900,1,0
2201,56,50,4.3,98,40,12400,3,1
2202,43,92,6.5,508,149,23400,5,1
2203,69,42,2.3,52,17,4900,0,0
2204,23,54,8.9,337,73,25100,5,1
2205,45,30,9.3,362,95,22500,1,0
2206,62,2,31.3,197,84,50900,4,1
2207,35,91,29.9,666,81,59200,0,0
2208,58,89,16.3,116,97,29600,0,0
2209,43,1,28.6,141,68,45100,0,0
2210,49,26,6.9,95,18,10300,3,1
2211,31,14,6.1,375,147,20900,3,1
2212,30,17,31.9,98,80,53200,3,1
2213,68,93,26.4,110,65,43700,1,0
2214,24,55,27.2,84,53,39900,1,0
2215,48,20,5.9,323,66,14500,2,1
2216,65,77,4.5,130,16,7900,1,0
2217,53,14,9.8,449,129,26800,2,0
2218,35,57,2.4,64,27,6000,1,0
2219,66,52,3.2,58,21,3800,1,0
2220,39,4,5.4,133,18,15300,0,0
2221,20,52,17.4,112,96,30400,2,1
2222,26,18,31.4,516,105,64700,0,1
2223,29,47,6.6,138,14,15600,3,0
2224,44,65,4.7,100,18,10200,1,0
2225,58,74,31.2,183,99,53900,2,0
2226,48,38,6.7,130,27,15300,2,0
2227,51,38,26.1,150,41,42900,0,0
2228,35,24,25.1,104,58,38400,6,1
2229,39,42,4.2,58,43,7600,4,1
2230,33,30,51.5,730,122,98000,0,0
2231,34,4,18.6,188,93,35500,2,1
2232,38,13,30.0,109,75,46400,0,0
2233,32,74,3.7,64,38,6800,0,0
2234,37,68,26.8,577,124,54800,0,0
2235,39,19,4.3,73,15,7600,5,1
2236,50,55,23.4,143,41,38000,1,0
2237,38,49,5.8,118,22,14300,2,1
2238,60,53,3.2,147,42,9000,1,0
2239,48,15,5.1,119,24,13200,1,1
2240,66,14,23.7,150,39,39600,4,1
2241,60,41,4.7,84,34,9000,0,0
2242,39,90,22.3,151,72,37100,4,0
2243,37,53,31.6,153,68,54600,1,0
2244,38,35,3.6,59,27,6100,0,0
2245,32,33,3.9,396,51,14900,3,0
2246,54,13,5.0,56,37,10200,1,0
2247,62,54,16.9,100,57,25400,2,0
2248,64,47,9.6,475,125,26900,4,0
2249,24,13,5.1,567,84,25400,1,1
2250,53,56,2.0,123,47,7000,1,0
2251,38,72,6.1,74,14,10800,2,0
2252,57,88,2.5,116,47,9600,3,0
2253,19,26,5.5,110,44,8200,1,0
2254,49,80,32.1,197,79,56400,3,1
2255,64,8,53.3,526,118,91900,1,1
2256,26,52,17.0,150,62,28200,1,0
2257,66,1,3.3,305,56,15800,2,1
2258,53,92,3.9,85,17,6600,1,0
2259,37,68,38.8,519,154,72500,1,0
2260,43,40,29.1,113,90,44600,0,0
2261,20,64,6.7,72,34,12500,2,0
2262,43,76,2.8,142,25,8300,0,0
2263,61,23,4.2,69,23,7900,5,0
2264,63,9,5.6,117,36,13300,2,1
2265,40,7,50.1,570,96,89700,1,0
2266,61,29,7.8,408,124,24000,4,1
2267,39,65,3.8,118,11,8000,0,0
2268,42,69,6.7,466,75,24500,1,0
2269,22,15,23.2,155,89,35400,0,0
2270,61,6,2.4,126,30,6200,2,1
2271,49,34,31.1,617,177,63800,1,0
2272,37,68,5.4,72,44,9800,0,0
2273,44,59,33.2,195,92,55300,3,1
2274,60,86,22.1,139,53,38200,0,0
2275,44,64,20.6,192,81,41100,4,1
2276,68,1,28.7,518,83,58200,3,1
2277,42,62,9.3,426,124,23400,0,0
2278,28,22,2.7,66,50,4400,3,1
2279,37,27,4.4,531,126,20900,5,1
2280,43,62,33.7,124,76,55300,4,1
2281,69,57,3.4,95,26,6800,1,0
2282,37,32,23.2,132,83,39300,1,0
2283,38,95,3.5,61,21,5200,0,0
2284,22,29,3.6,580,104,18600,1,0
2285,18,65,3.4,57,24,6300,0,0
2286,23,58,6.5,118,36,15500,1,0
2287,37,17,38.7,616,112,72500,0,0
2288,67,14,3.3,122,33,6700,1,0
2289,62,50,7.9,321,80,22300,5,1
2290,19,63,31.2,588,143,63700,0,0
2291,52,86,4.9,574,139,23100,3,1
2292,27,92,39.5,661,171,81000,0,0
2293,20,85,4.6,92,40,9300,0,0
2294,48,10,34.1,82,54,54300,2,1
2295,46,13,9.6,430,145,27300,4,1
2296,21,74,6.1,100,49,14100,0,0
2297,40,53,35.4,613,108,76300,0,0
2298,34,70,8.1,413,116,22300,2,0
2299,22,26,6.8,497,121,26700,4,1
2300,19,55,34.0,190,56,57300,3,1
2301,34,81,16.0,196,74,26700,3,0
2302,39,55,6.3,109,24,12200,1,0
2303,36,8,6.1,74,18,11000,2,0
2304,33,59,2.4,70,34,5500,1,0
2305,64,75,2.2,68,35,3300,4,1
2306,46,90,3.4,489,67,19200,0,0
2307,60,10,7.7,148,14,15000,2,0
2308,20,2,43.0,605,174,80300,0,1
2309,56,43,4.2,123,38,9500,3,1
2310,32,10,6.1,86,40,13200,0,0
2311,41,81,53.5,635,196,97900,1,0
2312,29,66,3.6,587,64,22600,1,0
2313,20,57,26.4,84,51,44200,1,0
2314,58,28,7.4,551,79,26700,2,1
2315,30,31,24.1,86,49,40800,4,1
2316,35,91,2.9,149,19,12800,0,0
2317,45,43,55.4,493,168,94200,3,1
2318,27,70,25.4,419,101,51700,1,0
2319,37,91,9.0,531,105,26900,0,0
2320,59,39,5.0,83,27,10100,0,0
2321,53,60,28.3,166,91,47800,0,0
2322,40,67,4.4,92,46,6500,1,0
2323,50,85,4.3,98,18,10400,3,0
2324,18,86,30.5,686,174,62500,1,0
2325,45,57,19.5,149,79,32400,1,0
2326,58,90,4.2,104,44,11100,0,0
2327,40,44,5.4,303,147,18400,3,1
2328,61,78,19.1,116,42,34100,2,0
2329,22,34,9.6,470,126,28100,3,1
2330,38,21,3.0,143,26,8100,0,0
2331,27,67,16.8,139,42,30100,1,0
2332,31,84,21.4,185,39,37400,2,0
2333,34,91,4.6,69,17,10000,5,1
2334,54,24,4.8,118,39,12400,4,0
2335,38,14,49.6,755,158,95600,0,1
2336,31,83,6.3,377,114,19300,0,0
2337,43,8,27.1,136,80,42300,0,0
2338,56,93,5.9,149,20,13400,1,0
2339,67,81,9.0,377,101,22200,0,0
2340,67,39,19.4,84,87,30500,2,0
2341,68,30,3.3,74,35,8000,1,0
2342,30,25,4.2,365,112,17200,9,1
2343,28,12,9.2,551,132,28100,3,1
2344,32,80,44.5,758,150,90100,0,1
2345,41,28,3.3,465,51,13800,1,0
2346,51,93,6.8,147,39,11700,5,1
2347,21,69,3.0,133,29,8700,3,0
2348,60,67,3.5,144,43,10900,2,1
2349,30,27,3.3,86,37,9600,1,0
2350,60,18,24.8,191,63,45100,3,1
2351,20,66,6.5,140,11,12900,0,0
2352,69,24,6.2,64,19,14900,1,1
2353,18,95,7.7,336,58,19200,0,0
2354,53,72,51.5,524,84,92800,0,0
2355,40,28,5.3,401,124,18000,0,0
2356,59,18,2.5,52,26,6500,0,0
2357,25,54,5.7,87,47,11000,0,0
2358,40,30,2.8,137,26,6800,1,0
2359,47,46,34.2,171,33,59600,3,1
2360,58,33,55.6,534,151,94400,0,0
2361,63,12,4.7,131,42,12800,5,1
2362,67,29,7.3,376,128,20300,1,0
2363,20,88,30.1,158,83,49400,4,1
2364,36,63,27.4,156,41,46700,0,0
2365,68,52,9.1,432,125,27700,1,0
2366,48,86,7.8,78,14,18200,2,0
2367,47,69,5.7,94,21,11200,0,0
2368,63,31,6.1,594,75,23800,1,0
2369,21,23,4.6,122,45,8300,1,0
2370,36,94,2.4,93,12,5300,0,0
2371,25,3,32.0,115,32,49100,1,0
2372,58,55,28.2,128,99,46400,0,0
2373,62,69,2.1,68,34,7500,0,0
2374,61,57,2.4,84,36,5000,0,0
2375,38,37,38.2,436,194,70600,1,0
2376,60,93,33.0,119,54,54900,1,0
2377,46,70,7.8,80,40,14700,0,0
2378,26,21,9.9,425,143,25000,3,0
2379,48,58,5.7,444,106,21300,3,0
2380,21,11,6.3,500,126,25600,0,0
2381,33,71,52.8,532,109,94600,0,0
2382,33,48,4.3,72,26,9300,0,0
2383,44,64,29.8,188,93,50300,4,1
2384,65,21,4.4,331,140,17300,3,1
2385,35,9,46.1,671,153,87000,0,1
2386,37,23,7.6,70,26,12300,1,0
2387,49,15,9.9,371,133,28700,1,0
2388,64,91,7.1,84,37,11100,1,0
2389,55,4,18.9,121,45,32000,3,1
2390,44,58,4.4,581,131,21100,2,0
2391,26,75,4.9,435,85,17000,4,1
2392,55,13,5.0,107,12,12900,0,0
2393,48,70,7.3,123,28,13100,0,0
2394,47,70,28.3,403,133,57900,0,0
2395,29,77,22.2,190,42,39200,2,0
2396,65,76,28.8,102,53,44700,0,0
2397,47,76,3.3,102,44,7300,0,0
2398,60,46,19.1,126,44,32100,5,1
2399,50,47,7.3,132,17,13900,2,0
2400,63,69,3.3,87,46,8700,1,0
2401,60,95,5.4,136,33,11400,1,0
2402,67,9,31.7,121,73,53300,3,1
2403,28,15,23.8,162,32,39300,1,1
2404,62,95,30.1,106,44,47900,0,0
2405,42,51,6.7,94,20,13100,0,0
2406,20,23,30.0,136,50,47300,0,0
2407,57,13,57.6,749,192,104800,0,1
2408,63,69,46.0,758,104,89700,1,1
2409,42,70,49.5,527,114,90900,0,0
2410,66,76,4.1,78,47,7400,1,0
2411,19,76,7.1,429,123,22700,1,0
2412,59,38,9.4,545,143,32400,2,0
2413,49,24,7.3,57,12,12600,2,1
2414,39,42,22.0,196,94,38800,1,0
2415,38,83,49.0,724,92,91400,1,0
2416,56,12,4.6,540,138,23400,6,1
2417,24,45,7.0,465,54,23400,1,0
2418,27,41,5.2,86,12,8200,1,0
2419,55,80,7.8,149,23,17200,0,0
2420,27,34,3.7,553,105,21200,3,1
2421,32,22,31.2,177,48,53100,4,1
2422,44,66,4.9,67,31,9400,1,0
2423,48,71,3.7,142,23,10800,0,0
2424,21,55,5.5,68,44,12300,1,0
2425,43,19,9.3,334,127,23300,0,0
2426,40,34,31.4,170,45,51900,1,0
2427,41,27,3.9,571,101,21900,2,1
2428,58,35,7.6,57,47,12100,2,0
2429,50,86,5.7,362,77,16700,5,1
2430,27,25,3.3,114,37,4600,1,0
2431,29,17,48.1,731,183,92700,1,0
2432,42,42,5.8,143,41,10900,0,0
2433,47,35,7.5,113,46,14400,1,0
2434,63,57,5.0,390,88,16000,1,1
2435,18,3,2.6,92,38,9000,0,0
2436,30,15,15.8,88,71,31600,3,0
2437,29,17,4.4,135,15,13900,1,0
2438,42,51,5.1,115,25,11400,3,1
2439,46,32,28.5,109,83,48200,4,1
2440,37,25,5.8,72,16,12300,2,1
2441,24,3,17.2,185,80,33600,1,0
2442,31,38,2.7,142,47,4900,2,0
2443,19,23,24.1,124,94,44400,2,1
2444,49,41,4.3,132,17,8400,0,0
2445,24,82,17.9,199,62,29300,2,0
2446,65,88,4.0,300,62,11000,1,0
2447,50,24,49.4,776,161,96800,0,1
2448,65,25,7.7,593,125,27300,1,0
2449,58,2,7.0,123,37,13200,0,0
2450,29,17,20.0,188,40,35100,2,0
2451,37,32,5.2,574,112,26200,1,0
2452,23,84,3.7,371,55,16800,1,0
2453,32,79,7.5,52,19,16400,0,0
2454,45,28,6.1,106,17,12100,0,0
2455,41,66,28.5,149,51,49200,0,0
2456,49,47,23.9,158,37,40800,4,1
2457,22,26,2.0,72,13,7900,4,1
2458,38,50,7.5,66,17,11600,2,0
2459,53,89,5.3,98,39,13400,1,0
2460,37,54,9.9,347,76,29800,3,1
2461,56,13,3.6,102,47,8300,1,0
2462,41,14,8.7,327,87,22500,2,0
2463,37,53,5.7,375,119,17100,3,0
2464,52,85,5.1,85,49,10300,1,0
2465,35,44,40.8,618,84,77100,2,1
2466,39,40,3.6,58,37,6700,2,0
2467,32,28,21.1,165,31,37700,4,1
2468,64,89,7.8,141,10,15300,1,0
2469,68,88,7.2,144,24,15400,0,0
2470,69,94,7.8,93,24,16900,1,0
2471,28,55,4.6,496,68,19000,0,0
2472,28,59,3.9,457,92,21100,1,0
2473,35,93,6.7,94,19,10700,2,0
2474,28,94,3.2,149,43,5800,0,0
2475,39,48,38.3,606,128,73000,0,0
2476,36,88,6.8,147,15,12600,2,0
2477,39,52,27.6,92,33,43900,2,0
2478,27,34,31.8,172,35,55600,5,1
2479,53,71,5.3,493,67,18800,2,0
2480,28,45,4.1,85,44,5400,0,0
2481,25,79,7.2,145,33,16000,2,0
2482,27,21,5.1,57,35,13300,2,0
2483,36,45,5.6,416,53,16600,2,0
2484,58,68,6.1,394,128,20100,1,0
2485,27,59,8.0,527,136,26900,4,0
2486,53,36,28.6,158,100,43600,1,0
2487,26,25,3.1,142,12,9600,4,0
2488,63,32,59.0,458,105,101900,1,0
2489,36,93,7.1,54,12,11700,2,0
2490,62,50,4.6,105,29,10200,0,0
2491,42,73,2.5,140,33,3600,0,0
2492,51,79,32.7,80,46,50900,4,1
2493,43,66,6.1,429,94,21400,4,1
2494,60,45,47.3,403,186,81000,0,0
2495,32,50,18.4,97,60,29300,3,0
2496,30,32,3.0,88,13,7900,0,0
2497,53,90,36.0,424,132,69700,2,1
2498,21,23,6.5,91,13,15100,2,1
2499,64,18,6.9,75,21,14900,1,1
2500,37,52,4.6,143,46,11800,1,0
2501,37,23,49.7,699,80,92300,0,0
2502,24,57,28.9,125,66,44800,0,0
2503,32,86,7.8,395,135,22600,5,1
2504,39,5,18.1,115,77,28200,4,1
2505,20,24,31.4,146,51,50100,4,1
2506,30,28,5.2,541,78,21600,1,0
2507,64,45,7.0,55,27,12200,0,0
2508,45,65,6.4,131,30,13100,1,0
2509,59,86,56.3,434,122,97400,0,0
2510,67,17,4.4,466,136,20600,1,1
2511,21,90,21.3,102,96,33500,4,1
2512,45,53,9.6,580,106,26900,2,0
2513,19,94,3.9,308,108,14900,1,0
2514,22,82,7.5,387,86,18200,2,0
2515,66,45,18.6,131,58,30000,5,1
2516,28,54,3.2,389,102,12900,4,1
2517,27,39,4.1,102,34,9200,2,0
2518,36,75,23.0,136,61,38100,0,0
2519,31,21,56.8,483,174,99400,2,1
2520,21,94,40.7,609,160,79500,1,0
2521,41,51,3.9,121,45,8700,0,0
2522,40,33,5.3,74,29,11100,3,1
2523,27,40,2.5,129,26,8700,1,0
2524,40,75,2.8,88,23,8600,2,0
2525,40,4,7.5,109,34,9300,0,0
2526,34,77,6.7,148,37,12200,2,0
2527,43,69,34.2,155,94,58100,4,1
2528,68,90,2.0,123,23,8700,1,0
2529,21,94,9.4,354,75,20400,0,0
2530,26,36,7.0,50,25,11300,1,0
2531,42,49,45.5,453,86,79900,1,1
2532,52,45,7.8,116,21,13900,0,0
2533,53,19,58.5,601,123,105300,0,1
2534,54,56,9.3,482,138,28800,0,0
2535,50,47,25.1,650,192,57700,0,0
2536,21,14,25.9,87,75,45200,0,0
2537,59,48,7.7,131,43,18000,0,0
2538,51,30,5.1,312,111,18200,3,1
2539,61,58,6.5,129,18,14700,1,0
2540,54,45,27.2,190,42,48000,4,1
2541,22,14,27.2,81,83,43300,2,0
2542,26,78,5.4,50,37,8000,0,0
2543,69,89,4.1,577,59,20400,3,0
2544,56,63,15.3,164,100,29200,3,1
2545,44,49,19.5,148,54,33200,1,0
2546,37,45,8.7,542,88,26900,3,0
2547,31,50,27.5,660,151,58400,0,0
2548,36,30,2.2,140,13,5700,1,0
2549,53,75,4.1,136,16,8100,2,0
2550,40,6,6.0,109,33,10700,0,0
2551,38,43,34.0,772,171,69600,0,0
2552,29,91,29.4,100,68,46800,1,0
2553,40,71,8.5,444,102,28000,0,0
2554,51,45,4.3,99,24,9000,1,0
2555,21,57,53.1,468,86,95400,1,0
2556,20,49,4.1,101,36,9400,3,0
2557,50,25,6.1,476,133,21500,4,1
2558,20,32,7.7,77,39,14000,1,0
2559,22,67,51.1,789,144,101100,0,0
2560,50,84,30.9,110,41,52300,1,0
2561,62,76,10.0,414,69,25000,2,0
2562,68,45,23.1,86,36,38000,2,0
2563,42,88,2.4,60,26,8100,2,1
2564,68,45,28.0,150,95,47700,1,0
2565,49,56,4.3,76,44,7800,1,0
2566,32,55,9.2,563,126,26700,0,0
2567,33,80,34.4,110,75,53500,1,0
2568,60,85,5.0,67,41,6300,3,0
2569,46,90,34.7,135,82,53100,2,0
2570,39,41,23.8,182,74,40700,1,0
2571,53,48,6.9,65,39,11500,0,0
2572,37,9,31.9,168,67,55600,1,1
2573,48,93,8.6,354,57,22700,4,0
2574,21,12,25.8,126,35,45200,0,0
2575,61,14,59.7,583,150,106700,0,0
2576,32,9,7.5,595,67,28700,3,0
2577,68,36,4.4,325,134,19100,3,1
2578,55,89,2.9,133,43,8300,0,0
2579,42,75,23.2,102,82,36800,3,0
2580,38,2,4.7,144,15,9800,0,0
2581,54,41,6.5,127,16,13500,0,0
2582,32,78,7.0,93,10,18800,1,0
2583,53,73,22.5,187,54,39200,3,1
2584,50,45,27.7,117,40,43000,0,0
2585,23,22,20.1,126,81,35100,2,0
2586,30,26,18.3,176,47,34100,2,1
2587,23,76,44.8,664,94,84100,0,0
2588,69,44,27.7,81,68,45500,0,0
2589,45,30,46.7,658,136,85300,1,0
2590,38,56,25.6,743,109,57900,1,0
2591,62,8,9.6,497,120,31000,0,0
2592,64,37,51.5,622,141,93600,1,1
2593,30,51,57.1,505,118,97200,0,0
2594,50,10,10.0,400,112,22900,3,1
2595,40,43,4.1,402,115,14500,1,0
2596,30,56,5.7,111,41,14100,1,0
2597,29,70,2.9,97,32,6600,1,0
2598,24,4,5.8,57,34,15200,1,0
2599,49,75,7.6,104,26,16600,0,0
2600,62,95,26.7,198,85,49500,7,1
2601,31,41,17.1,84,78,22700,0,0
2602,47,66,7.9,358,66,22800,5,1
2603,47,6,7.6,77,48,16200,0,0
2604,63,63,9.0,337,145,23800,4,0
2605,37,20,33.9,109,86,54500,1,1
2606,45,65,2.6,106,37,5000,1,0
2607,29,20,9.3,437,96,23300,2,0
2608,56,89,4.3,100,23,9900,0,0
2609,49,93,19.1,195,75,34500,1,0
2610,45,81,4.4,87,22,8900,3,0
2611,58,73,3.6,398,147,17200,3,0
2612,68,62,3.7,73,40,7500,1,0
2613,31,15,5.4,145,43,11500,2,1
2614,56,24,3.1,331,118,10500,1,0
2615,43,3,18.2,170,53,35000,4,1
2616,24,83,4.2,489,100,22600,0,0
2617,38,22,6.2,106,48,12900,3,0
2618,62,62,8.7,355,116,26700,2,1
2619,62,87,5.2,61,41,10000,2,0
2620,65,42,56.3,427,98,95700,0,0
2621,27,30,29.1,475,193,56900,0,0
2622,62,73,9.4,480,90,26600,2,0
2623,20,91,6.9,145,21,15100,1,0
2624,42,11,4.0,468,87,20300,2,1
2625,45,1,37.7,679,147,75600,1,1
2626,38,90,5.3,530,102,21800,2,0
2627,50,70,5.1,469,85,20700,3,0
2628,24,38,7.1,105,22,12800,3,1
2629,46,72,3.3,108,16,4800,2,0
2630,27,57,5.3,339,131,16900,4,0
2631,42,7,18.7,172,63,33800,1,0
2632,23,47,27.4,196,91,47100,3,0
2633,67,47,5.3,91,19,12800,2,0
2634,26,74,7.1,78,39,12200,2,0
2635,62,11,53.0,663,159,99800,0,1
2636,33,4,33.4,98,35,53100,1,0
2637,42,47,40.3,586,119,76800,0,1
2638,28,49,3.7,106,28,11100,0,0
2639,21,28,28.4,102,75,44000,4,1
2640,44,89,4.3,575,107,20300,1,0
2641,64,34,4.4,356,78,18800,0,0
2642,50,86,8.7,542,89,29600,1,0
2643,46,72,8.2,516,100,27700,2,1
2644,55,77,4.0,537,123,19400,1,0
2645,63,45,2.8,77,50,2000,0,0
2646,62,60,7.6,76,24,11600,2,0
2647,47,13,7.6,53,32,10000,1,0
2648,18,38,7.5,72,45,14800,1,0
2649,56,20,8.4,426,87,22600,2,1
2650,23,50,22.4,125,82,33700,7,1
2651,49,92,7.9,330,94,22500,3,0
2652,49,47,17.2,193,74,29900,1,0
2653,27,59,25.7,180,82,44500,2,0
2654,58,66,3.9,115,39,10000,2,0
2655,37,37,48.2,456,159,86800,1,0
2656,26,48,3.6,502,74,21900,0,0
2657,55,40,3.9,599,51,20100,2,0
2658,33,42,29.8,712,154,61200,0,0
2659,31,86,15.6,109,39,26900,4,0
2660,23,74,28.5,145,92,45400,4,1
2661,34,87,35.0,159,89,55600,2,1
2662,37,4,7.3,71,19,11500,1,0
2663,60,59,23.7,131,54,42000,0,0
2664,25,78,9.1,589,106,31100,6,1
2665,41,90,24.5,90,49,38100,2,0
2666,39,50,4.8,102,37,12600,0,0
2667,42,50,3.7,491,123,22300,1,0
2668,58,15,5.2,117,36,12600,0,0
2669,31,12,6.1,122,45,13000,0,1
2670,55,80,20.7,115,32,35600,1,0
2671,27,57,3.1,456,82,16500,2,0
2672,68,81,2.0,93,27,4300,4,1
2673,36,33,9.8,545,132,29500,4,1
2674,50,82,20.3,188,76,35300,2,0
2675,29,65,9.2,434,81,25200,3,1
2676,26,78,4.3,133,14,11400,2,0
2677,44,55,36.3,461,178,69500,1,0
2678,31,79,9.0,478,107,25200,2,0
2679,54,77,2.9,122,23,10300,3,0
2680,60,23,6.7,431,64,19300,1,0
2681,21,14,22.7,163,43,37800,3,1
2682,61,71,9.8,524,90,29100,3,1
2683,48,85,7.3,539,140,25000,3,0
2684,31,4,50.2,785,189,99000,0,1
2685,24,11,28.0,433,89,49900,2,0
2686,42,76,5.6,550,61,27300,1,0
2687,40,87,5.8,341,136,16600,2,0
2688,67,72,2.1,79,12,6600,0,0
2689,43,88,8.5,353,111,25200,0,0
2690,41,22,9.6,503,56,24800,0,0
2691,52,40,52.7,654,170,97300,1,0
2692,31,66,8.0,319,105,22600,0,0
2693,48,60,5.3,434,76,17000,3,1
2694,49,10,5.2,477,130,19300,1,0
2695,31,55,3.5,335,58,14900,0,0
2696,31,36,17.8,157,48,28800,1,0
2697,46,26,31.1,706,141,65700,0,0
2698,56,57,26.4,171,63,43500,0,0
2699,39,82,3.7,116,46,9100,0,0
2700,55,67,4.9,92,18,7900,0,0
2701,35,62,15.3,120,53,22200,0,0
2702,65,81,31.1,120,93,48800,4,1
2703,28,37,15.0,178,99,28200,6,1
2704,55,12,6.2,86,34,11800,2,0
2705,30,57,17.8,188,95,32700,4,0
2706,69,15,32.9,619,177,64400,0,0
2707,55,83,3.9,385,150,12800,1,0
2708,27,65,5.1,496,106,21300,2,0
2709,44,90,32.3,154,60,52600,1,0
2710,28,20,49.0,493,166,87800,4,1
2711,65,55,3.8,144,42,7100,1,0
2712,51,9,9.2,413,149,25600,0,1
2713,37,93,3.9,520,66,17600,4,1
2714,31,45,21.1,172,34,40400,2,0
2715,56,83,22.5,159,48,35000,4,1
2716,22,58,2.6,140,21,9600,0,0
2717,33,36,2.8,121,12,5000,0,0
2718,49,41,3.1,100,42,7400,0,0
2719,29,67,7.0,64,42,12500,3,0
2720,58,87,17.3,185,73,32700,1,0
2721,59,31,7.5,132,15,16400,1,0
2722,46,67,45.5,664,183,87000,0,0
2723,65,51,4.0,106,23,6900,1,0
2724,26,79,3.7,517,113,19800,3,0
2725,20,34,34.3,102,34,54200,2,0
2726,57,19,7.0,133,47,13000,2,0
2727,38,14,46.8,588,122,85900,0,0
2728,58,36,34.1,103,68,57100,1,1
2729,31,4,3.6,51,23,7100,1,0
2730,35,8,36.7,404,140,65000,0,0
2731,44,42,3.2,128,23,10800,0,0
2732,53,63,28.1,193,98,51800,2,0
2733,49,84,3.4,341,141,18200,1,0
2734,39,7,9.7,471,120,27600,3,1
2735,20,16,4.0,493,143,19700,0,0
2736,55,63,7.3,520,140,26200,2,0
2737,65,67,5.8,539,95,22800,0,0
2738,62,15,6.0,146,39,9200,3,1
2739,57,85,16.9,122,59,31300,0,0
2740,62,70,18.7,185,94,31400,1,0
2741,57,87,2.0,106,18,3500,4,1
2742,52,91,21.2,145,66,35400,1,0
2743,55,43,7.1,490,107,26400,1,0
2744,25,24,29.0,130,61,47000,1,0
2745,57,23,28.1,182,58,49500,3,1
2746,45,88,28.5,164,39,48500,1,0
2747,62,68,19.8,155,32,35800,1,0
2748,28,47,9.2,386,102,22800,3,1
2749,51,35,41.7,422,182,72000,1,1
2750,32,27,5.7,78,36,8800,1,0
2751,59,91,3.1,69,41,10600,1,0
2752,26,51,5.2,63,35,7300,3,0
2753,59,40,27.1,428,140,56000,2,0
2754,40,87,26.8,772,143,60800,0,0
2755,66,20,7.8,108,38,12500,0,0
2756,35,30,6.3,305,128,17000,0,0
2757,20,42,31.6,121,91,53500,3,0
2758,31,93,27.3,730,129,59900,0,0
2759,44,20,26.4,136,44,42100,3,1
2760,40,34,27.3,647,126,60500,0,0
2761,45,25,17.8,198,82,31500,1,1
2762,62,76,3.2,108,11,6600,2,0
2763,48,89,8.7,329,124,24700,2,0
2764,24,29,6.3,78,34,13400,3,0
2765,35,18,3.6,455,117,18400,2,1
2766,19,28,32.7,136,48,51900,1,0
2767,41,70,3.8,80,10,6800,2,0
2768,67,6,23.3,115,36,43300,0,0
2769,69,77,30.9,596,109,59900,2,1
2770,31,95,5.8,79,42,7000,2,0
2771,40,69,3.1,89,28,7300,0,0
2772,69,55,58.8,459,138,100100,0,0
2773,38,66,2.9,117,45,9700,0,0
2774,40,81,3.8,115,23,7800,0,0
2775,38,50,16.6,151,32,30200,0,0
2776,21,89,3.1,569,81,19500,1,0
2777,40,36,46.7,544,149,84100,0,0
2778,37,73,5.3,144,32,12500,1,0
2779,24,87,5.9,83,18,9700,0,0
2780,41,50,41.1,781,181,87100,1,0
2781,37,90,16.1,108,77,29700,3,1
2782,69,10,48.9,421,162,86200,1,0
2783,46,93,27.8,155,66,47800,3,0
2784,42,93,5.5,90,25,9800,2,0
2785,60,57,28.9,493,158,57700,0,0
2786,26,8,3.3,83,29,8300,0,0
2787,34,30,5.5,130,44,14300,3,0
2788,40,30,28.4,136,76,47900,6,1
2789,34,39,5.0,58,27,10400,1,0
2790,30,60,4.5,105,12,13200,2,1
2791,35,12,7.2,123,29,15000,1,1
2792,29,48,7.7,96,22,12200,2,0
2793,66,95,20.4,122,68,35000,0,0
2794,37,17,4.3,394,115,17800,3,1
2795,28,41,34.7,144,38,58000,1,0
2796,36,68,2.5,77,15,2100,0,0
2797,41,66,15.8,175,43,31400,3,0
2798,53,26,7.1,343,79,17600,2,0
2799,28,37,6.0,72,35,13900,0,0
2800,64,40,24.3,183,91,43400,1,0
2801,18,88,43.3,588,87,78900,0,0
2802,31,24,4.7,577,86,21200,2,1
2803,48,84,19.8,189,100,34600,6,1
2804,40,50,5.6,94,33,11500,1,0
2805,56,33,7.1,80,23,10700,2,0
2806,67,50,2.5,104,33,5900,1,0
2807,68,90,3.9,103,10,10200,1,0
2808,41,79,21.3,133,44,35900,2,0
2809,64,58,19.9,104,47,32700,0,0
2810,67,26,6.1,73,16,12700,0,1
2811,46,75,18.8,178,87,31600,3,0
2812,53,35,27.4,154,53,43200,0,0
2813,49,89,7.2,566,80,25200,1,0
2814,34,41,31.7,539,175,63300,0,0
2815,60,61,34.2,549,114,64700,0,0
2816,19,81,27.7,128,91,45700,3,1
2817,56,41,45.1,610,111,84700,0,0
2818,33,55,3.9,412,70,18000,1,0
2819,46,39,3.7,92,39,9800,2,0
2820,44,69,3.9,54,15,6600,0,0
2821,66,42,7.1,404,64,24200,1,0
2822,26,25,4.0,483,95,19700,4,1
2823,69,10,6.7,451,103,21800,1,1
2824,47,9,24.2,154,51,43200,2,0
2825,23,11,31.1,146,50,50000,1,0
2826,61,70,9.4,419,126,23500,2,0
2827,40,9,7.4,446,145,24500,4,1
2828,48,86,5.9,118,49,9000,1,0
2829,36,58,16.8,172,78,29100,2,0
2830,27,53,4.1,82,10,8500,0,0
2831,22,46,18.7,128,85,33100,3,1
2832,65,66,15.5,145,74,29300,4,1
2833,55,8,3.1,150,43,9700,0,0
2834,46,51,7.4,569,85,26900,5,1
2835,18,3,33.9,187,86,55000,2,0
2836,46,81,57.4,479,88,99800,0,0
2837,27,58,4.7,94,20,8800,0,0
2838,38,55,5.9,74,14,10300,1,0
2839,32,50,6.1,95,23,10700,1,0
2840,64,65,51.8,447,107,92900,2,1
2841,30,76,20.4,164,99,38400,3,0
2842,40,30,3.7,489,75,14200,0,0
2843,39,65,5.1,81,36,9300,3,0
2844,62,32,3.6,314,97,12000,1,0
2845,27,92,7.5,86,33,13500,1,0
2846,55,14,30.7,448,90,60800,3,0
2847,59,82,24.3,138,33,40300,2,1
2848,31,50,58.8,704,125,109100,0,0
2849,18,9,6.3,406,76,18700,1,0
2850,67,32,3.1,302,63,16100,5,1
2851,25,90,6.0,88,38,15800,1,0
2852,62,69,8.2,375,148,23400,5,1
2853,59,40,4.0,577,57,15000,2,0
2854,21,9,8.2,389,141,20400,0,0
2855,45,35,8.5,313,80,19000,1,0
2856,22,29,30.6,748,123,67700,1,1
2857,68,39,4.0,511,127,19800,2,0
2858,61,80,5.0,385,85,15800,0,0
2859,31,42,25.3,188,93,44900,1,1
2860,32,1,31.6,90,93,49600,0,0
2861,38,95,3.0,351,56,10500,5,0
2862,29,57,6.7,544,98,20500,0,0
2863,39,47,3.5,318,101,15800,1,0
2864,54,48,5.7,125,43,13600,1,0
2865,37,7,7.9,127,12,13200,0,0
2866,52,85,3.3,469,97,15300,2,0
2867,39,22,33.2,129,52,52700,2,0
2868,67,58,46.9,453,181,87900,0,0
2869,23,91,32.7,627,130,66700,0,0
2870,25,50,43.9,783,135,85700,1,0
2871,47,26,8.6,410,101,22800,1,1
2872,19,31,4.2,352,66,17000,3,0
2873,52,40,9.3,463,68,28200,1,0
2874,22,39,5.4,134,23,9300,0,0
2875,27,27,4.1,67,11,6900,1,0
2876,51,83,2.2,71,32,5500,1,0
2877,60,44,3.4,369,91,15100,2,0
2878,69,1,25.9,518,101,53000,0,0
2879,30,8,4.7,94,11,9100,1,1
2880,22,76,7.5,130,18,18300,3,0
2881,43,95,3.9,94,15,7300,0,0
2882,48,17,7.0,565,96,27600,3,1
2883,66,63,29.2,160,75,47600,2,0
2884,29,69,3.5,143,31,13200,2,0
2885,36,93,30.4,162,89,49800,2,0
2886,61,83,6.7,109,25,12800,2,1
2887,19,75,6.5,141,12,15700,0,0
2888,44,26,30.0,177,69,48500,3,0
2889,29,11,7.6,358,136,23600,2,0
2890,49,10,4.2,103,40,9000,0,0
2891,52,87,16.3,163,92,29300,0,0
2892,30,28,7.8,106,43,12900,0,0
2893,40,69,57.3,450,88,99100,0,0
2894,47,60,2.1,60,48,3900,4,1
2895,49,46,16.2,128,77,28500,2,0
2896,42,20,53.2,777,160,100500,4,1
2897,32,5,3.5,77,12,7800,2,1
2898,29,19,5.9,102,40,11400,0,0
2899,21,84,7.0,513,90,26500,1,0
2900,31,80,19.1,101,85,29600,1,0
2901,36,11,6.2,110,42,12500,2,0
2902,66,89,17.8,150,51,33200,2,0
2903,63,10,3.3,317,107,15400,2,0
2904,37,58,4.3,411,80,19600,2,0
2905,67,95,3.5,76,39,5600,3,0
2906,67,53,6.1,382,139,23000,2,0
2907,19,76,36.4,494,130,67200,2,1
2908,22,25,2.9,87,24,6800,1,0
2909,68,38,9.6,333,107,22400,3,0
2910,53,82,23.8,80,55,39900,1,0
2911,29,82,7.8,413,83,24600,1,0
2912,19,57,2.7,108,16,3600,5,1
2913,23,8,3.4,113,44,3700,1,0
2914,61,76,2.6,119,37,8800,0,0
2915,37,46,6.3,509,67,21800,2,1
2916,54,57,22.8,91,35,38400,4,1
2917,67,47,5.6,127,23,12300,2,0
2918,20,54,4.8,429,67,18600,4,1
2919,51,44,7.7,143,47,15200,2,1
2920,69,39,7.8,132,26,12600,1,0
2921,19,78,27.5,169,82,45000,2,0
2922,47,89,7.2,125,33,15300,3,0
2923,35,58,25.3,166,45,43700,0,0
2924,35,16,7.8,383,84,24700,1,0
2925,20,88,3.7,132,16,8500,3,1
2926,69,51,7.2,79,47,12800,1,0
2927,55,61,4.0,437,109,18600,0,0
2928,41,41,26.7,170,42,39900,3,1
2929,44,64,2.8,113,47,9900,0,0
2930,34,74,7.8,51,32,12700,1,0
2931,55,30,32.2,129,54,51900,1,0
2932,65,64,5.5,337,91,17900,3,0
2933,63,14,2.2,90,22,3600,2,0
2934,27,76,38.6,657,105,76400,1,0
2935,32,64,7.5,51,24,10800,0,0
2936,24,59,20.7,134,90,29600,4,0
2937,64,79,3.3,409,149,18100,1,0
2938,41,77,16.4,166,97,34500,4,1
2939,56,1,3.0,67,37,7900,2,1
2940,21,74,2.1,76,47,6800,0,0
2941,64,47,22.2,94,46,36000,0,0
2942,63,80,46.5,629,91,90800,1,1
2943,43,63,16.2,108,97,31200,0,0
2944,18,65,3.7,86,44,7100,5,1
2945,59,9,21.8,126,73,36400,2,0
2946,69,34,26.5,787,108,58300,0,0
2947,69,17,7.0,78,32,12900,3,1
2948,37,4,5.8,103,42,8300,0,0
2949,29,19,39.4,611,200,75000,0,0
2950,50,23,4.3,139,44,10400,1,0
2951,43,74,4.5,481,144,16500,3,1
2952,67,38,6.5,479,148,21700,3,0
2953,66,55,29.7,620,123,62900,1,0
2954,23,54,5.8,56,18,12200,3,0
2955,67,55,31.0,597,180,61200,0,0
2956,50,17,4.6,54,45,8200,2,1
2957,51,88,7.0,402,106,21100,2,0
2958,51,4,4.8,145,16,10700,0,0
2959,38,89,30.9,171,72,50900,2,0
2960,22,73,5.8,432,59,18000,1,0
2961,23,10,9.6,328,82,25800,0,0
2962,65,87,22.4,186,85,39100,3,0
2963,46,4,5.9,100,31,9900,2,1
2964,34,91,4.0,373,96,16600,3,0
2965,60,8,24.0,196,80,43200,1,0
2966,25,30,4.9,72,12,10400,2,0
2967,58,88,24.9,112,64,45100,1,0
2968,37,59,6.0,365,105,17200,1,0
2969,28,91,3.0,125,15,6600,1,0
2970,58,69,6.2,59,31,8900,2,0
2971,46,60,4.1,503,127,17300,2,0
2972,55,49,9.4,391,106,27400,4,1
2973,57,86,21.8,101,80,36300,5,1
2974,65,20,3.4,66,14,6700,2,0
2975,49,43,4.5,148,17,12700,3,1
2976,31,15,26.3,90,50,41300,0,0
2977,39,39,4.2,466,85,15900,2,1
2978,67,29,7.9,64,42,13500,2,1
2979,53,34,53.8,553,86,93700,2,1
2980,41,75,7.7,376,132,19400,0,0
2981,44,26,22.4,173,79,42300,3,1
2982,54,59,5.2,513,67,21900,3,0
2983,31,49,2.2,65,40,6600,0,0
2984,21,4,59.1,429,177,104600,0,0
2985,42,91,18.4,124,55,31400,3,0
2986,29,86,3.7,90,25,9500,1,0
2987,45,26,41.5,605,82,77400,2,1
2988,68,22,33.5,156,98,51200,1,0
2989,53,52,47.5,422,166,84900,0,0
2990,55,35,2.5,93,33,9100,0,0
2991,23,6,4.1,60,42,7200,0,0
2992,26,93,31.4,119,95,50600,7,1
2993,62,53,50.2,642,147,89400,0,0
2994,69,33,3.4,150,16,6600,1,0
2995,66,58,27.1,111,94,47500,0,0
2996,62,65,7.3,428,75,21300,2,0
2997,33,11,21.8,82,60,33800,3,1
2998,59,43,33.1,134,82,53300,3,1
2999,51,69,50.6,480,176,87500,0,0
3000,53,95,31.9,111,91,49000,1,0
3001,35,4,9.6,510,54,24500,1,0
3002,68,81,8.2,354,136,22800,2,0
3003,49,46,39.3,465,183,71200,1,0
3004,66,44,7.7,90,21,13000,0,0
3005,60,22,29.4,83,67,48200,1,1
3006,62,66,6.5,122,47,17200,3,0
3007,62,26,5.8,84,16,9800,2,0
3008,28,95,4.7,590,142,20600,0,0
3009,41,21,43.4,732,115,82100,0,0
3010,49,76,2.7,89,41,8800,1,0
3011,28,78,9.5,494,58,25100,3,0
3012,55,68,21.2,180,58,37800,1,0
3013,34,60,3.3,494,105,21400,4,0
3014,22,70,18.8,151,98,32900,3,1
3015,44,84,19.7,180,60,34300,5,1
3016,35,2,2.8,51,10,6400,1,1
3017,64,80,19.0,170,81,37100,0,0
3018,69,4,3.1,58,38,5200,0,0
3019,36,13,45.6,568,169,84300,1,1
3020,34,23,3.4,61,43,6100,2,0
3021,32,59,7.9,474,122,24400,2,0
3022,26,50,17.1,96,70,26400,1,0
3023,48,74,7.9,103,34,17900,1,0
3024,52,24,40.7,440,116,74600,0,0
3025,29,43,4.6,360,70,17400,2,0
3026,33,71,7.3,400,142,24100,0,0
3027,57,84,7.2,81,17,14100,3,0
3028,30,88,18.5,144,66,34600,2,0
3029,58,80,4.6,457,66,18000,0,0
3030,27,7,3.3,129,24,8100,2,1
3031,61,45,8.7,408,117,24000,1,1
3032,26,43,7.1,351,147,21300,2,0
3033,66,27,54.1,786,191,100000,0,1
3034,21,43,30.1,108,79,54600,0,0
3035,41,18,2.1,80,16,3700,3,1
3036,28,24,6.9,62,33,12100,2,0
3037,49,53,10.0,487,149,31600,5,1
3038,39,90,3.1,137,26,7600,0,0
3039,31,90,7.9,394,76,24200,1,0
3040,32,80,6.7,411,148,24300,2,0
3041,24,39,18.0,199,61,28600,0,0
3042,69,67,3.9,399,56,14500,3,0
3043,35,31,7.5,144,19,15600,1,0
3044,66,71,6.6,453,80,19800,0,0
3045,58,73,25.1,148,63,44600,3,0
3046,35,47,43.6,510,111,81900,1,0
3047,53,2,18.5,190,53,34700,0,0
3048,53,17,2.4,125,45,6100,1,0
3049,31,5,3.4,103,15,6700,1,1
3050,43,62,24.9,161,31,43000,1,0
3051,48,6,5.4,60,18,6100,2,1
3052,42,14,40.6,439,145,71600,2,1
3053,58,77,3.7,456,122,19800,2,0
3054,34,63,5.1,133,26,11400,2,0
3055,48,47,4.3,426,107,15200,3,0
3056,34,51,37.6,705,135,76200,0,0
3057,25,92,3.4,598,78,22400,3,0
3058,23,37,24.7,145,60,40300,1,0
3059,24,62,8.3,453,116,21100,5,1
3060,60,63,7.2,593,53,23900,3,0
3061,68,61,6.8,335,132,19800,4,0
3062,61,19,7.8,140,38,14900,0,0
3063,19,18,6.9,107,45,10300,1,0
3064,33,86,5.0,78,19,8300,1,0
3065,41,50,22.0,169,87,37200,2,0
3066,24,66,5.0,472,120,21500,1,0
3067,50,50,3.2,131,34,5300,0,0
3068,67,95,5.5,366,118,16500,1,0
3069,43,13,3.3,104,15,9900,0,0
3070,41,85,7.1,125,44,11100,6,1
3071,19,15,28.6,114,97,42000,2,1
3072,61,46,31.2,532,161,58700,0,1
3073,38,33,56.8,679,110,102000,0,1
3074,24,42,3.0,60,36,4600,5,1
3075,55,38,7.8,115,28,14500,3,1
3076,47,25,22.9,107,94,37300,1,0
3077,65,71,2.2,113,42,4000,1,0
3078,28,44,42.1,476,121,77900,1,0
3079,55,56,7.5,371,80,19200,2,0
3080,47,75,3.0,126,37,10100,0,0
3081,58,27,29.6,131,38,45800,1,0
3082,35,10,5.0,531,78,21200,2,0
3083,68,95,39.9,598,148,78600,0,0
3084,21,23,59.5,552,121,103300,4,1
3085,27,62,28.9,98,48,47500,0,0
3086,37,44,5.8,536,101,25300,1,0
3087,51,89,56.9,701,167,101400,1,0
3088,41,40,21.0,153,73,33900,4,1
3089,37,57,8.5,568,76,27400,1,1
3090,22,70,21.9,169,39,34300,2,0
3091,61,4,31.8,142,85,51700,1,1
3092,60,53,5.8,138,31,12900,4,1
3093,26,82,4.6,92,38,9100,0,0
3094,35,23,7.5,141,18,13500,2,0
3095,34,1,25.7,95,66,41700,3,1
3096,43,28,16.7,84,91,27000,1,0
3097,48,26,5.0,478,56,19700,2,0
3098,19,49,3.8,345,97,13500,1,0
3099,40,76,7.2,586,86,29200,1,0
3100,32,92,28.4,193,35,50500,1,0
3101,55,30,32.7,130,72,54400,1,1
3102,61,18,7.9,318,67,20100,0,0
3103,66,71,7.3,595,103,28000,2,1
3104,29,64,9.2,423,110,26100,2,0
3105,43,37,7.1,100,27,12700,1,0
3106,39,12,29.8,536,89,61400,0,0
3107,40,20,8.0,80,20,17700,1,0
3108,36,22,5.0,79,27,4600,2,0
3109,18,41,7.6,395,139,24000,5,1
3110,44,35,5.2,118,15,11400,1,0
3111,52,17,6.8,408,73,21900,0,0
3112,33,68,17.5,170,97,30100,1,0
3113,28,17,27.2,165,63,46400,3,1
3114,62,46,41.8,723,143,81400,0,0
3115,68,10,8.7,331,78,18900,0,0
3116,69,70,2.4,142,14,6800,0,0
3117,23,20,52.7,731,98,102400,0,0
3118,27,10,4.4,82,12,8500,0,0
3119,49,63,8.3,341,123,21400,2,0
3120,41,47,53.5,758,116,98000,0,1
3121,53,70,7.5,451,127,26300,4,0
3122,34,73,31.2,132,30,51300,2,0
3123,32,69,49.1,769,110,93100,2,1
3124,55,8,6.4,418,81,24100,0,0
3125,43,54,4.1,136,28,10000,1,0
3126,21,94,39.2,768,199,81200,0,0
3127,28,62,33.6,170,62,54300,4,1
3128,42,17,3.3,62,24,10400,1,0
3129,63,21,30.9,189,73,49400,2,1
3130,69,31,3.5,82,29,9900,1,0
3131,59,93,28.1,112,35,44500,2,0
3132,29,92,16.4,157,92,27000,2,0
3133,67,86,6.2,99,11,13000,2,0
3134,44,59,30.2,166,97,48400,1,0
3135,49,71,6.8,148,33,13000,2,0
3136,69,77,47.0,800,140,93000,0,0
3137,34,75,7.1,96,40,15400,1,0
3138,35,1,6.8,492,146,27900,2,1
3139,45,81,3.9,540,136,20100,1,0
3140,66,51,3.4,453,146,18300,2,0
3141,42,30,30.0,183,47,44400,1,0
3142,28,89,5.3,89,20,10100,0,0
3143,60,44,3.4,123,39,5300,3,1
3144,57,74,7.6,57,34,12100,2,0
3145,37,81,6.9,586,102,25500,2,0
3146,23,89,7.0,81,22,13600,0,0
3147,29,37,28.2,134,99,47400,2,0
3148,56,21,6.2,116,12,13600,0,0
3149,65,52,6.0,77,34,9100,0,0
3150,37,64,31.5,83,44,45200,2,0
3151,31,69,38.2,461,158,73300,1,0
3152,21,46,17.7,179,40,30900,0,0
3153,25,20,6.1,114,14,13300,1,0
3154,41,95,27.7,197,65,45400,2,0
3155,22,9,34.2,194,72,55500,1,1
3156,37,85,3.8,111,38,7800,1,0
3157,66,26,22.3,134,46,36400,0,0
3158,41,1,33.8,629,121,68600,0,0
3159,48,13,4.5,144,18,9800,0,0
3160,27,59,4.2,84,23,7900,1,0
3161,68,82,5.1,405,128,19000,3,0
3162,45,84,7.1,115,26,13300,1,0
3163,56,82,6.3,104,34,11600,4,0
3164,51,20,5.6,113,20,14000,1,0
3165,40,45,26.0,621,121,56000,0,0
3166,23,50,35.1,649,177,74700,0,0
3167,22,14,44.2,420,171,78800,0,0
3168,26,55,3.4,108,38,6300,2,0
3169,50,51,54.3,728,81,98100,0,0
3170,20,66,6.6,135,41,13500,2,0
3171,18,48,28.3,143,64,44300,0,0
3172,19,49,28.0,104,71,44400,0,0
3173,21,32,19.7,186,40,32700,1,1
3174,58,13,52.0,495,173,94500,0,0
3175,48,54,7.0,395,144,22200,1,0
3176,27,6,25.9,112,31,41500,4,1
3177,25,34,6.8,589,118,25100,1,0
3178,43,60,3.6,541,77,17700,3,0
3179,32,81,4.3,125,25,8200,1,0
3180,60,32,7.7,61,37,13100,2,0
3181,22,30,7.4,83,23,15900,0,0
3182,38,70,29.6,575,133,61100,0,0
3183,49,84,54.2,735,188,100600,1,0
3184,43,86,6.8,52,32,11900,2,0
3185,64,40,41.5,658,80,80500,0,0
3186,22,18,6.9,78,43,9800,6,1
3187,52,56,6.0,87,38,11500,2,0
3188,58,35,5.0,142,14,9400,1,0
3189,48,49,23.8,101,41,36800,4,1
3190,54,40,53.7,685,120,100200,0,1
3191,51,89,6.9,364,128,21600,1,0
3192,51,91,2.7,64,26,7200,0,0
3193,31,70,4.9,102,29,8100,2,0
3194,36,30,9.6,556,128,29800,0,0
3195,24,65,3.9,91,18,9600,0,0
3196,65,1,5.1,340,142,15800,2,1
3197,34,75,8.4,542,80,27000,2,1
3198,43,25,9.7,392,93,24600,0,0
3199,41,13,10.0,528,123,32300,1,0
3200,49,3,15.9,183,79,28000,2,0
3201,45,33,2.8,130,36,5800,1,0
3202,31,11,9.2,382,62,24600,1,0
3203,25,20,28.2,113,91,44200,1,0
3204,58,79,3.4,475,129,19300,3,1
3205,26,23,6.8,145,29,15800,1,0
3206,67,23,5.6,82,38,11800,2,0
3207,40,65,18.7,95,77,32400,3,0
3208,33,6,4.7,312,113,14900,3,1
3209,18,71,22.9,185,70,41700,3,0
3210,67,70,5.2,546,136,23000,2,0
3211,67,74,2.6,137,15,8800,1,0
3212,22,52,3.3,114,46,6100,0,0
3213,53,4,9.7,468,146,27100,1,0
3214,25,44,37.1,764,91,70100,1,0
3215,59,44,3.0,66,33,2000,1,0
3216,44,83,7.6,55,47,16800,0,0
3217,61,5,2.1,90,33,6300,0,0
3218,24,9,34.5,134,70,52800,2,1
3219,23,63,18.9,127,82,30600,6,1
3220,47,20,23.7,98,43,36300,3,0
3221,36,60,9.3,504,55,30900,3,0
3222,40,8,6.5,103,20,12400,0,0
3223,56,9,43.4,500,84,76500,0,0
3224,64,58,6.5,492,99,24600,1,0
3225,27,52,41.3,472,146,76200,1,0
3226,23,17,6.1,529,98,25700,2,0
3227,65,40,9.4,404,80,25300,0,0
3228,46,16,2.6,65,45,6800,0,0
3229,66,13,4.3,419,92,17300,4,1
3230,46,3,18.8,187,93,34300,1,1
3231,20,47,5.8,120,43,10100,1,0
3232,67,75,3.8,313,147,12700,2,0
3233,65,73,27.9,132,66,45700,2,0
3234,41,17,52.5,776,182,101200,0,1
3235,39,27,8.2,460,127,29800,1,0
3236,59,79,44.0,413,80,77400,0,0
3237,57,53,41.6,597,154,78800,0,0
3238,33,7,19.1,169,50,34900,2,0
3239,44,41,27.2,673,118,55800,2,1
3240,50,60,32.3,157,70,51800,7,1
3241,18,45,16.5,181,98,33200,1,0
3242,26,1,29.8,446,179,57300,1,1
3243,61,61,3.5,464,123,18700,0,0
3244,68,92,8.1,535,133,26100,1,0
3245,38,29,26.8,659,129,58800,0,0
3246,37,33,5.0,558,148,27100,1,0
3247,64,10,3.2,87,32,5400,0,0
3248,38,95,5.4,367,117,19000,3,0
3249,65,50,5.8,512,54,20800,4,1
3250,55,25,3.9,436,125,18600,0,0
3251,20,30,54.4,519,141,96200,0,1
3252,38,71,8.4,385,82,25800,1,0
3253,48,88,39.0,717,162,79600,0,0
3254,35,12,6.7,542,143,22700,2,0
3255,46,5,34.3,455,174,65300,0,0
3256,45,67,21.4,139,98,37800,5,1
3257,57,9,7.8,101,27,14700,0,0
3258,35,76,29.0,137,93,47500,1,0
3259,42,37,54.7,720,98,97400,0,0
3260,65,78,37.7,459,184,69800,2,1
3261,20,86,3.3,320,72,14400,3,0
3262,43,37,16.5,94,58,29900,1,0
3263,64,57,5.8,146,42,12000,1,0
3264,44,69,2.3,149,35,5100,1,0
3265,25,93,30.8,104,34,48800,4,1
3266,44,22,31.6,119,64,51500,2,0
3267,29,36,52.9,714,92,98000,2,0
3268,69,2,23.7,125,31,35500,1,1
3269,33,32,30.6,152,73,49800,1,0
3270,59,58,29.1,144,33,46700,4,0
3271,56,21,6.9,83,48,9700,1,0
3272,18,60,7.2,64,11,11900,4,1
3273,65,5,5.4,570,142,21300,1,0
3274,50,70,6.0,445,64,19500,2,0
3275,55,44,36.8,700,140,75500,0,0
3276,47,88,22.6,85,44,38300,2,1
3277,26,93,9.9,376,52,25900,0,0
3278,21,79,3.5,593,68,21500,0,0
3279,63,4,4.4,404,95,14100,2,1
3280,68,6,5.0,120,25,8800,0,0
3281,54,90,30.9,430,165,58800,1,0
3282,44,35,5.2,439,127,23500,2,0
3283,60,30,3.0,519,146,19000,0,0
3284,35,55,5.1,74,27,7000,0,0
3285,68,94,47.4,789,110,90100,1,0
3286,40,75,8.0,433,107,23100,1,0
3287,42,57,2.5,118,38,9400,0,0
3288,60,80,34.0,172,61,57500,0,0
3289,21,12,7.9,106,47,15000,5,1
3290,22,31,3.6,112,20,7300,0,0
3291,25,39,4.0,557,75,18400,1,0
3292,37,86,9.6,321,63,21900,0,0
3293,57,75,25.4,86,32,39100,0,0
3294,48,34,6.6,114,34,11300,1,0
3295,30,63,5.5,140,36,11700,0,0
3296,42,5,4.1,110,29,9200,5,1
3297,42,13,4.8,132,31,9400,0,0
3298,34,15,6.1,140,30,16500,2,1
3299,67,82,6.3,303,96,16900,2,0
3300,27,71,8.6,380,102,22000,3,0
3301,41,13,18.7,96,46,27500,1,0
3302,69,17,9.2,480,56,26100,1,1
3303,55,1,3.4,63,37,11500,1,0
3304,60,45,30.3,545,137,59500,0,0
3305,23,42,25.5,148,88,43900,2,0
3306,47,14,3.6,113,11,10400,1,0
3307,49,10,33.6,135,34,57300,2,1
3308,69,45,26.7,98,96,45900,0,0
3309,55,1,59.1,676,93,104100,2,1
3310,66,75,6.2,562,107,25400,3,0
3311,28,15,5.3,90,47,13100,0,0
3312,30,50,7.2,447,113,24500,2,1
3313,26,75,7.7,86,21,13000,1,0
3314,30,69,20.8,167,61,35300,1,0
3315,27,17,8.8,307,79,21000,3,1
3316,51,54,5.0,78,45,6900,2,0
3317,28,6,8.7,506,114,26900,0,0
3318,24,62,22.1,165,80,41700,2,0
3319,41,44,4.1,78,41,9600,1,0
3320,54,55,25.2,788,88,59400,2,0
3321,55,55,5.9,386,71,17800,2,0
3322,18,5,5.1,58,31,7000,4,1
3323,48,11,7.9,57,25,12900,2,0
3324,20,32,29.2,168,98,49700,1,0
3325,66,30,4.2,313,97,13300,0,0
3326,46,16,52.5,527,151,93600,1,0
3327,45,65,25.0,150,37,41800,1,0
3328,58,57,2.6,116,26,10200,1,0
3329,62,17,5.6,81,48,11300,0,0
3330,27,13,5.1,82,13,13200,3,0
3331,65,8,3.6,561,56,21100,2,1
3332,39,58,5.2,120,23,8600,3,1
3333,25,24,34.2,124,76,55600,1,1
3334,65,6,4.4,99,50,10700,1,0
3335,54,40,4.2,89,18,7500,1,0
3336,58,61,10.0,488,147,29200,4,1
3337,21,50,3.2,313,112,17800,4,1
3338,66,16,3.5,103,34,5900,0,0
3339,42,51,4.4,72,50,8100,3,0
3340,33,23,2.7,84,26,7800,1,0
3341,67,6,4.3,122,34,8400,0,0
3342,41,88,22.1,108,31,34800,0,0
3343,56,40,9.0,454,93,28200,1,0
3344,54,66,3.8,121,30,9300,1,0
3345,49,70,3.6,72,12,5400,0,0
3346,61,63,20.0,86,83,32600,5,1
3347,46,81,3.8,564,72,20400,1,0
3348,39,42,6.3,518,117,23700,8,1
3349,69,73,7.0,80,34,13700,2,0
3350,58,75,16.9,181,40,27900,5,1
3351,35,86,4.2,424,96,20300,1,0
3352,37,29,34.0,187,50,54100,2,0
3353,63,2,31.2,580,102,63900,0,0
3354,34,30,3.8,99,49,10700,2,1
3355,48,72,34.4,106,97,54500,3,1
3356,45,39,9.2,446,148,26000,4,1
3357,45,54,40.4,718,187,81900,0,0
3358,46,25,6.3,136,18,15000,3,1
3359,47,22,6.7,448,67,22600,1,0
3360,35,47,6.8,66,11,8700,1,0
3361,42,13,5.9,338,88,17200,1,0
3362,18,45,28.2,109,80,47900,2,1
3363,22,19,3.4,523,142,16600,1,0
3364,58,52,2.6,138,37,5200,1,0
3365,49,62,38.3,788,88,79000,0,0
3366,42,71,25.2,96,31,39200,0,0
3367,49,5,7.4,388,109,21100,4,1
3368,62,93,6.6,93,10,11500,0,0
3369,67,19,2.0,74,16,3900,1,0
3370,44,51,6.4,112,44,13600,4,1
3371,58,62,7.7,435,96,26200,2,0
3372,35,89,41.4,420,138,72100,1,1
3373,36,44,25.3,168,35,42600,5,1
3374,44,85,5.2,136,19,10000,1,0
3375,42,48,42.9,736,164,85800,1,0
3376,68,13,8.3,362,66,21800,0,0
3377,46,48,15.7,167,69,33500,2,1
3378,44,25,8.7,457,64,25800,4,1
3379,52,62,5.4,62,32,10500,1,0
3380,47,7,34.9,177,74,60300,1,1
3381,51,46,20.7,134,98,34500,2,1
3382,45,51,4.3,70,31,7400,0,0
3383,45,21,4.2,87,42,9200,1,0
3384,48,81,5.5,92,24,9700,0,0
3385,36,13,9.8,582,66,26300,0,0
3386,53,70,3.0,571,64,18100,0,0
3387,44,39,29.7,169,45,48700,5,1
3388,54,2,41.6,509,87,77700,0,0
3389,42,41,3.1,140,35,7600,0,0
3390,50,9,7.2,304,52,15800,0,0
3391,39,2,8.1,438,97,21400,3,1
3392,48,95,4.1,139,26,13000,2,0
3393,42,27,37.5,535,126,71200,0,1
3394,55,36,4.2,358,63,18500,3,1
3395,54,2,24.8,149,71,47500,2,1
3396,50,72,18.9,110,55,29500,1,0
3397,30,27,31.0,108,70,49200,3,0
3398,23,23,21.4,178,87,33500,2,0
3399,41,67,7.5,72,29,12000,2,0
3400,40,83,16.1,93,89,26000,1,0
3401,29,52,26.3,653,114,59600,0,0
3402,26,68,15.5,94,59,25700,2,0
3403,64,56,4.1,85,29,7100,1,0
3404,57,65,30.4,491,195,64700,0,0
3405,18,16,25.8,117,55,38300,1,0
3406,39,9,4.6,129,47,13100,1,0
3407,60,83,23.5,182,51,41200,2,0
3408,52,19,7.0,115,22,12300,2,0
3409,54,51,9.6,316,147,22100,5,1
3410,65,36,7.6,353,104,20900,2,1
3411,44,61,4.0,131,13,9300,4,0
3412,44,10,5.6,121,40,12000,4,1
3413,58,91,27.1,185,37,46100,2,0
3414,22,79,4.8,109,16,10500,1,0
3415,68,69,7.5,348,101,20400,0,0
3416,41,84,8.5,446,131,26600,2,0
3417,27,17,2.3,57,18,5300,0,0
3418,25,50,18.0,114,46,26600,3,0
3419,40,60,33.3,147,74,53100,1,0
3420,68,83,25.4,111,34,44600,2,0
3421,67,24,8.1,379,137,24400,3,1
3422,36,10,29.8,155,42,53300,3,1
3423,34,33,25.2,124,85,40800,3,0
3424,33,81,17.4,99,43,26900,5,1
3425,27,21,30.7,194,85,52700,1,1
3426,55,94,7.2,132,39,13600,0,0
3427,43,7,3.8,536,69,19400,1,1
3428,46,3,2.6,85,39,4100,0,0
3429,48,78,7.5,120,13,14200,2,0
3430,31,64,4.0,328,99,17000,0,0
3431,36,12,4.5,90,13,9100,0,0
3432,63,49,3.9,355,50,15700,2,0
3433,21,34,2.5,65,49,5800,3,1
3434,32,73,26.9,677,185,61600,1,0
3435,45,71,37.3,606,154,74800,0,0
3436,67,19,2.9,90,47,6100,1,0
3437,31,15,57.3,746,82,103100,0,1
3438,28,47,53.3,681,127,98100,1,1
3439,21,53,7.5,81,31,13500,2,0
3440,21,90,28.4,167,41,48100,1,0
3441,41,22,6.8,89,30,10400,0,0
3442,34,66,6.1,94,33,14700,1,0
3443,22,18,18.3,119,77,34600,2,0
3444,57,59,25.9,193,43,41800,1,0
3445,36,43,15.6,168,100,28400,3,1
3446,48,92,5.5,94,12,9500,0,0
3447,34,70,17.2,104,56,28100,0,0
3448,48,59,26.8,441,84,55800,1,1
3449,44,8,23.5,176,36,40500,1,1
3450,34,16,5.0,353,78,17300,4,1
3451,45,47,7.0,130,21,16100,2,0
3452,18,31,7.5,375,53,17200,1,0
3453,19,31,18.8,129,50,35300,2,0
3454,42,58,41.7,699,159,86000,1,0
3455,35,68,6.8,88,13,13300,2,0
3456,54,9,9.5,470,133,23200,2,0
3457,62,77,16.2,99,89,27200,2,1
3458,43,57,24.5,96,51,43100,4,1
3459,46,6,4.1,142,33,9300,0,0
3460,21,10,48.1,583,180,85200,0,0
3461,46,85,4.4,103,33,9600,0,0
3462,56,3,9.3,465,106,22700,6,1
3463,37,7,6.0,98,43,11700,0,0
3464,20,82,25.8,768,197,59100,2,0
3465,28,30,4.1,356,58,14600,4,1
3466,33,66,9.1,585,71,31400,3,0
3467,24,10,17.7,144,36,31200,1,0
3468,60,7,29.3,87,99,49900,3,0
3469,30,73,25.1,96,62,41100,1,0
3470,48,39,9.8,398,95,24400,1,1
3471,18,86,17.6,179,46,30700,4,0
3472,22,2,40.5,625,135,76900,0,1
3473,60,53,3.9,117,14,5200,4,1
3474,25,54,40.6,542,178,77300,0,1
3475,60,76,3.7,148,32,10400,2,0
3476,60,4,7.4,123,47,16000,2,0
3477,65,39,4.3,111,33,8700,1,0
3478,54,75,5.7,102,13,12400,0,0
3479,61,9,45.0,718,174,85400,1,0
3480,65,49,8.2,399,114,23000,3,0
3481,43,41,8.8,402,111,23800,1,0
3482,23,21,3.2,76,25,5900,2,0
3483,62,70,4.1,51,18,7900,0,0
3484,50,44,22.1,80,49,38600,3,1
3485,49,95,5.8,588,107,27600,1,0
3486,36,69,5.4,119,48,10500,2,0
3487,36,58,31.2,93,60,52200,1,1
3488,32,73,25.1,180,43,37900,5,1
3489,20,81,8.7,371,119,23900,3,1
3490,30,16,6.7,496,68,21900,1,0
3491,54,67,7.7,64,28,12900,2,0
3492,18,58,3.6,69,34,8900,1,0
3493,18,14,3.5,346,57,16700,1,0
3494,55,66,37.9,780,91,78300,0,0
3495,60,7,28.5,102,63,44600,0,0
3496,47,74,8.1,571,126,26200,0,0
3497,28,87,6.8,143,11,15400,2,0
3498,25,21,24.7,133,96,41000,2,0
3499,49,30,7.8,418,111,22300,4,1
3500,34,68,3.8,111,27,8200,0,0
3501,61,73,30.3,171,30,47000,1,0
3502,38,48,28.7,409,197,57000,1,0
3503,65,13,7.5,74,47,12200,0,0
3504,66,10,6.6,140,39,13800,1,0
3505,63,94,8.3,581,64,30900,1,0
3506,58,45,7.2,482,138,28400,5,1
3507,40,61,7.7,79,40,9600,1,0
3508,55,36,7.0,106,24,14000,1,0
3509,48,27,5.2,107,30,8000,1,0
3510,25,37,6.8,138,11,11900,0,0
3511,38,80,3.7,526,127,19800,0,0
3512,24,9,5.3,72,34,11300,0,0
3513,32,44,7.2,409,117,23200,2,0
3514,47,39,7.7,450,140,22900,1,0
3515,31,31,6.0,127,13,12100,4,1
3516,47,76,3.5,465,97,22700,0,0
3517,67,71,4.4,59,37,9500,0,0
3518,38,4,8.1,450,113,20900,3,1
3519,46,57,5.4,80,42,11400,2,0
3520,69,21,34.7,176,81,54500,2,0
3521,52,76,32.2,167,96,52700,2,0
3522,25,22,34.4,160,50,59100,0,1
3523,32,11,8.1,359,116,22700,2,1
3524,63,77,3.4,454,86,14900,0,0
3525,58,92,5.4,117,28,14800,2,0
3526,66,55,4.2,136,34,8900,0,0
3527,58,62,48.7,706,153,91900,0,0
3528,27,59,16.2,194,43,32300,3,0
3529,53,2,7.0,551,77,27500,4,1
3530,24,89,24.2,119,79,42300,1,0
3531,61,15,5.3,402,54,17400,2,0
3532,20,56,5.3,101,47,8900,0,0
3533,52,90,20.9,84,31,33000,3,0
3534,68,51,3.7,354,86,16800,4,1
3535,36,83,17.0,100,80,30900,0,0
3536,36,77,9.6,534,144,31700,2,0
3537,21,82,5.0,503,67,22100,5,1
3538,45,22,5.5,592,142,21900,3,0
3539,25,27,4.1,123,23,9000,2,0
3540,32,54,34.4,557,90,68600,1,0
3541,28,88,33.0,125,32,49600,5,1
3542,64,76,6.7,55,34,9200,2,0
3543,59,87,6.2,386,117,19900,2,0
3544,58,75,6.9,69,41,12200,3,0
3545,28,27,4.9,145,33,11100,3,1
3546,66,38,22.2,165,54,40200,2,1
3547,56,43,21.2,161,56,37500,1,0
3548,62,44,6.1,120,27,13500,0,0
3549,54,6,57.2,562,129,101500,1,1
3550,60,78,8.2,338,136,24500,1,0
3551,55,65,3.1,53,49,9500,1,0
3552,47,2,28.5,555,147,62000,0,0
3553,31,68,4.6,132,35,11200,1,0
3554,26,34,2.8,89,27,7600,0,0
3555,52,77,3.1,565,107,17400,0,0
3556,26,39,2.2,123,29,5400,2,0
3557,68,38,4.3,71,43,6800,1,0
3558,22,37,2.0,137,42,10900,1,0
3559,60,50,6.1,91,10,14100,0,0
3560,19,12,4.2,71,28,4900,1,0
3561,26,7,6.8,325,91,21800,1,0
3562,45,58,7.7,143,15,14200,0,0
3563,19,38,30.5,86,78,47300,1,0
3564,38,51,52.3,793,93,100200,0,0
3565,59,81,20.5,89,79,30400,0,0
3566,66,39,4.1,133,18,6300,1,0
3567,50,1,4.2,90,23,11700,1,0
3568,56,5,37.3,799,98,77800,0,0
3569,51,3,6.5,148,28,13300,1,0
3570,69,20,28.7,180,92,49900,3,0
3571,26,19,22.7,190,69,40400,3,0
3572,38,9,7.4,387,138,20000,2,1
3573,60,61,31.8,113,56,52000,5,1
3574,57,60,42.5,455,122,76100,0,0
3575,38,83,25.7,469,127,51700,0,0
3576,49,71,5.2,375,94,16400,3,0
3577,49,11,24.2,99,89,37800,5,1
3578,40,43,29.3,86,96,51100,3,0
3579,31,41,30.8,656,169,64300,1,0
3580,63,25,4.2,501,147,20900,1,0
3581,60,83,3.7,489,139,23000,4,1
3582,47,5,31.0,655,138,65000,0,0
3583,31,26,32.1,161,53,54100,1,0
3584,47,53,7.9,407,113,20100,2,0
3585,53,37,5.5,335,90,18900,1,1
3586,19,92,31.8,82,30,53700,4,0
3587,50,47,5.6,599,65,24800,0,0
3588,45,64,6.1,145,19,10800,0,0
3589,55,71,6.5,139,28,9500,1,0
3590,21,33,46.7,513,136,84900,0,0
3591,32,72,47.0,497,176,80800,0,0
3592,51,60,31.4,94,38,49000,1,0
3593,22,19,23.6,186,49,39200,1,0
3594,53,67,2.1,139,27,5100,2,1
3595,25,57,33.0,579,143,67600,0,1
3596,43,61,3.3,97,42,5100,4,1
3597,40,75,8.0,386,60,22700,0,0
3598,61,11,5.2,330,99,18100,0,0
3599,26,61,31.6,122,73,49700,0,0
3600,25,13,55.8,788,133,103200,2,1
3601,23,92,21.8,168,68,39300,1,0
3602,44,1,4.6,561,113,21200,2,1
3603,43,5,3.4,53,46,6300,1,0
3604,39,27,34.8,136,34,58300,0,0
3605,46,5,7.1,534,53,26200,1,0
3606,34,43,6.7,95,47,17000,0,0
3607,50,2,7.1,381,87,22000,1,0
3608,68,40,45.6,457,133,80600,1,0
3609,48,22,2.1,89,14,7600,0,0
3610,52,46,18.1,193,57,33000,1,0
3611,23,65,6.9,78,48,14800,1,0
3612,25,3,27.6,86,61,44400,2,0
3613,27,54,26.9,186,63,45100,3,0
3614,37,84,2.9,109,15,7700,0,0
3615,24,69,44.5,478,102,80900,0,0
3616,19,71,6.2,94,15,14200,1,0
3617,37,24,15.3,127,61,31600,1,0
3618,29,17,2.5,103,26,6500,0,0
3619,51,30,5.4,81,45,8500,0,0
3620,22,38,6.6,553,63,22400,2,0
3621,24,9,20.7,134,40,33600,2,0
3622,30,44,47.3,419,117,83500,0,0
3623,40,41,9.7,410,148,24100,0,0
3624,54,37,30.7,127,89,49100,5,1
3625,53,61,7.3,97,42,14400,1,0
3626,28,56,4.0,400,118,16100,1,0
3627,29,67,40.1,555,156,70800,1,0
3628,60,71,5.2,96,29,11900,1,0
3629,67,30,6.6,66,36,13000,2,1
3630,63,8,8.9,527,51,30800,1,1
3631,23,92,3.9,484,125,26600,5,1
3632,52,42,3.8,139,40,10100,3,0
3633,51,30,3.2,140,24,3400,4,1
3634,48,25,15.2,161,32,25500,4,1
3635,26,61,44.8,731,156,87300,0,0
3636,39,32,4.9,71,11,10600,3,1
3637,32,2,5.1,373,136,13500,2,0
3638,26,69,3.4,139,49,11100,0,0
3639,44,57,15.8,89,44,26800,4,0
3640,60,26,21.8,84,40,36000,1,1
3641,47,19,26.0,152,44,44000,2,0
3642,20,86,6.2,112,33,9900,2,1
3643,67,53,57.1,607,101,103200,1,1
3644,37,53,41.3,770,142,83100,0,0
3645,50,80,22.9,186,85,37500,3,0
3646,23,2,34.3,105,57,55900,3,1
3647,66,92,9.6,324,55,23100,1,0
3648,48,9,6.9,55,23,13600,3,1
3649,50,13,4.3,135,21,10000,2,1
3650,50,15,3.1,465,110,14800,7,1
3651,67,75,15.4,164,37,26500,1,0
3652,23,81,6.0,582,56,23000,0,0
3653,25,64,6.9,84,21,12400,3,0
3654,67,30,42.7,788,83,86500,2,1
3655,39,46,3.1,454,85,15200,4,0
3656,66,37,6.9,130,48,15000,0,0
3657,68,52,3.5,550,143,18000,0,0
3658,29,75,30.8,591,102,65100,0,0
3659,33,75,2.1,73,13,4500,4,0
3660,56,31,26.0,557,199,54400,0,0
3661,21,27,47.0,691,149,87600,1,1
3662,56,81,4.3,509,52,23400,2,1
3663,33,80,25.0,114,94,37600,2,1
3664,52,41,33.4,176,86,57800,0,0
3665,30,12,31.8,107,94,52300,7,1
3666,38,53,6.6,446,57,18200,1,0
3667,60,93,3.4,147,45,9200,1,0
3668,69,3,15.4,124,86,24800,0,0
3669,63,23,32.8,184,97,54100,1,0
3670,37,7,36.1,511,99,66700,1,0
3671,66,24,48.9,790,134,96200,1,0
3672,62,10,33.0,80,56,53800,3,1
3673,50,17,32.5,137,48,54500,1,1
3674,18,72,7.4,584,113,24900,2,0
3675,31,6,22.7,179,60,39000,2,0
3676,63,9,6.1,51,43,7800,0,0
3677,64,66,4.1,97,31,9300,1,0
3678,41,62,30.9,185,64,49500,1,0
3679,20,16,27.8,175,92,46100,1,1
3680,34,88,2.6,107,45,2200,2,0
3681,33,21,3.5,93,42,6900,3,1
3682,67,15,5.3,109,39,9600,1,0
3683,42,37,24.1,100,95,37500,1,0
3684,48,78,6.4,90,13,12500,1,0
3685,20,78,6.3,65,34,10000,3,0
3686,66,67,8.9,592,59,28400,4,1
3687,57,41,5.6,132,46,12400,2,0
3688,40,44,9.5,563,65,27400,0,0
3689,44,94,28.7,104,65,46000,2,0
3690,35,86,7.6,105,18,12900,3,0
3691,68,32,31.7,92,92,48700,3,1
3692,43,25,23.6,153,67,38700,1,0
3693,31,58,58.1,589,188,103500,1,0
3694,27,77,52.2,456,145,91400,0,0
3695,67,72,33.2,109,74,55800,0,0
3696,50,34,29.6,84,68,49400,3,1
3697,59,79,16.2,188,51,28600,1,0
3698,29,53,7.9,77,44,17200,3,1
3699,36,11,18.4,173,47,33900,1,0
3700,56,81,3.3,81,35,6000,3,0
3701,56,11,3.1,70,48,5200,3,0
3702,25,27,6.9,397,124,23700,2,1
3703,47,53,6.1,431,142,20600,2,0
3704,39,89,30.4,101,53,50900,2,0
3705,63,93,49.4,601,133,95900,0,0
3706,20,47,7.9,122,48,13500,1,0
3707,45,35,2.5,80,32,6800,3,1
3708,51,70,20.4,119,38,36400,3,1
3709,23,42,33.5,103,69,52900,2,0
3710,53,55,7.6,441,88,20600,2,0
3711,44,93,3.6,99,20,10600,0,0
3712,21,3,8.7,475,113,28100,3,1
3713,18,40,4.9,120,36,13000,0,0
3714,36,24,2.7,64,49,4200,0,0
3715,68,73,2.5,80,44,4400,1,0
3716,37,37,8.7,373,84,23100,1,0
3717,21,52,2.3,72,22,4300,2,0
3718,56,52,41.5,483,140,76500,1,0
3719,44,92,21.9,91,91,38400,3,0
3720,33,75,6.3,143,14,13500,3,0
3721,24,35,6.6,51,32,11500,2,0
3722,53,83,20.9,147,61,38400,1,0
3723,36,6,4.0,145,16,9000,1,0
3724,34,54,3.3,377,100,9800,1,0
3725,56,38,4.7,544,137,21200,1,0
3726,25,37,5.3,417,55,21700,0,0
3727,69,60,28.6,479,152,58400,0,0
3728,46,10,3.6,591,92,22400,5,1
3729,69,46,3.7,104,23,6900,1,0
3730,66,9,4.5,90,33,9100,2,1
3731,52,18,28.4,162,49,46000,6,1
3732,55,83,7.3,81,16,12100,0,0
3733,47,80,25.0,108,42,41400,1,0
3734,20,64,28.9,144,82,45900,1,0
3735,51,59,8.8,425,77,27100,0,0
3736,33,58,22.0,101,94,35500,1,0
3737,67,54,8.8,414,92,26100,1,0
3738,57,46,5.5,380,50,21200,2,0
3739,54,77,7.7,90,31,10400,2,0
3740,63,85,51.7,700,104,94600,0,0
3741,36,18,3.7,60,12,6200,1,0
3742,44,43,23.9,172,69,36500,2,0
3743,32,62,3.1,146,26,9400,2,0
3744,20,15,17.8,162,48,31500,1,0
3745,43,33,4.7,500,93,22500,0,0
3746,25,74,7.2,111,25,12900,1,0
3747,30,71,54.1,549,96,96800,0,0
3748,43,67,7.1,105,27,11400,1,0
3749,66,9,26.8,690,82,59000,2,1
3750,52,5,8.8,412,60,20500,4,1
3751,61,6,3.5,127,16,9100,3,1
3752,47,85,3.8,134,29,8800,4,1
3753,26,44,3.7,77,35,9600,1,0
3754,26,81,23.1,177,82,45700,1,0
3755,35,12,7.6,77,11,13900,1,0
3756,65,1,45.3,491,169,82800,1,0
3757,43,94,2.6,148,11,8400,0,0
3758,40,27,5.2,466,114,21400,3,1
3759,47,65,28.3,160,59,45300,2,0
3760,29,80,3.3,130,18,6900,3,0
3761,57,16,3.0,566,84,14900,3,1
3762,32,25,29.1,126,66,46300,1,0
3763,34,22,4.3,121,28,12700,3,1
3764,32,36,26.1,96,94,41300,1,0
3765,51,63,5.4,94,15,7900,2,0
3766,25,7,5.5,51,11,10700,3,1
3767,48,40,25.4,167,74,45400,2,0
3768,31,39,15.6,90,39,25900,2,0
3769,31,46,7.6,86,25,14000,2,0
3770,22,22,6.2,67,44,13900,0,0
3771,25,64,55.4,759,174,100400,1,1
3772,59,1,19.4,158,36,36900,4,1
3773,58,69,27.0,191,90,45000,2,0
3774,29,5,5.2,59,41,10000,0,0
3775,34,19,2.3,122,15,2400,1,0
3776,33,6,6.3,390,77,21500,3,1
3777,67,19,5.0,144,43,12900,1,1
3778,62,3,9.2,340,51,24200,0,0
3779,49,67,2.0,121,41,6600,3,1
3780,68,27,28.5,174,76,50500,2,0
3781,41,53,8.4,532,55,26500,5,1
3782,23,47,9.4,512,131,30000,5,0
3783,19,42,7.0,74,13,11700,0,0
3784,47,53,3.1,442,93,17100,0,0
3785,26,19,17.7,168,99,34900,1,0
3786,44,20,4.5,385,87,15600,0,0
3787,49,90,4.0,537,84,20400,2,0
3788,47,40,5.0,431,130,17100,1,0
3789,66,31,6.2,86,37,11900,0,0
3790,55,32,4.7,135,12,10000,0,0
3791,28,54,2.4,93,26,6100,0,0
3792,33,92,4.9,104,47,10200,0,0
3793,32,49,29.4,162,59,50100,0,0
3794,32,2,4.0,132,21,9100,2,0
3795,29,20,5.9,57,12,12100,2,1
3796,45,36,16.3,127,34,27800,3,1
3797,52,33,4.6,75,41,7700,1,0
3798,18,69,4.6,76,41,11200,0,0
3799,62,42,4.7,344,82,17100,1,0
3800,19,36,25.9,180,91,44200,3,1
3801,69,46,7.4,75,10,9100,0,0
3802,31,93,5.6,71,35,9600,0,0
3803,47,37,15.8,144,93,28500,0,0
3804,18,7,2.7,143,24,8500,1,1
3805,23,57,20.8,84,83,29400,4,1
3806,68,33,4.1,364,87,12900,1,0
3807,42,21,2.8,131,35,10900,0,0
3808,30,12,20.5,126,57,33700,2,0
3809,33,80,30.5,751,143,67600,0,0
3810,43,81,4.3,344,65,15800,0,0
3811,22,95,27.6,104,100,43500,3,0
3812,28,5,2.1,131,19,4000,3,1
3813,57,67,53.0,522,103,93300,1,0
3814,63,38,54.1,415,129,94400,0,0
3815,54,71,3.5,385,113,16200,2,0
3816,37,11,5.2,131,44,8000,2,1
3817,67,10,31.9,192,82,51800,0,0
3818,51,38,8.0,437,107,23400,0,0
3819,23,14,34.7,112,75,55900,2,0
3820,58,88,51.4,731,171,99100,0,0
3821,44,19,16.1,154,89,33100,1,0
3822,58,20,6.1,122,38,9300,1,0
3823,29,27,4.8,133,15,12700,2,0
3824,40,74,43.8,776,169,88000,0,0
3825,53,76,48.0,473,114,87200,0,0
3826,37,86,57.2,775,153,106600,0,0
3827,28,2,5.6,113,40,6900,3,1
3828,46,25,5.5,141,49,11000,1,0
3829,30,25,4.8,367,101,20600,4,1
3830,24,70,7.2,60,16,12800,1,0
3831,60,61,31.9,477,193,58700,0,0
3832,38,94,28.2,195,59,49900,4,1
3833,40,57,3.5,471,104,19200,1,0
3834,38,67,6.9,518,55,21500,1,0
3835,39,85,20.5,92,79,32800,3,1
3836,49,15,44.9,436,135,78600,0,1
3837,34,81,6.7,90,41,12200,2,0
3838,25,33,17.1,85,45,26600,3,0
3839,23,23,16.8,127,87,26000,1,0
3840,18,14,4.7,349,99,17300,3,0
3841,56,7,5.6,436,56,22100,2,1
3842,48,90,16.6,133,61,28300,2,0
3843,27,15,4.4,113,22,11200,2,0
3844,68,75,6.6,95,24,9200,3,1
3845,19,8,4.0,146,31,6300,1,0
3846,45,59,20.7,128,56,33800,2,0
3847,24,2,7.2,117,27,14600,2,0
3848,32,13,15.8,135,58,27500,5,1
3849,34,23,55.5,459,109,99100,0,0
3850,49,50,5.0,596,54,24100,1,0
3851,19,36,33.1,110,44,51600,2,0
3852,54,94,38.1,734,133,77900,1,1
3853,28,75,37.6,612,88,73200,1,0
3854,43,5,8.1,306,81,21700,2,0
3855,61,1,2.9,92,32,10000,2,0
3856,19,59,53.9,449,125,93200,2,1
3857,51,46,8.1,372,54,23000,3,0
3858,20,63,8.3,475,81,28000,0,0
3859,65,74,18.1,160,65,32500,3,1
3860,49,53,5.8,116,24,13400,1,0
3861,63,21,4.4,143,45,11600,1,0
3862,37,63,15.5,153,57,28800,3,1
3863,54,25,15.9,92,81,24700,2,1
3864,35,94,24.0,166,71,38100,0,0
3865,25,57,9.3,487,117,22800,2,0
3866,20,50,6.4,138,24,12700,1,0
3867,39,21,2.7,69,24,4800,0,0
3868,40,47,6.0,93,40,10900,2,1
3869,18,2,8.5,545,58,26900,0,0
3870,37,79,2.2,86,21,6900,0,0
3871,26,39,3.0,53,42,5400,2,0
3872,38,84,4.3,146,14,10500,1,0
3873,19,23,6.6,79,25,9400,0,0
3874,45,77,31.7,747,193,66300,0,0
3875,41,45,20.5,134,71,37500,2,1
3876,43,56,26.4,723,112,59800,0,0
3877,37,58,18.8,83,98,29300,4,1
3878,69,56,29.1,541,196,60500,0,0
3879,19,14,4.0,108,41,6900,0,0
3880,40,49,31.3,106,39,49200,0,0
3881,45,60,3.2,93,49,5500,0,0
3882,40,55,6.5,569,136,24100,1,1
3883,20,60,7.6,96,21,14700,1,0
3884,45,87,16.1,148,72,28300,1,0
3885,47,89,4.6,66,29,7800,0,0
3886,50,37,7.4,135,19,14600,1,0
3887,64,15,51.7,457,190,91600,0,0
3888,52,63,8.4,578,77,29400,1,0
3889,20,13,9.8,301,117,22700,1,0
3890,22,51,41.5,717,110,83200,0,0
3891,61,48,39.0,647,110,75000,2,1
3892,36,14,3.4,144,33,9000,1,0
3893,18,55,5.5,148,14,11600,0,0
3894,59,15,21.9,167,41,36800,0,0
3895,19,50,51.7,792,187,98900,0,0
3896,55,57,5.7,137,10,10700,0,0
3897,40,94,10.0,348,99,25600,0,0
3898,41,92,6.3,123,35,12200,1,0
3899,43,14,5.8,136,43,10900,3,0
3900,56,52,5.7,120,37,13700,1,0
3901,27,84,19.0,81,40,32300,3,0
3902,59,62,41.3,504,130,77700,0,0
3903,19,73,48.5,500,93,88000,1,0
3904,32,15,4.8,98,29,9100,1,0
3905,60,64,53.0,558,168,95200,0,0
3906,30,48,5.9,84,14,11900,0,0
3907,60,6,8.0,143,42,17600,0,0
3908,26,84,31.2,198,45,52600,2,0
3909,58,11,6.5,145,42,13000,1,0
3910,59,59,53.5,509,174,93200,2,1
3911,30,92,2.9,144,35,11000,0,0
3912,49,66,39.1,414,81,71900,1,0
3913,19,18,3.6,70,35,9200,3,0
3914,69,10,8.2,449,111,20100,3,1
3915,67,73,5.5,100,29,12300,1,0
3916,35,47,50.5,401,198,87100,0,0
3917,65,54,6.7,499,62,22100,6,1
3918,65,2,33.9,106,99,50300,2,1
3919,21,25,5.8,473,128,19300,3,1
3920,24,15,5.1,347,120,19900,0,0
3921,57,59,34.8,568,152,69300,1,0
3922,48,49,7.7,479,80,26500,2,0
3923,24,17,48.4,734,84,90900,3,1
3924,38,15,22.4,135,41,39200,2,1
3925,44,25,6.5,332,131,21500,0,0
3926,36,69,21.3,96,37,36700,4,1
3927,53,65,49.1,404,194,84100,1,0
3928,30,95,5.2,128,34,10200,2,0
3929,48,87,7.5,328,103,20600,1,0
3930,44,54,7.0,99,31,13900,1,0
3931,68,90,6.3,367,122,16600,2,0
3932,28,86,3.5,96,10,9300,0,0
3933,69,94,5.3,62,21,8200,0,0
3934,55,41,4.8,346,53,15800,2,0
3935,43,58,28.0,151,42,47800,2,0
3936,56,53,5.1,309,58,17200,4,1
3937,52,25,4.7,401,114,22100,2,0
3938,45,63,7.0,59,21,12700,0,0
3939,19,93,8.1,517,79,25700,1,0
3940,23,48,7.5,54,39,9200,5,1
3941,18,10,27.6,149,88,43500,1,1
3942,22,1,34.6,126,70,57000,4,1
3943,19,44,26.1,148,91,45300,3,1
3944,26,88,7.6,54,34,14800,1,0
3945,28,94,7.1,67,34,12800,1,0
3946,49,36,4.4,343,69,13100,3,0
3947,26,1,8.4,576,55,23100,1,0
3948,22,64,4.1,137,39,8300,1,0
3949,23,65,5.5,563,82,22200,0,0
3950,50,25,5.4,128,10,12500,0,0
3951,55,69,5.3,337,121,20100,3,1
3952,33,91,2.2,86,26,8200,2,0
3953,48,69,16.3,183,59,26900,2,0
3954,28,41,4.4,314,77,12500,0,0
3955,37,63,34.4,89,51,51600,1,0
3956,50,24,24.2,107,55,40000,4,1
3957,44,8,3.6,85,34,8700,1,0
3958,20,69,9.6,481,117,27200,1,0
3959,46,12,5.9,149,14,13100,3,1
3960,61,87,7.4,473,150,26200,2,1
3961,63,47,5.4,73,42,10500,5,1
3962,38,5,37.0,667,193,76500,0,1
3963,24,33,45.5,725,84,89200,0,1
3964,65,50,4.1,67,29,8000,1,0
3965,35,86,32.0,82,39,51700,3,0
3966,46,36,2.5,107,23,4700,0,0
3967,68,10,15.8,82,84,27400,5,1
3968,52,72,27.3,752,179,60300,1,0
3969,52,88,17.9,155,73,34500,0,0
3970,55,82,6.3,144,44,15400,0,0
3971,18,42,31.3,500,87,54300,0,0
3972,46,24,18.6,97,35,32000,3,1
3973,67,12,2.3,99,13,7400,0,0
3974,57,7,35.0,98,38,56500,4,1
3975,47,14,4.2,103,19,5100,0,0
3976,53,30,52.9,669,145,99800,0,0
3977,19,54,31.8,110,76,52400,2,0
3978,24,86,18.8,183,86,32200,2,0
3979,51,32,6.0,431,115,23000,1,1
3980,39,44,29.6,112,70,49000,0,0
3981,49,9,2.6,61,26,7700,0,0
3982,35,5,6.0,112,29,9900,4,1
3983,21,9,3.7,98,10,5500,2,1
3984,33,24,7.8,344,115,21800,2,1
3985,52,49,8.8,592,135,27400,3,0
3986,29,48,31.4,187,63,52600,3,1
3987,18,52,7.0,138,44,11500,0,0
3988,65,55,4.4,136,41,6800,4,1
3989,42,3,5.0,69,43,9900,0,0
3990,59,73,8.0,521,70,22200,4,0
3991,61,44,8.3,430,118,25600,6,1
3992,56,19,33.2,165,64,54000,6,1
3993,27,92,7.7,350,82,21500,0,0
3994,24,52,30.0,133,67,48800,1,0
3995,46,72,3.8,84,26,10500,2,0
3996,40,60,7.8,107,19,17600,1,0
3997,52,68,5.5,551,129,22800,4,1
3998,23,86,28.1,459,143,56100,2,0
3999,69,66,52.3,719,118,100800,0,0
4000,36,3,2.1,131,41,8600,0,0
4001,65,57,8.3,497,144,25200,3,1
4002,44,43,6.5,356,119,20900,2,0
4003,26,59,5.6,404,63,18900,2,0
4004,28,95,6.9,441,60,20200,0,0
4005,33,47,58.5,613,144,104200,1,0
4006,58,32,6.9,117,29,12500,2,0
4007,33,90,8.6,541,127,26400,3,1
4008,50,21,22.6,163,51,41900,1,0
4009,21,21,5.5,401,59,18300,3,0
4010,48,19,45.9,793,91,88700,0,0
4011,25,14,52.1,421,122,92200,1,1
4012,37,51,6.4,430,105,20000,2,0
4013,53,82,35.1,735,179,73300,1,0
4014,59,35,2.8,117,14,7300,0,0
4015,61,2,2.7,150,34,6600,2,0
4016,26,21,25.8,175,73,44600,0,0
4017,43,27,7.0,403,116,25700,4,1
4018,47,4,9.1,499,101,23500,3,1
4019,69,85,3.5,398,132,14800,2,0
4020,62,48,5.8,110,38,7100,1,0
4021,68,81,9.6,358,148,24300,2,0
4022,37,4,17.5,175,84,27000,2,1
4023,39,87,4.3,149,25,8400,0,0
4024,25,9,32.1,118,71,51900,2,0
4025,41,5,5.9,536,109,28900,0,0
4026,66,6,2.5,124,44,9600,2,1
4027,55,71,38.2,732,108,77800,0,0
4028,62,12,3.3,119,32,9700,2,0
4029,36,75,8.0,110,35,13100,1,0
4030,61,60,26.8,189,85,46800,7,1
4031,18,87,6.2,448,104,23300,2,0
4032,55,66,7.3,540,55,22800,1,0
4033,57,92,42.8,672,183,85300,1,0
4034,25,80,2.5,58,47,3600,1,0
4035,54,30,8.0,101,35,15800,1,0
4036,50,28,6.0,56,38,9500,0,0
4037,52,35,7.5,123,44,10600,2,0
4038,25,38,16.2,140,40,24800,6,1
4039,49,48,55.4,570,114,100200,0,0
4040,29,57,8.5,482,60,25600,2,1
4041,65,66,3.5,125,29,10400,0,0
4042,69,45,43.8,503,146,78800,0,0
4043,45,35,22.1,164,31,37000,1,0
4044,57,33,4.8,104,19,6000,1,0
4045,60,82,7.8,57,46,13200,2,0
4046,67,17,19.8,186,70,32600,2,0
4047,64,57,6.3,146,24,13200,3,0
4048,27,47,7.2,120,38,14600,2,0
4049,29,46,20.7,136,72,34300,3,0
4050,57,37,27.3,186,86,50000,1,0
4051,18,70,59.7,592,161,106100,2,1
4052,50,69,6.6,104,30,11300,5,1
4053,46,15,51.5,711,149,97800,0,0
4054,37,35,15.7,154,76,28200,5,1
4055,36,8,5.0,75,40,8200,0,0
4056,42,62,3.9,130,13,7500,2,0
4057,23,3,20.7,161,44,35600,4,1
4058,55,6,21.4,112,79,32500,2,0
4059,38,28,20.8,114,48,33200,1,0
4060,27,46,5.7,594,70,24500,2,0
4061,69,33,5.2,142,26,14600,1,0
4062,57,87,3.7,67,34,9000,0,0
4063,32,92,28.3,550,111,58900,0,0
4064,65,46,9.2,307,103,17800,0,0
4065,66,87,7.4,91,23,15800,5,1
4066,50,59,28.1,196,59,47700,2,0
4067,40,64,7.4,481,121,23200,4,0
4068,51,45,7.8,112,24,14900,0,0
4069,62,24,3.3,110,47,4300,2,1
4070,22,76,7.2,75,12,14900,2,0
4071,69,28,3.0,70,44,6100,2,0
4072,36,56,16.3,139,79,25400,2,0
4073,35,2,2.4,124,11,3600,1,0
4074,34,85,29.7,191,58,47700,4,1
4075,43,60,29.2,94,92,47600,1,0
4076,23,40,15.8,181,72,23600,1,0
4077,45,17,43.3,443,158,81800,1,1
4078,56,27,4.2,134,20,7600,2,1
4079,35,86,5.6,119,42,13300,1,0
4080,61,29,7.3,339,101,17100,2,0
4081,25,54,32.8,180,64,54900,2,1
4082,64,60,3.3,57,50,7200,3,1
4083,28,41,6.5,88,49,13200,1,0
4084,48,2,5.2,123,38,13200,0,0
4085,28,60,39.2,533,86,73800,0,0
4086,64,32,29.1,105,43,41400,1,0
4087,36,42,20.8,193,38,37400,2,0
4088,26,20,18.0,96,63,28400,1,0
4089,24,37,8.2,523,68,24200,1,0
4090,66,71,23.1,148,76,40400,1,0
4091,60,17,23.5,185,88,45100,1,0
4092,27,50,5.6,318,124,20000,2,0
4093,25,11,4.3,71,13,6100,1,1
4094,60,38,3.5,77,45,7300,1,0
4095,23,23,32.0,404,182,60400,0,0
4096,35,10,48.4,730,143,89600,0,0
4097,67,47,29.0,112,38,49500,4,1
4098,19,17,7.2,358,69,21800,4,0
4099,27,27,3.4,577,136,22700,1,1
4100,50,95,34.4,91,39,54000,2,0
4101,51,80,7.1,108,28,11600,0,0
4102,31,8,5.3,116,20,11700,2,0
4103,30,71,56.5,591,160,102500,0,0
4104,60,46,33.3,560,142,60900,0,0
4105,68,36,32.1,100,73,51700,0,0
4106,24,1,39.4,405,112,69100,0,0
4107,63,23,30.1,90,33,52300,1,1
4108,30,83,34.9,143,49,57000,5,0
4109,27,2,7.3,58,43,9300,1,0
4110,24,55,28.9,174,44,48700,2,0
4111,33,83,29.8,196,62,50400,0,0
4112,21,13,49.8,761,159,96300,0,1
4113,51,71,46.3,475,126,82900,0,0
4114,33,55,3.8,353,111,16600,2,0
4115,30,13,20.9,172,84,33300,3,0
4116,52,15,17.5,146,39,30400,2,1
4117,41,68,58.4,602,119,106400,0,0
4118,65,41,8.4,435,75,24800,2,0
4119,51,8,9.7,467,107,26600,2,0
4120,36,68,5.0,125,29,10600,2,0
4121,45,70,25.3,782,158,58300,0,0
4122,22,39,4.7,93,48,11100,2,0
4123,56,57,27.1,165,49,49300,2,0
4124,40,5,6.8,121,33,13600,3,1
4125,69,79,43.6,492,149,80000,0,0
4126,63,90,36.8,645,196,71600,1,0
4127,69,36,32.1,180,58,53700,3,0
4128,62,30,4.8,496,149,22000,1,0
4129,52,2,49.5,557,93,86700,0,1
4130,24,56,45.7,582,85,81700,0,0
4131,65,24,7.3,134,18,13100,1,0
4132,56,13,4.1,112,14,7500,2,0
4133,65,61,2.4,115,21,5800,0,0
4134,23,17,22.9,112,37,37200,0,0
4135,34,88,6.8,54,28,12400,2,0
4136,41,91,8.0,73,19,17300,2,0
4137,44,75,5.3,91,24,11800,0,0
4138,27,17,33.0,446,101,61700,0,0
4139,38,57,6.2,375,106,19100,2,0
4140,45,69,6.8,116,21,15200,0,0
4141,59,27,25.7,102,43,41900,1,0
4142,43,34,9.1,538,122,28000,7,1
4143,22,74,4.6,92,34,6600,3,0
4144,40,47,33.3,173,53,55900,5,1
4145,26,31,3.1,126,11,9200,1,0
4146,20,92,48.8,402,93,85200,1,0
4147,53,43,28.5,193,85,48800,3,0
4148,58,4,5.4,119,43,8800,1,0
4149,47,83,3.1,424,114,16700,5,0
4150,61,93,3.7,55,47,6600,2,0
4151,41,6,4.1,133,43,9700,2,0
4152,67,3,53.6,561,128,93500,2,1
4153,45,29,43.4,498,151,78600,0,1
4154,54,41,3.7,65,27,10300,2,0
4155,43,60,3.0,81,10,5200,1,0
4156,18,72,28.1,445,130,54500,2,0
4157,38,50,24.3,118,65,40400,0,0
4158,54,54,3.9,576,69,21600,1,0
4159,57,23,4.4,61,36,6200,1,0
4160,40,91,5.3,78,11,9200,0,0
4161,59,77,3.5,140,31,8900,0,0
4162,39,34,16.6,123,34,24000,1,0
4163,53,53,7.9,554,112,28700,2,0
4164,51,25,55.2,548,159,100900,0,0
4165,62,21,5.4,99,11,11000,0,0
4166,33,34,29.6,157,57,50000,2,0
4167,43,60,5.4,416,125,21700,2,0
4168,18,31,6.9,486,87,25600,1,1
4169,18,21,3.1,566,97,22400,0,0
4170,52,10,6.7,396,66,17700,1,0
4171,62,64,32.6,99,63,49500,2,1
4172,19,45,6.4,510,96,20600,1,0
4173,19,23,23.7,148,43,39700,3,0
4174,26,48,6.3,456,134,23100,2,1
4175,38,75,24.7,96,39,40600,4,1
4176,36,58,6.3,64,14,11100,0,0
4177,18,11,8.5,414,51,23700,0,0
4178,45,59,4.6,149,27,8900,2,1
4179,66,59,27.2,80,56,43100,2,1
4180,55,70,9.3,427,114,25300,2,0
4181,40,6,9.1,311,99,24100,0,0
4182,47,76,15.5,116,70,26300,1,0
4183,59,23,56.0,494,173,92700,0,0
4184,68,75,6.0,118,43,10200,3,0
4185,60,68,32.8,110,63,53000,2,0
4186,54,9,9.4,365,113,19800,1,0
4187,31,59,25.7,424,192,46800,2,0
4188,57,39,6.9,136,14,16100,1,0
4189,26,21,5.4,124,12,10900,1,0
4190,42,47,3.7,461,99,18200,2,0
4191,58,40,6.8,485,127,22700,0,0
4192,45,56,28.0,146,86,44900,1,0
4193,63,9,48.5,760,133,93800,0,0
4194,46,72,43.5,410,135,78200,0,0
4195,27,26,29.8,85,82,46800,2,1
4196,63,78,25.8,174,98,40900,1,0
4197,66,74,21.7,188,37,38200,2,0
4198,42,36,34.0,166,98,57500,0,0
4199,43,91,30.7,142,85,47900,2,1
4200,24,37,7.2,125,18,16900,1,0
4201,18,84,7.2,482,84,24800,2,0
4202,35,74,23.8,156,57,43600,0,0
4203,52,29,47.0,555,94,84400,0,0
4204,30,50,6.7,334,82,16900,2,0
4205,27,31,21.4,90,67,35600,1,0
4206,39,91,2.6,75,47,8700,1,0
4207,59,49,4.8,60,14,7900,0,0
4208,42,1,2.9,117,26,6000,4,1
4209,40,59,7.5,361,114,20900,0,0
4210,18,8,25.9,91,37,40900,3,1
4211,22,41,4.6,484,129,18900,2,1
4212,69,68,2.6,124,37,4700,0,0
4213,43,23,7.7,523,137,28500,3,0
4214,55,56,53.3,694,156,96300,0,0
4215,64,1,3.5,124,31,5500,2,0
4216,36,83,2.8,55,22,2000,1,0
4217,36,84,52.3,677,94,97300,0,0
4218,28,24,22.4,112,53,34500,4,1
4219,26,78,3.7,71,47,8000,1,0
4220,22,77,3.6,582,131,20300,1,0
4221,33,43,38.1,800,195,77900,0,0
4222,69,12,52.9,676,99,97800,1,1
4223,19,40,2.3,118,31,7400,0,0
4224,34,78,30.1,132,84,51100,4,1
4225,46,29,3.9,144,40,15400,1,0
4226,53,87,28.0,180,54,48000,2,0
4227,32,84,8.3,489,63,27000,4,0
4228,51,54,4.4,84,26,10200,2,0
4229,35,30,19.1,196,86,36100,4,1
4230,50,14,8.1,350,134,20600,1,0
4231,55,69,3.7,103,38,11000,1,0
4232,68,6,7.9,58,23,15000,0,0
4233,48,14,21.7,105,71,33000,0,0
4234,65,40,38.5,416,159,70900,1,0
4235,45,84,5.0,373,125,16800,4,1
4236,21,1,9.5,507,88,27900,1,0
4237,43,18,4.7,135,32,10600,1,0
4238,20,43,59.4,503,179,103600,0,0
4239,26,49,5.1,91,24,14100,3,0
4240,49,69,6.8,431,126,22500,3,0
4241,30,15,5.3,125,38,12800,1,1
4242,45,16,32.7,412,85,62200,1,0
4243,46,50,5.5,63,25,8300,1,0
4244,41,77,3.0,135,49,6600,0,0
4245,59,92,55.2,421,91,91500,0,0
4246,66,83,3.1,50,25,6600,2,0
4247,39,79,21.5,184,70,38300,4,0
4248,19,75,24.5,158,56,36500,0,0
4249,20,91,21.1,150,65,35200,2,0
4250,60,64,7.0,526,75,24500,1,0
4251,33,60,20.5,89,54,33800,6,1
4252,66,50,19.3,87,87,29300,2,0
4253,45,47,4.1,553,112,19600,3,0
4254,28,20,5.4,110,32,12200,0,0
4255,64,79,9.3,351,124,24700,3,0
4256,64,35,7.2,61,36,12600,0,0
4257,20,58,8.7,583,122,27600,3,0
4258,44,68,17.3,150,78,31700,7,1
4259,64,46,3.4,594,140,23100,3,1
4260,42,55,6.6,59,28,10300,1,0
4261,53,83,40.6,600,113,77200,1,0
4262,24,18,48.4,565,138,87500,0,0
4263,39,26,56.5,500,147,99500,0,0
4264,27,74,7.7,385,119,25700,1,0
4265,56,78,4.3,315,143,16500,3,0
4266,30,27,2.0,120,44,7700,0,0
4267,31,16,33.4,173,33,58000,1,0
4268,57,67,3.5,57,49,10300,0,0
4269,43,90,3.9,108,18,9000,2,0
4270,28,21,8.6,475,137,26200,5,1
4271,23,33,42.3,693,191,80900,1,0
4272,47,71,40.1,782,182,80100,0,0
4273,18,60,32.7,156,41,52300,1,0
4274,65,36,6.4,106,48,15500,2,0
4275,29,91,3.6,384,93,16900,2,0
4276,22,8,2.0,101,30,4100,2,0
4277,22,53,8.6,488,119,28700,2,0
4278,30,50,47.1,482,109,85700,2,0
4279,23,13,3.3,527,62,19900,1,1
4280,56,88,45.8,417,183,85600,1,0
4281,22,74,2.4,126,19,9000,2,0
4282,50,15,30.3,769,104,65900,0,1
4283,68,25,3.8,81,22,7200,4,1
4284,38,90,21.7,139,98,35300,1,0
4285,53,74,36.2,730,103,73500,0,0
4286,67,41,31.3,178,60,49000,0,0
4287,26,59,8.0,392,114,27500,2,0
4288,45,79,4.3,139,20,10500,2,0
4289,20,3,5.9,142,31,16200,4,1
4290,62,37,34.6,746,172,69200,1,1
4291,63,95,55.5,738,87,104200,0,0
4292,31,48,4.0,370,147,16600,2,0
4293,41,1,21.6,137,33,36300,0,1
4294,40,2,3.0,82,30,2000,3,0
4295,67,82,6.7,130,47,13900,4,0
4296,68,60,30.2,571,176,61700,2,0
4297,40,83,55.3,646,162,101100,0,0
4298,42,67,4.2,110,30,9700,0,0
4299,53,32,8.4,313,142,21000,1,0
4300,54,26,33.6,132,62,56000,0,1
4301,21,56,21.9,189,84,40700,2,0
4302,59,23,15.1,154,55,28800,0,0
4303,68,54,32.1,131,95,51800,1,0
4304,30,71,7.3,99,39,13000,1,0
4305,18,36,6.1,66,45,8900,2,0
4306,25,68,4.7,132,46,11200,2,0
4307,40,43,20.8,129,37,36800,0,0
4308,40,46,24.1,118,67,39300,1,0
4309,41,27,34.7,435,160,63800,1,1
4310,25,3,34.5,775,107,71500,1,1
4311,27,6,8.2,323,116,23400,0,0
4312,30,57,34.2,118,92,52600,3,0
4313,24,16,19.0,151,76,30900,2,0
4314,40,93,26.3,82,39,42500,1,0
4315,40,95,21.5,161,74,34600,3,1
4316,20,59,50.5,477,171,87700,0,0
4317,51,10,4.4,370,99,18100,1,0
4318,23,66,9.4,428,68,28700,2,0
4319,53,10,31.4,185,97,53400,4,1
4320,47,27,22.0,182,95,36900,0,0
4321,37,28,34.1,116,96,54100,1,1
4322,69,27,8.7,379,86,24800,3,1
4323,36,6,6.8,470,68,24700,1,1
4324,20,3,6.2,575,116,27900,2,0
4325,56,93,22.0,143,44,35500,3,1
4326,27,31,4.6,52,25,9000,1,0
4327,60,39,6.2,310,82,18900,0,0
4328,69,16,8.4,383,53,21300,2,0
4329,50,89,44.9,489,171,81900,1,0
4330,55,43,21.2,97,43,35000,5,1
4331,46,62,2.3,115,28,3200,2,0
4332,69,48,4.1,580,54,21900,2,0
4333,39,13,5.6,52,26,8300,1,1
4334,37,37,5.6,85,13,8800,2,0
4335,46,80,4.4,561,107,21200,0,0
4336,62,15,7.8,384,74,25000,3,1
4337,24,47,7.0,144,46,16100,2,0
4338,23,81,3.7,87,21,9500,0,0
4339,31,66,20.0,151,37,35700,4,1
4340,19,67,9.3,412,102,26700,5,1
4341,53,83,38.1,468,163,68400,1,0
4342,57,68,5.9,87,37,12300,4,0
4343,27,75,4.4,125,42,12700,1,0
4344,33,62,7.6,494,136,27500,1,0
4345,67,26,6.0,533,63,19900,5,1
4346,60,91,2.2,142,41,5400,1,0
4347,47,86,6.4,117,38,13500,1,0
4348,26,6,6.0,128,10,11800,1,1
4349,62,67,4.3,55,44,10400,0,0
4350,69,9,21.3,115,51,33200,1,0
4351,37,89,4.5,94,24,7300,5,0
4352,41,18,2.4,128,12,6600,1,0
4353,52,58,33.7,715,148,72300,1,0
4354,34,79,5.2,503,97,20700,5,1
4355,31,30,5.6,86,16,8700,2,1
4356,32,94,8.0,469,61,22800,2,0
4357,34,82,7.4,86,23,15000,2,0
4358,69,65,25.3,140,90,38300,1,0
4359,33,63,19.7,166,62,33200,3,0
4360,63,19,6.2,536,114,20800,2,0
4361,69,70,44.6,480,113,79700,0,0
4362,62,50,4.0,91,34,10600,2,0
4363,19,71,2.6,71,43,7600,3,0
4364,44,55,3.3,82,34,5900,0,0
4365,47,4,5.4,128,29,10600,3,1
4366,28,43,2.7,52,21,7300,1,0
4367,39,49,15.1,198,64,24600,1,0
4368,57,85,23.7,83,53,35900,1,0
4369,65,9,52.7,575,136,94100,1,0
4370,69,68,44.4,790,99,86200,1,0
4371,44,45,22.5,129,84,39600,1,0
4372,51,95,30.3,162,35,49400,6,1
4373,69,54,45.0,727,183,87800,2,1
4374,36,73,7.5,583,78,25000,3,0
4375,65,9,41.7,636,149,81100,1,1
4376,65,95,30.2,132,50,47100,5,1
4377,53,85,7.3,78,40,11000,2,0
4378,22,79,8.0,89,19,15100,2,0
4379,45,47,4.0,55,40,7900,1,0
4380,39,62,7.3,337,81,22100,3,1
4381,68,9,22.1,169,81,38200,0,0
4382,61,71,6.5,109,36,12800,0,0
4383,30,56,9.6,591,133,27200,0,0
4384,18,32,4.7,472,80,17900,2,0
4385,49,26,18.1,109,52,34600,3,0
4386,44,38,30.0,174,98,53600,1,1
4387,67,88,32.1,190,67,51300,2,1
4388,51,77,9.9,461,71,30500,1,0
4389,33,46,16.5,111,80,26800,2,0
4390,42,59,30.3,776,185,65000,1,0
4391,22,15,9.7,574,81,28300,5,1
4392,65,3,28.8,176,80,51100,1,1
4393,49,55,6.8,506,73,23800,5,1
4394,57,62,18.5,135,88,37000,2,1
4395,50,13,7.6,86,30,14000,1,0
4396,57,37,8.9,390,74,23800,3,1
4397,58,4,44.3,476,200,81100,1,1
4398,53,90,32.5,87,60,45900,3,0
4399,31,59,26.4,198,100,46000,0,0
4400,21,45,5.2,124,16,13400,1,0
4401,68,20,6.7,64,29,9800,2,0
4402,42,38,5.2,78,18,10800,0,0
4403,33,18,46.5,751,177,93600,0,0
4404,30,20,2.0,78,49,4300,2,0
4405,21,65,2.9,53,26,8000,2,0
4406,39,78,7.0,596,85,27100,1,0
4407,47,63,34.3,568,195,66400,0,0
4408,63,89,48.5,637,156,91100,1,0
4409,37,70,7.3,381,149,17800,2,0
4410,48,85,5.0,87,38,11800,3,0
4411,27,9,15.9,86,66,26900,1,0
4412,49,9,34.5,619,103,67900,0,0
4413,59,70,3.3,80,41,4800,0,0
4414,58,83,4.0,65,10,10700,1,0
4415,30,29,55.8,447,147,101000,1,1
4416,61,50,33.6,659,105,67900,1,0
4417,29,40,5.2,351,149,18500,3,1
4418,43,47,6.9,100,33,13700,1,0
4419,21,23,9.1,447,114,26100,0,1
4420,64,56,2.1,126,15,6800,1,0
4421,52,38,6.8,110,17,16500,4,1
4422,39,93,3.4,107,29,10500,0,0
4423,22,63,7.2,72,12,12500,1,0
4424,23,82,42.1,612,129,75700,0,0
4425,52,2,5.2,560,78,23500,1,0
4426,30,60,3.1,327,121,13500,2,0
4427,40,1,3.2,552,53,19000,3,1
4428,34,85,3.2,150,20,9700,0,0
4429,60,21,6.3,66,48,10700,3,0
4430,20,95,4.3,114,46,11700,0,0
4431,53,40,42.1,494,175,79300,0,1
4432,50,13,34.7,172,34,55600,2,1
4433,39,69,4.7,125,46,11900,0,0
4434,58,71,3.5,137,33,5400,1,0
4435,22,3,31.9,86,36,49300,1,1
4436,21,23,4.9,129,25,8300,2,1
4437,27,48,2.7,61,23,4900,1,0
4438,47,35,26.7,93,100,44300,2,1
4439,20,35,47.4,648,85,88000,1,0
4440,66,16,3.8,88,21,11100,3,1
4441,30,7,17.4,138,53,31700,0,0
4442,46,84,9.6,464,89,26400,5,1
4443,43,91,27.6,92,93,41700,2,0
4444,37,13,5.9,445,58,21000,0,0
4445,60,66,3.8,550,149,21400,2,0
4446,50,14,8.2,564,125,23000,1,1
4447,55,73,6.3,133,35,11900,1,0
4448,38,90,22.6,185,68,37300,2,0
4449,59,80,7.6,136,45,13400,0,0
4450,52,18,3.6,118,12,10400,1,0
4451,33,95,5.1,144,17,12700,1,0
4452,54,33,3.9,69,44,7700,2,0
4453,55,59,27.2,480,107,53700,1,0
4454,52,50,7.5,121,31,14300,0,0
4455,63,12,4.4,132,45,9900,1,0
4456,23,45,4.8,59,47,5200,1,0
4457,39,38,5.0,447,121,20200,3,1
4458,18,41,16.1,118,44,23900,2,0
4459,62,36,25.7,192,96,44300,1,0
4460,55,2,6.4,430,103,19200,2,0
4461,48,72,3.9,105,38,5400,4,0
4462,25,52,4.9,529,147,20900,0,0
4463,67,18,30.9,153,78,51000,0,0
4464,49,83,7.8,54,24,11500,2,0
4465,60,21,7.1,117,35,15500,0,0
4466,59,69,53.4,422,86,93100,0,0
4467,26,43,4.4,527,129,22300,1,0
4468,18,64,32.4,98,51,50600,5,1
4469,19,4,23.0,110,31,37400,3,1
4470,20,23,7.9,404,110,24000,2,1
4471,19,54,4.5,66,22,10700,1,0
4472,52,22,4.2,146,21,12100,0,0
4473,38,20,9.6,579,117,29100,1,1
4474,52,1,4.5,508,97,16200,3,1
4475,33,6,32.1,424,86,58100,2,1
4476,50,28,3.7,531,123,21000,3,1
4477,38,67,8.5,533,86,28600,2,0
4478,67,84,16.9,86,31,31500,2,0
4479,63,76,24.9,103,79,39300,4,0
4480,57,19,28.4,155,51,48900,2,0
4481,35,84,30.7,562,148,64200,0,0
4482,32,85,32.6,556,135,66300,0,0
4483,20,40,51.1,663,89,91100,0,0
4484,19,68,19.6,168,35,33400,0,0
4485,48,13,2.1,127,39,9400,0,0
4486,18,74,3.0,111,19,9200,0,0
4487,53,20,48.0,696,117,91800,0,0
4488,24,15,4.2,148,16,11400,4,1
4489,18,48,20.9,183,39,36300,2,0
4490,45,54,4.5,330,92,17200,1,0
4491,25,88,3.5,119,49,11200,4,0
4492,48,10,6.6,498,83,22800,1,1
4493,61,57,4.9,121,23,11500,2,1
4494,67,44,10.0,451,76,29200,0,0
4495,19,17,7.4,415,65,20700,3,1
4496,42,56,6.4,120,33,11000,2,0
4497,38,56,5.1,120,26,9200,3,0
4498,56,32,23.0,152,92,37900,6,1
4499,28,12,20.8,138,68,33000,4,1
4500,33,44,35.0,644,132,70900,0,0
4501,65,68,29.9,178,56,51200,4,1
4502,42,77,15.7,179,98,29900,4,0
4503,31,45,27.6,133,61,46100,3,1
4504,23,92,4.7,59,26,8600,1,0
4505,32,17,6.7,355,91,18300,5,1
4506,58,78,15.5,145,57,29200,1,0
4507,40,16,47.6,445,197,84800,1,0
4508,38,47,26.4,169,58,44500,5,0
4509,54,1,58.7,500,135,103400,0,1
4510,42,35,33.0,109,87,49700,2,0
4511,32,77,31.3,170,40,46800,1,0
4512,54,74,2.5,120,17,7500,1,0
4513,20,81,7.8,372,127,21800,3,0
4514,18,4,2.3,59,36,10100,1,0
4515,20,32,6.0,100,24,12500,1,1
4516,65,45,7.8,85,24,15400,2,0
4517,41,85,4.1,471,99,20300,1,0
4518,23,12,6.1,517,73,24400,4,1
4519,59,48,6.5,105,32,12500,2,0
4520,45,19,59.6,745,173,111200,1,1
4521,26,26,3.2,447,70,15500,1,0
4522,35,42,6.7,55,41,13100,2,1
4523,30,31,3.2,116,14,9800,1,0
4524,51,33,10.0,521,119,31700,2,0
4525,58,55,30.9,504,92,56700,1,0
4526,54,25,5.0,370,125,17800,0,1
4527,24,66,36.6,684,180,73700,1,0
4528,29,88,3.1,137,31,7500,2,0
4529,48,22,2.4,90,34,5400,1,0
4530,36,27,24.2,162,40,41700,1,0
4531,19,8,7.1,141,18,11400,3,1
4532,43,11,5.4,362,94,18500,1,0
4533,25,19,33.2,602,168,69400,2,1
4534,48,38,29.1,115,77,47500,2,1
4535,18,14,25.6,130,79,41000,1,0
4536,59,37,24.6,107,98,36600,3,1
4537,19,91,6.3,113,12,14000,1,0
4538,36,84,4.9,53,12,5500,1,0
4539,54,41,9.1,462,51,24500,1,0
4540,47,71,59.1,646,119,108600,3,1
4541,20,23,31.1,80,61,43900,0,0
4542,55,83,2.4,143,49,6500,0,0
4543,69,87,8.0,328,143,23100,1,0
4544,58,73,5.0,84,34,7200,1,0
4545,68,88,6.0,446,138,25600,0,0
4546,65,89,9.8,549,149,28600,2,0
4547,46,63,7.6,112,50,15600,3,1
4548,66,95,17.9,103,83,32900,2,0
4549,55,17,22.5,164,34,37400,3,1
4550,46,4,2.4,70,44,2000,0,0
4551,39,59,5.7,92,27,11600,0,0
4552,29,72,17.6,158,83,29200,6,1
4553,38,5,9.7,353,111,24000,3,1
4554,58,75,4.8,134,46,9400,1,0
4555,41,43,3.2,134,36,6200,0,0
4556,28,63,5.9,91,15,12100,0,0
4557,28,31,44.7,581,186,86700,0,0
4558,64,85,7.9,86,21,16400,2,0
4559,21,78,28.0,100,36,46800,2,0
4560,34,45,5.6,144,15,12600,3,1
4561,60,28,22.1,127,39,34600,3,1
4562,66,13,6.3,529,78,24600,1,0
4563,44,31,17.1,127,56,26600,0,0
4564,65,3,4.4,350,58,15700,0,0
4565,68,67,5.8,142,36,13100,2,0
4566,55,34,30.6,686,190,67100,0,0
4567,52,28,9.4,511,57,27100,3,0
4568,39,80,4.1,112,35,8300,1,0
4569,56,95,34.2,167,80,56600,1,0
4570,63,81,2.9,132,19,6100,0,0
4571,49,86,7.0,360,52,20900,1,0
4572,26,44,31.5,676,128,63300,0,0
4573,53,19,17.9,169,75,28500,3,1
4574,43,30,18.3,154,59,31800,1,0
4575,53,7,5.2,559,52,23600,0,0
4576,53,43,31.0,112,57,50900,2,1
4577,18,10,7.2,106,25,12500,0,0
4578,30,71,5.1,566,134,24400,2,0
4579,55,94,16.1,94,90,27600,2,0
4580,21,31,52.2,639,158,96500,0,0
4581,57,52,26.9,183,98,44300,3,1
4582,22,59,3.7,142,33,11800,1,0
4583,48,73,5.8,542,136,23700,6,1
4584,67,52,41.4,482,190,74400,0,0
4585,57,71,5.7,91,11,7100,3,0
4586,22,21,5.6,116,33,8700,2,0
4587,54,50,17.5,137,87,33000,2,0
4588,47,21,6.7,537,119,23800,4,1
4589,25,26,9.9,412,79,23200,3,1
4590,64,25,4.2,436,131,19200,1,0
4591,32,73,43.6,764,83,84400,0,1
4592,27,48,5.1,386,124,19300,1,0
4593,26,6,4.4,99,22,6200,0,0
4594,28,76,46.1,465,166,82700,0,0
4595,61,83,8.4,586,130,28600,2,0
4596,59,42,6.4,472,56,21400,2,1
4597,56,45,5.6,551,80,25300,0,0
4598,25,72,9.3,311,87,21900,2,0
4599,50,50,8.0,114,21,14400,4,1
4600,40,22,8.4,588,55,24800,1,0
4601,37,22,4.6,119,50,10200,1,0
4602,47,87,5.5,133,18,9300,0,0
4603,20,9,6.6,323,79,20100,3,1
4604,64,29,35.0,111,33,56800,1,1
4605,59,53,7.0,85,25,11400,1,0
4606,64,72,5.9,99,17,13000,1,0
4607,67,45,34.7,89,89,54000,2,0
4608,48,83,2.3,105,25,9000,3,1
4609,35,57,23.0,149,39,37200,3,1
4610,54,46,33.6,764,170,70200,0,0
4611,31,58,26.3,82,93,41600,2,0
4612,67,70,24.8,102,39,42500,7,1
4613,61,60,28.4,453,122,56100,2,1
4614,46,62,19.2,166,54,36300,2,0
4615,48,64,5.5,100,30,12000,2,0
4616,38,9,24.6,197,80,42600,7,1
4617,58,91,23.8,101,70,36600,2,0
4618,63,55,47.0,420,80,79600,0,0
4619,57,21,6.4,92,38,10400,2,0
4620,28,35,3.1,92,43,7500,1,0
4621,42,36,3.8,463,90,16700,1,0
4622,60,47,7.0,76,47,15700,0,0
4623,20,93,33.6,200,49,56800,2,0
4624,55,5,8.0,513,83,27700,2,1
4625,67,64,4.0,106,23,7500,2,0
4626,66,50,4.6,148,34,10800,1,0
4627,62,16,2.7,126,36,11300,1,0
4628,68,60,26.0,171,46,43400,4,1
4629,66,1,6.5,312,133,18500,1,0
4630,41,16,7.1,531,70,19700,5,1
4631,32,87,7.4,118,46,15600,4,0
4632,48,49,6.5,147,48,12000,1,0
4633,21,88,4.8,408,144,18200,3,0
4634,63,8,26.6,508,134,55000,0,0
4635,33,1,5.8,142,18,14800,2,1
4636,47,22,2.5,82,32,4000,1,0
4637,61,94,5.0,70,13,10100,0,0
4638,53,77,4.0,528,67,20900,1,0
4639,36,16,5.2,109,24,9800,1,0
4640,24,65,7.8,126,41,14900,1,0
4641,30,73,5.1,132,34,9500,0,0
4642,19,62,23.9,190,97,44600,1,0
4643,35,82,8.3,461,86,24300,1,0
4644,36,74,3.8,149,31,8300,2,0
4645,31,53,23.2,116,79,36100,3,1
4646,33,63,59.7,617,135,107300,1,0
4647,18,33,18.3,85,98,28000,5,1
4648,52,79,30.0,108,88,51200,2,0
4649,54,71,3.1,374,80,16200,3,1
4650,27,47,33.5,106,84,53700,0,0
4651,52,92,15.4,174,74,26900,1,0
4652,26,6,7.0,542,117,24500,2,1
4653,67,11,2.2,101,13,2100,4,1
4654,40,40,6.3,100,42,9900,1,0
4655,55,84,58.6,592,120,102700,1,0
4656,28,59,7.5,93,47,9700,2,0
4657,34,22,6.9,144,22,9800,3,1
4658,62,47,6.2,66,47,10800,1,0
4659,25,69,36.0,625,85,71400,0,0
4660,66,58,2.9,115,18,5900,0,0
4661,66,74,28.2,192,67,48600,5,1
4662,56,66,6.0,337,131,20300,3,0
4663,60,32,4.8,110,18,11700,1,0
4664,42,92,2.4,81,41,5200,3,1
4665,66,58,3.8,539,108,19200,5,1
4666,37,51,4.4,111,35,10000,3,1
4667,26,53,21.1,90,74,32200,0,0
4668,59,24,33.2,177,63,54000,4,1
4669,57,77,5.1,451,74,18900,0,0
4670,53,73,6.4,134,27,13600,1,0
4671,25,90,5.8,76,34,11800,1,0
4672,20,77,5.1,63,16,13200,3,0
4673,25,51,5.0,67,15,7200,2,0
4674,34,76,9.3,425,129,23900,1,0
4675,44,70,34.9,428,92,64000,1,0
4676,38,41,28.4,170,70,45800,0,0
4677,68,86,6.6,137,14,12600,2,0
4678,60,81,9.0,311,71,24800,0,0
4679,39,91,7.9,78,16,13700,5,1
4680,43,80,5.9,147,29,9300,0,0
4681,27,42,6.8,92,24,14400,1,0
4682,24,16,52.9,592,95,95900,1,0
4683,58,75,4.8,348,89,20500,4,1
4684,62,25,6.9,118,19,9500,0,0
4685,59,22,31.3,705,108,65500,0,0
4686,63,24,21.8,114,99,35200,1,0
4687,62,73,2.1,123,44,6700,0,0
4688,50,28,8.3,385,51,24300,3,1
4689,18,46,32.7,116,77,50100,1,0
4690,26,60,3.9,445,115,16300,2,0
4691,57,18,21.1,83,73,35200,1,0
4692,69,82,5.3,125,11,9300,0,0
4693,41,76,2.5,59,36,5500,1,0
4694,21,24,6.1,403,123,18900,1,0
4695,66,39,21.5,85,32,35900,2,1
4696,28,75,15.4,159,73,29000,2,0
4697,23,91,7.4,569,104,24700,1,0
4698,33,46,25.2,161,73,44200,0,0
4699,35,75,53.2,742,85,99500,1,0
4700,66,2,5.5,461,71,18100,1,0
4701,65,72,37.8,769,125,78500,0,0
4702,31,21,6.0,53,26,10900,0,0
4703,58,8,9.4,443,150,25100,1,0
4704,32,25,33.5,447,180,61500,0,0
4705,69,63,5.2,550,80,25400,3,1
4706,35,58,17.9,181,93,32400,2,0
4707,49,87,8.6,438,58,23000,2,1
4708,57,48,17.3,168,35,25500,3,1
4709,54,74,6.8,93,26,12300,2,0
4710,39,13,5.5,579,110,24800,0,0
4711,29,3,2.2,67,31,7700,1,0
4712,22,12,2.6,101,18,6600,0,0
4713,19,5,4.7,54,10,11700,2,0
4714,48,10,7.7,101,37,14000,1,0
4715,45,33,34.5,587,166,69800,1,0
4716,39,89,5.2,112,11,12400,2,0
4717,43,89,31.7,694,162,66000,1,0
4718,19,27,7.6,110,23,16600,1,0
4719,58,39,4.3,76,41,12400,2,0
4720,60,37,22.3,172,73,38500,2,1
4721,54,24,8.4,527,98,24800,1,0
4722,22,7,6.8,421,97,19600,1,0
4723,59,8,3.1,102,21,6900,2,0
4724,53,20,22.4,99,75,35100,2,0
4725,40,22,6.9,53,22,10500,0,0
4726,33,84,2.3,146,38,8600,3,0
4727,27,18,5.5,86,29,10300,0,1
4728,62,86,2.7,110,35,7900,1,0
4729,34,15,37.2,735,187,75500,0,0
4730,32,37,5.0,598,97,22300,2,0
4731,62,28,7.0,75,24,13700,0,0
4732,57,95,9.8,386,145,24700,3,0
4733,23,78,6.6,130,30,10900,2,0
4734,66,55,5.9,70,31,9900,1,0
4735,54,32,4.3,128,36,8100,1,0
4736,60,52,9.9,307,82,20900,2,0
4737,23,71,9.2,394,58,23100,4,1
4738,18,49,20.6,106,78,35600,1,0
4739,49,83,5.0,120,39,13300,2,0
4740,52,20,6.1,515,60,24500,4,1
4741,26,43,16.7,98,77,29800,4,1
4742,38,5,29.8,123,81,47200,1,1
4743,34,47,8.9,594,57,29200,1,0
4744,34,81,3.1,58,16,7500,2,0
4745,26,36,3.2,107,43,8500,1,0
4746,48,18,7.9,68,47,13700,1,0
4747,32,81,7.2,145,30,12000,1,0
4748,28,63,3.5,450,77,13800,2,0
4749,48,93,8.9,522,139,25300,0,0
4750,33,15,3.4,149,23,9500,1,0
4751,41,56,7.8,140,28,13100,0,0
4752,39,86,5.2,529,64,23100,2,0
4753,66,84,7.8,479,99,24100,1,0
4754,53,41,17.7,112,98,32800,1,1
4755,63,53,3.6,107,48,9400,1,0
4756,47,29,49.7,563,164,89500,1,1
4757,29,66,47.3,569,165,86400,0,0
4758,67,3,8.9,367,104,24400,3,0
4759,50,35,6.9,81,23,8800,0,0
4760,58,72,26.3,199,74,44400,2,0
4761,61,12,2.9,118,36,9600,0,0
4762,52,57,6.0,84,37,11400,0,0
4763,40,27,30.7,193,63,50400,1,0
4764,62,61,28.2,128,39,47000,1,0
4765,58,47,19.4,156,90,31200,0,0
4766,52,37,2.7,51,24,7900,2,1
4767,28,83,2.8,69,20,4400,0,0
4768,23,6,3.1,498,51,21700,1,0
4769,62,72,2.8,76,48,6200,0,0
4770,53,88,33.7,121,39,53600,3,1
4771,69,16,16.9,167,59,32100,6,1
4772,45,47,3.6,70,13,7900,2,1
4773,23,76,6.5,136,22,12700,0,0
4774,55,14,19.6,170,87,31700,0,0
4775,49,34,21.3,194,88,37000,2,0
4776,22,76,5.9,138,25,14700,1,0
4777,23,6,2.4,77,48,5200,0,0
4778,32,1,20.9,115,92,34700,3,1
4779,30,46,6.6,110,17,13500,1,1
4780,23,80,28.7,183,36,51000,1,0
4781,57,12,8.7,346,105,20100,6,1
4782,21,9,7.3,555,99,24200,3,1
4783,45,93,29.2,177,53,49000,1,0
4784,33,31,8.5,492,52,25500,2,0
4785,56,71,6.9,72,22,11900,0,0
4786,29,86,16.0,193,63,29800,3,1
4787,39,23,6.9,62,32,11300,2,0
4788,64,10,7.6,380,138,23700,2,1
4789,37,55,18.7,133,81,29900,5,1
4790,50,43,5.5,368,147,18600,2,0
4791,38,25,8.2,402,135,24800,0,0
4792,54,43,29.4,127,79,46900,4,1
4793,47,30,42.2,685,148,82600,1,0
4794,23,24,30.0,200,73,48100,0,0
4795,48,36,6.8,137,41,16100,3,1
4796,39,42,25.8,732,121,59200,1,1
4797,35,15,7.3,372,66,24400,1,1
4798,53,89,3.0,100,34,9300,0,0
4799,55,45,4.4,81,16,6300,3,1
4800,51,51,8.3,353,55,20900,1,0
4801,34,39,9.6,463,117,28200,1,0
4802,55,22,34.4,162,62,54500,1,0
4803,30,28,26.6,584,176,58300,0,0
4804,21,36,4.4,140,22,11800,1,0
4805,50,74,7.4,487,144,26700,2,0
4806,33,56,22.0,132,58,32800,1,0
4807,44,75,6.4,137,27,9600,2,0
4808,42,65,4.6,131,15,9800,0,0
4809,38,47,3.7,90,14,2000,0,0
4810,48,56,4.7,140,15,10100,1,0
4811,22,21,3.6,69,33,10900,1,0
4812,61,57,3.7,107,27,8300,1,0
4813,34,3,37.8,561,102,72200,0,0
4814,36,23,2.5,149,34,4200,0,0
4815,24,57,29.8,102,40,50100,1,0
4816,66,40,4.7,104,15,7800,1,0
4817,21,34,24.1,147,94,41100,2,0
4818,25,2,4.4,74,24,8000,2,0
4819,50,69,7.8,84,17,12100,0,0
4820,38,3,7.0,70,27,12800,1,0
4821,67,55,15.3,186,72,30100,2,0
4822,45,93,7.1,56,20,10000,2,0
4823,55,3,33.6,87,96,53600,1,0
4824,44,35,5.4,77,46,8300,0,0
4825,29,68,37.5,585,192,71600,1,0
4826,25,78,34.6,180,97,61800,1,0
4827,69,14,5.4,549,92,23000,0,0
4828,31,32,9.5,522,102,27100,6,1
4829,23,1,7.2,90,14,12300,5,1
4830,45,37,4.5,419,55,20300,0,0
4831,63,92,25.0,93,47,41700,3,1
4832,59,49,4.4,512,71,23000,3,1
4833,57,77,7.4,500,144,25400,5,1
4834,48,63,2.6,73,28,7900,1,0
4835,53,61,8.8,337,85,25000,2,1
4836,40,79,23.9,172,87,39000,2,0
4837,45,27,2.4,54,43,4600,0,0
4838,64,57,2.2,77,12,5100,0,0
4839,26,89,2.1,93,45,2000,0,0
4840,24,68,16.8,142,95,31400,4,1
4841,56,63,32.5,188,51,52000,0,0
4842,55,10,2.7,94,20,4200,0,0
4843,63,53,8.0,444,96,23100,1,0
4844,52,70,7.4,146,42,15200,0,0
4845,28,57,8.1,494,117,28700,2,0
4846,63,8,4.2,540,136,21300,1,0
4847,25,85,5.3,117,28,14500,2,0
4848,56,86,5.6,316,107,19200,1,0
4849,55,51,7.1,323,65,20700,2,1
4850,24,51,9.3,541,72,28800,0,0
4851,43,29,33.8,693,133,67900,2,1
4852,45,12,46.6,742,177,90900,0,0
4853,57,25,15.1,135,58,28400,1,0
4854,68,23,6.4,99,31,10500,1,0
4855,36,75,3.0,97,45,10700,0,0
4856,20,89,3.9,117,25,5600,0,0
4857,41,39,8.6,436,84,24900,1,0
4858,56,40,8.6,422,134,26000,1,0
4859,61,26,4.3,81,23,9400,0,0
4860,68,8,28.5,142,42,46100,1,1
4861,30,10,6.0,76,40,8100,0,0
4862,44,10,30.0,764,137,65300,1,1
4863,42,72,32.0,540,174,63400,0,0
4864,44,74,3.3,122,17,8700,0,0
4865,55,81,5.0,131,27,7900,2,0
4866,67,47,9.7,451,133,28200,0,0
4867,66,54,31.1,110,31,47800,2,1
4868,42,66,21.8,180,39,37800,3,0
4869,48,31,31.8,661,123,66100,1,1
4870,44,8,41.6,412,103,74500,0,0
4871,55,18,4.9,104,46,13800,0,0
4872,55,77,2.0,80,41,6400,2,1
4873,69,15,52.4,454,183,93200,1,1
4874,34,26,35.7,678,122,70000,0,0
4875,66,49,33.1,146,49,52600,1,0
4876,36,58,28.2,88,99,44700,3,0
4877,27,22,5.7,399,90,17000,2,0
4878,58,62,7.3,127,19,15400,3,1
4879,21,65,3.0,64,25,6800,3,0
4880,68,69,2.1,74,11,7800,1,0
4881,43,14,6.5,146,31,14600,3,1
4882,56,45,2.4,92,14,3300,0,0
4883,64,91,6.7,90,13,12800,3,0
4884,25,93,6.0,435,83,17600,3,0
4885,69,17,34.3,722,195,73700,0,0
4886,68,74,4.1,56,32,9700,0,0
4887,45,86,7.9,130,23,15100,0,0
4888,46,41,17.0,132,93,26700,4,1
4889,57,77,5.7,512,110,26300,4,1
4890,55,29,9.6,361,102,26000,4,1
4891,45,85,19.1,97,90,29300,2,0
4892,45,80,58.0,612,183,102000,0,0
4893,39,9,6.5,58,38,8000,4,0
4894,32,86,15.6,152,73,29600,1,0
4895,68,31,5.8,73,46,12200,0,0
4896,37,16,34.1,455,92,63000,0,0
4897,57,24,33.6,574,116,62300,2,1
4898,67,20,8.3,349,51,22200,3,1
4899,66,60,7.8,300,133,18500,0,0
4900,58,39,20.1,108,55,30600,5,1
4901,61,84,51.9,625,109,93400,0,0
4902,68,71,8.2,534,124,26500,3,1
4903,56,57,32.7,98,30,51800,0,0
4904,50,62,22.9,88,63,36800,1,0
4905,50,45,7.1,332,149,24000,4,0
4906,20,18,6.1,146,39,15500,0,0
4907,25,34,30.1,122,41,49400,2,1
4908,59,34,5.9,119,12,16900,1,1
4909,20,59,15.1,142,39,26800,2,1
4910,61,61,31.0,635,121,68200,0,1
4911,68,66,26.7,82,68,41700,3,0
4912,46,9,9.7,507,145,26100,1,1
4913,43,10,7.0,59,22,11700,0,0
4914,37,52,5.9,116,34,9900,0,0
4915,23,30,7.2,100,20,13200,1,0
4916,54,50,7.8,336,131,20500,2,0
4917,29,40,5.2,106,32,12200,0,0
4918,54,93,2.1,131,45,6400,2,0
4919,43,10,7.5,445,62,24400,4,1
4920,54,28,20.9,154,65,38700,0,0
4921,34,17,2.9,61,46,3200,0,0
4922,59,37,28.4,187,95,50600,0,0
4923,46,24,3.1,75,23,6800,2,0
4924,26,34,30.2,81,64,46700,3,0
4925,35,76,28.3,130,51,49700,3,0
4926,62,3,44.2,502,87,80700,1,0
4927,46,11,16.6,159,68,27300,3,1
4928,58,10,5.9,117,11,12400,1,0
4929,58,24,8.7,397,143,20700,3,1
4930,46,17,4.1,378,95,20000,1,0
4931,52,42,8.6,411,129,28000,1,0
4932,57,42,2.1,108,32,3300,1,0
4933,38,37,56.1,475,88,97100,0,0
4934,63,24,3.9,118,17,7500,1,0
4935,38,65,5.5,63,41,15200,1,0
4936,57,34,5.8,375,64,22900,1,0
4937,57,63,7.6,368,104,22000,1,0
4938,19,13,15.6,197,95,32800,2,0
4939,32,42,7.6,598,128,24600,3,0
4940,53,17,6.2,148,32,11000,0,0
4941,56,87,39.1,787,190,78400,0,0
4942,25,34,22.5,177,87,34800,4,1
4943,33,65,5.5,524,102,24600,1,0
4944,64,91,55.4,659,197,99700,0,0
4945,23,53,29.9,175,46,48000,3,0
4946,69,66,3.5,84,37,10400,1,0
4947,20,58,9.8,593,56,29100,4,0
4948,20,84,38.7,525,138,73400,0,0
4949,43,12,2.8,68,22,7400,1,0
4950,33,12,29.7,666,184,65900,0,0
4951,35,43,3.8,113,25,6600,2,0
4952,33,1,4.0,332,143,14600,3,1
4953,61,58,57.1,462,180,98400,0,0
4954,33,40,33.8,481,159,63700,0,0
4955,62,62,3.9,115,34,7500,2,0
4956,33,10,46.5,752,123,90400,0,0
4957,40,1,4.7,319,107,14800,1,0
4958,30,57,32.9,764,97,71600,0,0
4959,62,1,16.3,159,81,26200,1,0
4960,41,69,5.4,82,42,12200,1,0
4961,18,22,4.1,524,54,16500,1,0
4962,32,74,10.0,557,69,30700,2,0
4963,61,22,7.2,74,29,15100,1,0
4964,60,90,25.4,152,72,38500,5,1
4965,24,48,8.9,327,66,21200,1,0
4966,39,20,6.8,461,135,20100,1,0
4967,56,70,20.4,168,71,37800,2,0
4968,58,67,6.5,432,71,22000,3,1
4969,50,36,59.4,703,146,110100,0,0
4970,60,63,39.9,564,122,76000,0,0
4971,35,76,4.4,87,39,10200,0,0
4972,53,85,2.4,53,22,5700,7,1
4973,59,8,6.1,122,35,9700,1,0
4974,32,68,34.5,180,42,55400,3,1
4975,33,57,5.7,130,11,13700,0,1
4976,53,91,6.8,56,44,14800,1,0
4977,59,48,9.5,468,114,25600,1,0
4978,49,39,18.1,110,69,31600,1,0
4979,68,56,8.0,81,22,16000,1,0
4980,36,61,6.7,62,30,8500,0,0
4981,40,1,3.8,59,34,5300,0,0
4982,63,40,5.3,506,108,19600,0,0
4983,60,59,9.6,448,121,30200,1,0
4984,19,88,9.3,396,76,26200,2,0
4985,22,60,8.4,325,149,20700,2,0
4986,50,12,53.4,549,122,95000,1,1
4987,21,25,7.1,95,17,14100,6,1
4988,66,28,3.5,347,93,17200,2,1
4989,36,78,4.6,52,38,8800,0,0
4990,27,67,2.9,98,41,12100,2,0
4991,28,62,7.6,91,29,13400,1,0
4992,55,45,4.2,564,124,23300,2,0
4993,18,84,7.4,71,24,12600,1,0
4994,46,24,25.6,142,42,40800,1,0
4995,42,58,2.6,114,30,6900,1,0
4996,32,82,9.2,444,83,25800,4,1
4997,26,81,5.6,106,44,12500,2,0
4998,46,39,5.2,85,19,10300,0,0
4999,64,95,35.7,468,161,70600,0,0
5000,23,58,4.6,137,41,10100,4,1
5001,47,58,32.8,160,83,55800,2,0
5002,62,33,4.8,53,36,7800,1,0
5003,65,18,3.8,111,31,6900,0,0
5004,69,28,20.9,127,72,35100,5,1
5005,64,4,8.0,131,17,15200,2,1
5006,59,18,5.7,108,13,10100,1,0
5007,43,73,26.2,182,58,46200,2,0
5008,42,74,34.8,169,40,54200,5,1
5009,60,73,59.7,650,93,110200,1,0
5010,27,67,27.5,768,158,63800,2,1
5011,54,48,4.3,53,45,8300,0,0
5012,19,79,8.6,360,148,21900,1,0
5013,18,80,5.1,61,27,8400,1,0
5014,51,64,5.4,66,26,9100,1,0
5015,53,45,4.9,466,122,20400,0,0
5016,55,63,28.1,171,94,47200,0,0
5017,56,38,6.2,62,42,12300,1,0
5018,34,33,26.1,188,56,43100,2,0
5019,56,52,6.3,142,31,13600,4,1
5020,43,15,6.3,310,81,16000,0,0
5021,51,4,6.5,59,42,10500,0,0
5022,63,85,48.1,664,153,93300,0,0
5023,21,69,8.9,551,59,26700,0,0
5024,42,27,7.5,429,149,24700,1,0
5025,36,80,41.9,735,134,84900,0,0
5026,31,18,3.6,79,44,3800,1,0
5027,31,19,7.2,365,89,20900,3,1
5028,39,46,15.7,140,55,29700,2,0
5029,48,60,18.7,140,61,36000,1,0
5030,28,14,22.9,192,97,40300,5,1
5031,67,25,8.5,320,130,22800,7,1
5032,35,35,9.1,561,99,29200,3,0
5033,24,91,7.4,138,40,13900,3,0
5034,47,74,6.5,439,70,23100,3,1
5035,48,77,9.0,344,121,22900,1,0
5036,49,32,22.1,152,51,33600,1,0
5037,39,43,3.4,127,30,10600,1,0
5038,41,89,50.7,427,141,88100,0,0
5039,59,91,2.3,136,34,9500,2,0
5040,20,46,10.0,315,128,24700,0,0
5041,37,7,22.3,91,94,38900,2,0
5042,26,12,9.3,498,127,27000,3,1
5043,45,19,30.3,676,155,59600,0,0
5044,64,51,53.3,559,143,96600,1,0
5045,66,59,5.6,97,12,6900,1,0
5046,68,32,8.5,409,55,23900,1,0
5047,34,40,6.3,548,91,24900,0,0
5048,37,80,23.6,112,43,37300,5,1
5049,52,48,6.0,398,96,22600,1,0
5050,31,16,3.1,126,18,6600,2,0
5051,39,12,25.9,143,70,42000,2,1
5052,51,13,33.9,136,33,57300,1,1
5053,51,85,6.1,411,92,21200,1,0
5054,46,94,4.7,61,15,10600,1,0
5055,66,46,25.7,464,106,48800,3,1
5056,19,84,5.3,354,87,14000,0,0
5057,25,60,3.1,333,127,14800,2,1
5058,42,18,42.3,622,142,81700,0,1
5059,42,10,29.4,180,62,49800,1,0
5060,35,12,31.5,168,63,53700,3,1
5061,19,78,6.8,73,15,14900,1,0
5062,46,22,5.3,76,44,10500,5,1
5063,20,17,9.2,504,61,28400,2,1
5064,49,47,7.8,492,143,22900,2,0
5065,27,40,8.6,543,63,29100,2,0
5066,46,21,18.1,167,86,32700,2,1
5067,40,53,4.4,102,44,9300,2,1
5068,21,36,5.9,82,16,10700,0,0
5069,27,75,38.5,520,111,74800,0,0
5070,19,1,4.4,586,74,19400,1,1
5071,60,11,5.1,143,19,10600,2,0
5072,54,61,7.2,62,30,13300,2,1
5073,28,11,6.5,124,22,10600,3,1
5074,21,64,3.1,120,17,7300,1,0
5075,31,78,5.8,302,128,13600,2,0
5076,69,75,15.2,142,70,28100,2,0
5077,47,29,5.7,427,60,20700,2,0
5078,53,76,4.5,126,24,14200,0,0
5079,60,27,2.9,131,18,5200,2,0
5080,27,24,8.4,391,110,23300,2,0
5081,63,80,3.3,520,85,18400,3,1
5082,64,58,3.6,445,65,20300,1,0
5083,63,63,5.9,134,12,11300,2,0
5084,26,77,26.1,194,52,46100,0,0
5085,67,21,3.6,110,31,4000,2,0
5086,22,37,28.4,160,50,48900,1,0
5087,35,90,16.8,172,38,28400,4,1
5088,37,80,6.1,141,37,11800,0,0
5089,63,23,9.4,493,88,29200,4,1
5090,54,90,59.0,591,172,104400,1,0
5091,37,4,7.3,139,11,14100,1,0
5092,35,40,47.1,698,122,88600,1,1
5093,24,5,7.4,110,15,14500,1,0
5094,57,90,5.0,594,111,25000,2,0
5095,35,91,9.6,486,58,26900,0,0
5096,43,46,27.7,105,32,43100,1,0
5097,61,19,6.3,356,58,17000,2,0
5098,27,49,57.1,781,145,106600,0,0
5099,18,47,28.6,115,32,46400,3,0
5100,32,87,28.1,164,52,49100,3,0
5101,18,80,40.1,455,165,74000,2,0
5102,32,74,2.6,136,23,3600,3,0
5103,65,92,5.1,437,51,20500,4,0
5104,67,30,6.5,398,56,14000,2,0
5105,52,69,3.7,584,92,21200,1,0
5106,46,45,4.2,421,72,18700,3,0
5107,34,54,6.3,122,26,12600,5,0
5108,56,65,37.0,454,116,67200,1,0
5109,51,22,6.9,584,120,26900,3,0
5110,28,49,7.7,65,25,15700,0,0
5111,60,44,7.3,85,20,13200,2,1
5112,42,20,7.1,429,87,21900,2,1
5113,46,33,6.0,100,29,10400,2,0
5114,27,31,22.5,184,56,37200,5,1
5115,28,9,3.5,67,20,5700,0,0
5116,20,35,29.4,506,86,61900,0,0
5117,41,69,7.3,371,108,20500,1,0
5118,69,85,17.8,155,32,32100,2,0
5119,24,42,6.2,552,130,25900,3,0
5120,40,25,16.7,147,98,30500,2,1
5121,21,77,6.4,136,18,12300,2,0
5122,51,27,21.4,116,46,36900,1,0
5123,45,65,5.5,469,88,21900,1,0
5124,59,33,29.9,145,62,48600,2,0
5125,38,88,31.6,518,135,64100,2,1
5126,21,44,16.4,168,79,31700,0,0
5127,68,80,22.1,190,95,37900,3,0
5128,41,10,22.0,188,75,41100,0,0
5129,23,83,57.1,583,190,104600,1,0
5130,28,43,31.8,476,103,63400,0,0
5131,24,3,20.2,138,63,32800,1,0
5132,66,62,5.8,119,42,7200,0,0
5133,41,40,24.1,163,66,43000,2,1
5134,64,33,3.7,543,95,20900,3,1
5135,46,24,25.2,100,40,38200,3,1
5136,66,92,52.8,427,123,87500,1,0
5137,38,74,9.3,451,79,25500,2,0
5138,48,67,3.9,115,33,5500,3,1
5139,53,44,23.0,86,45,37500,7,1
5140,58,80,37.2,562,92,73100,0,0
5141,67,48,50.4,791,117,96600,0,1
5142,30,54,6.2,120,11,12400,1,0
5143,61,76,6.6,56,17,9900,2,0
5144,25,82,32.3,188,84,51800,5,1
5145,28,16,34.1,196,99,57400,1,1
5146,25,66,6.8,61,18,13200,1,0
5147,27,27,31.9,747,120,66300,0,0
5148,46,2,2.8,127,22,6900,2,1
5149,58,89,3.9,573,141,21300,2,0
5150,51,5,3.4,488,136,17600,1,0
5151,42,49,7.6,149,16,15600,1,0
5152,42,82,6.6,131,31,11000,1,0
5153,50,15,4.0,345,135,16900,3,1
5154,59,59,7.3,131,31,15400,1,0
5155,47,40,4.5,51,48,8800,1,0
5156,43,3,48.1,612,186,84400,2,1
5157,43,69,24.7,163,37,41600,5,1
5158,32,92,31.7,193,54,51000,3,0
5159,39,1,45.5,612,157,85400,0,1
5160,45,41,20.2,164,56,35600,1,0
5161,67,10,6.1,92,48,9100,2,1
5162,66,87,17.7,91,44,32000,2,0
5163,48,48,27.6,198,88,48200,1,0
5164,34,68,6.6,512,140,26300,2,0
5165,30,14,5.3,443,102,21300,1,0
5166,51,47,4.7,73,32,10300,3,0
5167,62,40,32.3,102,60,52300,2,0
5168,64,93,50.7,731,155,94100,0,0
5169,60,83,2.6,105,46,7700,3,0
5170,30,46,4.2,131,16,10900,0,0
5171,22,25,31.8,176,35,51700,4,0
5172,57,95,51.0,511,132,93300,2,1
5173,56,52,7.2,95,25,15500,0,0
5174,69,34,21.4,192,72,37700,3,1
5175,18,75,7.6,61,20,12200,0,0
5176,64,30,8.0,146,34,17600,0,0
5177,29,93,2.6,65,50,10400,2,0
5178,50,90,31.1,163,45,54100,1,0
5179,67,38,5.4,402,114,16800,1,0
5180,32,49,19.5,155,34,31600,1,0
5181,25,53,8.4,346,100,21200,1,0
5182,27,58,47.5,568,81,88200,1,0
5183,39,8,4.8,76,14,11300,2,0
5184,58,67,9.0,449,138,24700,1,0
5185,19,10,7.3,103,44,14400,0,0
5186,24,32,31.7,199,71,51600,2,0
5187,45,60,6.7,53,45,9800,2,0
5188,59,13,15.5,118,48,26900,1,1
5189,41,64,28.2,637,171,59300,0,0
5190,51,82,4.6,69,28,8700,2,0
5191,20,16,5.3,429,69,23500,2,1
5192,62,75,3.8,383,62,11500,1,0
5193,23,66,29.4,82,97,47700,1,0
5194,67,70,6.1,107,24,12100,1,0
5195,43,76,7.6,74,35,14600,1,0
5196,48,11,59.3,649,182,109200,0,1
5197,61,24,7.3,110,14,16400,1,0
5198,23,57,8.2,414,102,23400,1,0
5199,36,27,23.5,86,84,39900,1,0
5200,33,43,3.8,558,101,19400,2,0
5201,36,38,5.2,124,43,11200,1,0
5202,64,63,9.6,597,102,28700,3,1
5203,55,51,32.8,648,178,68300,0,0
5204,53,41,7.4,420,83,22900,2,0
5205,56,33,4.7,131,30,8800,4,1
5206,68,79,6.6,121,40,14400,1,0
5207,26,43,26.5,92,67,44100,1,0
5208,57,52,3.4,432,66,17400,1,0
5209,38,38,6.5,543,63,22200,2,0
5210,46,5,4.9,61,13,12000,0,0
5211,55,91,24.0,104,50,42000,4,0
5212,62,67,6.0,86,29,14600,0,0
5213,38,90,5.3,524,60,22600,2,0
5214,26,26,45.9,404,117,80400,1,0
5215,28,54,4.3,69,28,5500,2,0
5216,20,86,38.7,709,179,78100,2,0
5217,58,68,22.9,163,56,38300,2,0
5218,55,19,26.5,185,87,49000,0,0
5219,45,93,2.7,150,25,6600,1,0
5220,28,76,5.8,53,30,13500,2,0
5221,32,44,32.4,790,163,65400,0,0
5222,44,58,7.7,539,71,26800,1,0
5223,64,4,49.6,649,148,90000,1,0
5224,45,2,2.7,120,29,7300,5,1
5225,51,87,9.2,587,107,29900,1,0
5226,58,83,17.2,84,47,26500,0,0
5227,34,26,40.3,610,100,75200,1,0
5228,57,64,6.1,410,79,19500,3,1
5229,57,49,16.0,153,85,26900,2,0
5230,46,62,8.8,452,52,26400,3,1
5231,43,22,25.5,443,126,49500,1,0
5232,59,74,2.7,71,23,5800,2,0
5233,57,76,5.0,81,36,7900,2,0
5234,32,72,28.7,86,46,45400,3,0
5235,59,50,5.0,119,14,10200,0,0
5236,66,51,34.4,132,64,57400,6,1
5237,59,48,6.6,559,68,27900,0,0
5238,68,30,9.9,526,92,27600,1,0
5239,29,95,3.1,58,20,6700,1,0
5240,35,62,46.1,735,82,87900,2,1
5241,64,80,4.9,61,39,8900,1,0
5242,31,8,4.5,136,14,11800,5,1
5243,48,70,5.8,404,85,20600,4,0
5244,35,25,6.4,115,20,12500,1,0
5245,67,2,2.1,96,25,2900,2,1
5246,48,54,3.6,125,15,8300,1,0
5247,34,31,5.5,142,33,16100,0,0
5248,40,90,5.8,533,114,23500,1,0
5249,34,84,4.0,60,20,8500,0,0
5250,33,31,53.2,767,168,98000,0,0
5251,51,75,29.7,97,45,46400,4,1
5252,47,58,8.8,532,148,23500,2,0
5253,38,61,48.3,499,85,85500,0,0
5254,55,27,36.6,459,167,68200,0,0
5255,55,14,8.2,547,135,28900,1,0
5256,66,15,8.9,542,66,28700,2,0
5257,64,76,4.2,135,40,11900,0,0
5258,31,19,5.4,107,16,13900,0,0
5259,22,56,30.4,104,56,49800,4,1
5260,21,86,4.9,92,32,11500,4,0
5261,26,66,22.1,198,51,36000,1,0
5262,22,28,27.6,108,93,44400,1,0
5263,66,2,34.8,124,44,57400,2,1
5264,33,8,30.2,96,68,47900,1,1
5265,31,19,3.3,150,37,6600,1,1
5266,25,87,8.5,461,149,27500,0,0
5267,51,13,2.8,119,46,5300,2,0
5268,46,33,6.2,126,47,12800,4,1
5269,54,10,5.5,122,45,14800,1,0
5270,54,60,26.1,177,80,43400,2,0
5271,25,72,6.2,76,32,11500,1,0
5272,64,32,7.8,348,71,18700,4,1
5273,52,94,3.8,101,23,13000,2,0
5274,22,21,7.7,81,10,13000,3,0
5275,48,68,3.1,344,80,10800,0,0
5276,22,13,4.4,338,65,12900,1,0
5277,51,76,5.7,56,23,9500,0,0
5278,56,18,7.8,343,77,23300,3,1
5279,18,62,2.8,146,15,7800,2,0
5280,36,59,51.3,738,158,94900,1,0
5281,46,4,6.2,55,11,7900,1,0
5282,50,78,20.5,105,56,36500,0,0
5283,20,31,25.8,156,47,41100,3,1
5284,53,63,7.4,59,16,11400,3,0
5285,29,44,4.3,330,101,14700,3,0
5286,58,95,44.0,677,179,83500,0,0
5287,28,56,3.2,97,31,7400,2,0
5288,19,75,3.7,117,31,8400,0,0
5289,63,90,2.1,122,26,5500,1,0
5290,55,38,32.0,121,38,53800,3,1
5291,64,72,4.5,119,35,11100,2,0
5292,18,64,33.9,131,98,52500,2,0
5293,57,87,33.4,81,43,52800,3,0
5294,40,69,3.1,73,30,7500,1,0
5295,31,67,2.3,76,18,8300,3,0
5296,61,65,26.1,158,74,39100,3,1
5297,60,79,19.7,185,49,35200,3,0
5298,20,28,25.5,132,34,41600,2,0
5299,40,42,5.1,130,12,8400,2,1
5300,51,42,29.3,165,99,49400,3,1
5301,19,87,3.1,526,112,19900,2,0
5302,37,6,25.9,728,117,58400,0,0
5303,55,90,30.8,103,65,50500,2,0
5304,25,40,53.6,454,143,92600,0,1
5305,20,7,32.8,186,37,53300,2,1
5306,38,8,54.4,670,193,101300,2,1
5307,30,84,4.3,372,148,17600,2,0
5308,69,66,34.3,173,59,52100,3,1
5309,53,32,6.4,123,16,12000,0,0
5310,23,46,4.3,51,42,9800,1,0
5311,58,63,4.4,112,17,9200,2,0
5312,59,17,34.6,137,47,55800,3,1
5313,62,63,5.2,404,128,17200,2,0
5314,23,68,30.0,189,76,51000,3,0
5315,33,45,28.4,193,55,50300,2,0
5316,56,8,7.0,375,57,21400,1,0
5317,19,63,9.1,571,124,26600,1,0
5318,61,34,4.7,317,112,18400,1,0
5319,46,44,7.1,591,106,24900,3,1
5320,26,36,18.6,196,50,34800,0,0
5321,41,10,3.4,105,22,9900,4,1
5322,61,15,26.3,98,63,43600,1,0
5323,52,30,2.6,76,25,3900,3,1
5324,57,54,7.5,140,36,11700,1,0
5325,26,82,2.8,118,34,6800,2,0
5326,31,90,3.4,410,113,13900,2,0
5327,30,20,32.6,761,183,70400,0,1
5328,21,46,9.9,375,71,32100,0,0
5329,68,14,6.9,397,116,20900,3,0
5330,24,19,5.3,51,46,12300,2,1
5331,46,42,26.2,190,86,46500,4,1
5332,30,80,5.1,303,100,12800,1,1
5333,46,17,20.8,99,56,34700,1,0
5334,44,2,2.4,130,47,4000,2,0
5335,27,31,47.2,499,161,87200,0,0
5336,38,3,7.7,130,21,12900,0,0
5337,51,14,9.7,505,112,27500,0,0
5338,65,57,22.4,132,31,37000,3,1
5339,63,73,54.5,777,129,102700,0,1
5340,68,11,3.0,119,46,8800,0,0
5341,54,61,3.0,564,115,20000,1,0
5342,21,80,4.8,349,119,16100,4,1
5343,38,12,8.7,530,122,25200,1,0
5344,52,16,3.9,74,11,6600,2,1
5345,30,62,5.1,111,29,7000,0,0
5346,22,49,28.3,195,80,48600,2,1
5347,35,16,30.8,80,41,46200,1,1
5348,40,18,4.7,51,26,6200,3,0
5349,31,75,4.9,121,33,9300,4,1
5350,47,62,20.9,183,56,37600,0,0
5351,67,86,37.3,688,124,73400,1,0
5352,43,69,18.5,194,62,35600,1,1
5353,49,59,4.5,98,37,5800,1,0
5354,19,28,2.7,64,12,5600,1,0
5355,27,94,37.4,476,168,68600,0,0
5356,49,84,51.0,526,93,91100,0,0
5357,51,27,7.1,56,26,11100,0,0
5358,53,46,6.2,545,131,22700,3,1
5359,22,58,8.7,410,137,29600,1,0
5360,68,57,6.4,104,25,12400,1,0
5361,32,36,15.6,110,52,23400,4,1
5362,68,38,23.8,188,89,39300,4,1
5363,24,75,19.0,157,97,32200,5,1
5364,58,39,17.8,167,68,29300,1,0
5365,42,88,5.9,517,100,23400,3,0
5366,47,30,4.7,135,37,8900,1,0
5367,46,19,6.8,94,46,16100,1,0
5368,53,14,26.4,515,154,52900,2,1
5369,67,10,6.4,66,14,11800,2,1
5370,41,13,2.6,56,11,5200,1,1
5371,29,35,8.7,517,103,26400,5,1
5372,32,70,22.1,197,91,38300,5,1
5373,19,93,6.7,312,98,16900,6,1
5374,56,32,54.6,407,161,94000,0,0
5375,63,41,7.4,104,15,15500,1,0
5376,51,19,4.8,337,102,14900,4,1
5377,54,2,21.6,96,34,36200,1,0
5378,39,3,16.3,176,92,27600,1,0
5379,30,57,20.3,147,62,34500,2,0
5380,32,2,18.9,87,41,32900,2,1
5381,69,20,4.9,347,142,14000,4,1
5382,46,18,7.2,142,13,17600,1,0
5383,62,75,25.6,96,85,40400,1,0
5384,62,55,7.8,73,11,17800,0,0
5385,69,17,7.8,58,39,14700,0,0
5386,21,81,5.8,136,33,12900,2,0
5387,64,30,41.6,589,192,76100,0,0
5388,56,8,22.0,156,31,33000,3,1
5389,57,48,30.5,141,57,51900,1,0
5390,52,88,5.4,55,17,9400,1,0
5391,54,20,26.7,84,80,46200,2,0
5392,47,13,5.1,72,39,10400,1,0
5393,50,1,25.9,178,92,43600,3,1
5394,25,16,6.9,140,41,12900,1,0
5395,41,72,15.6,190,99,32000,1,0
5396,40,5,2.7,99,13,8100,2,0
5397,18,81,5.0,428,66,18100,0,0
5398,45,30,2.1,112,41,6200,0,0
5399,65,69,4.6,105,33,11000,0,0
5400,28,22,30.9,684,171,61100,1,1
5401,45,9,8.7,350,135,27000,3,0
5402,56,75,17.3,115,52,30000,0,0
5403,27,15,4.4,410,70,20400,2,1
5404,34,37,27.0,156,34,43300,3,1
5405,63,79,3.9,124,18,5700,0,0
5406,50,18,7.5,87,37,9000,1,0
5407,20,94,19.5,135,83,31600,1,0
5408,28,11,5.5,413,56,18600,1,0
5409,28,26,2.5,104,18,7100,1,0
5410,35,36,6.3,133,50,15200,2,0
5411,33,48,42.7,752,175,85100,0,0
5412,32,82,5.5,392,51,21900,4,1
5413,30,49,3.5,92,36,11100,0,0
5414,22,38,4.8,87,14,8700,0,0
5415,35,50,37.0,482,162,73300,0,0
5416,60,73,33.3,80,85,52200,4,1
5417,40,22,4.3,357,53,16800,1,1
5418,55,77,27.2,175,52,47300,1,0
5419,68,80,6.0,104,37,12200,2,0
5420,37,21,8.0,96,13,13500,0,0
5421,55,93,16.4,192,59,27600,2,0
5422,66,44,3.3,94,34,9900,0,0
5423,59,56,52.0,608,132,92800,1,0
5424,26,62,4.0,592,110,22500,4,1
5425,67,89,4.5,356,80,15600,4,0
5426,52,21,52.4,417,194,93200,2,0
5427,25,39,25.2,84,66,41000,3,0
5428,50,12,4.5,142,30,8200,1,0
5429,50,79,53.0,578,164,95500,0,0
5430,49,61,6.2,315,102,12400,4,1
5431,58,81,5.9,94,24,13500,3,1
5432,36,41,3.0,86,20,11300,3,0
5433,68,51,44.6,558,87,82300,1,0
5434,41,48,3.3,138,27,8300,3,0
5435,31,1,6.6,107,42,15000,0,0
5436,55,70,2.6,53,36,3400,0,0
5437,49,37,3.2,557,72,18200,0,0
5438,30,24,5.3,508,81,22800,0,0
5439,55,50,5.7,56,46,8300,1,0
5440,30,79,5.9,91,26,6300,2,0
5441,31,25,16.9,123,39,30900,0,0
5442,49,4,25.1,102,89,40000,2,0
5443,35,88,6.5,103,43,10600,2,0
5444,45,90,3.8,73,48,10800,1,0
5445,27,6,3.4,538,130,19700,3,1
5446,20,39,25.6,101,89,44300,1,0
5447,27,33,3.1,58,35,7000,2,1
5448,41,43,3.2,406,64,14600,1,0
5449,53,77,30.0,167,50,53300,3,0
5450,51,56,5.6,346,64,12500,3,0
5451,40,94,3.6,442,79,19800,1,0
5452,32,20,5.4,59,34,9900,0,0
5453,66,46,26.3,155,36,46300,0,0
5454,62,7,6.6,115,28,11600,3,1
5455,61,3,22.2,183,36,36800,1,0
5456,40,74,4.1,141,31,9600,3,0
5457,30,51,28.8,790,134,68000,0,0
5458,38,87,7.7,488,82,26500,6,1
5459,66,42,29.1,176,95,47900,0,0
5460,18,7,24.0,178,42,39000,3,0
5461,19,71,58.0,447,98,102100,0,0
5462,42,80,3.9,400,127,19300,1,0
5463,30,87,26.1,153,80,43100,2,0
5464,33,81,5.4,86,33,10300,3,0
5465,27,18,3.9,496,97,22300,2,1
5466,61,77,9.9,485,71,23100,2,0
5467,36,54,8.1,574,52,28700,3,0
5468,22,13,56.4,589,175,98900,1,0
5469,69,16,5.2,505,130,22300,4,1
5470,69,82,36.1,715,161,75700,0,0
5471,52,91,31.0,146,79,47200,1,0
5472,18,57,3.0,536,133,22100,0,0
5473,44,27,7.3,118,19,18200,0,1
5474,53,31,4.1,430,86,15900,1,0
5475,35,42,7.4,150,48,14600,3,0
5476,63,92,6.7,131,48,13700,0,0
5477,59,31,29.3,86,50,48200,2,1
5478,44,22,29.9,192,58,52300,2,1
5479,61,3,8.8,499,137,26900,1,0
5480,33,67,6.5,73,41,12900,3,0
5481,55,51,8.6,316,137,21700,2,0
5482,22,52,26.3,83,81,43700,2,1
5483,26,33,7.3,575,63,23400,1,0
5484,21,12,40.3,775,149,82000,0,0
5485,58,62,3.4,138,46,12100,0,0
5486,34,42,5.8,51,27,11800,2,0
5487,65,65,28.0,742,122,63800,2,0
5488,66,39,7.6,88,48,13100,2,1
5489,50,87,6.3,90,12,10600,0,0
5490,45,8,25.8,90,43,42000,1,0
5491,33,95,6.8,127,14,12200,3,0
5492,55,5,3.2,81,49,4400,0,0
5493,31,41,3.0,73,15,8500,1,0
5494,60,11,9.6,413,134,26500,1,1
5495,40,53,8.5,435,143,23600,0,0
5496,68,50,5.0,61,35,10400,0,0
5497,61,77,28.3,453,105,58300,0,0
5498,38,69,7.9,443,107,23600,2,0
5499,55,43,7.7,150,22,15000,0,0
5500,54,75,15.4,88,85,28700,4,0
5501,19,83,53.6,568,160,92600,4,1
5502,21,14,6.8,107,39,13300,1,1
5503,19,14,7.5,82,34,12700,1,0
5504,62,82,7.8,148,16,12000,1,0
5505,36,19,26.9,442,158,54700,1,1
5506,21,20,5.8,82,40,10600,1,0
5507,45,72,6.5,407,99,22200,3,1
5508,22,38,18.7,88,92,32600,0,0
5509,48,78,5.8,408,113,20900,1,0
5510,34,4,21.0,115,61,33400,0,0
5511,60,76,32.3,102,47,51100,0,0
5512,22,15,25.8,122,81,42300,1,0
5513,42,75,21.6,99,77,36900,2,0
5514,36,79,26.9,158,55,44800,3,1
5515,69,8,4.3,85,13,9900,2,1
5516,46,38,5.4,115,25,10100,0,0
5517,61,87,6.4,95,14,13800,1,0
5518,28,38,9.5,523,61,27000,0,0
5519,60,84,32.1,606,194,62000,0,0
5520,54,5,27.1,666,161,58400,1,0
5521,44,5,26.8,87,61,43000,3,1
5522,30,4,56.1,415,132,96000,1,0
5523,41,32,21.9,194,59,34800,1,0
5524,29,73,8.6,472,68,26400,3,0
5525,33,86,56.6,597,160,101800,0,0
5526,69,34,6.3,444,106,21500,1,0
5527,67,86,3.1,77,17,8400,2,0
5528,48,6,4.3,413,93,17800,3,1
5529,29,84,3.3,106,32,5300,2,0
5530,49,56,6.6,455,59,19000,0,0
5531,35,59,16.7,137,75,30900,1,0
5532,59,34,56.8,574,137,97000,0,0
5533,39,60,3.8,322,67,16700,2,0
5534,45,47,6.0,475,113,19600,4,1
5535,49,35,7.5,85,22,11900,1,0
5536,30,67,28.0,759,153,63900,2,1
5537,68,84,5.7,122,35,10500,1,0
5538,60,35,7.5,478,137,21800,1,0
5539,69,25,46.7,776,110,89600,0,0
5540,49,24,5.2,107,33,9100,1,0
5541,52,82,2.7,65,44,6900,4,1
5542,43,83,6.8,89,42,10700,3,0
5543,64,19,2.0,149,46,6400,0,0
5544,46,92,7.7,70,11,11800,1,0
5545,35,37,6.9,99,50,10500,1,0
5546,20,41,54.5,789,117,100900,1,0
5547,63,36,7.5,62,16,15700,0,0
5548,24,39,3.6,77,39,7400,2,0
5549,56,73,3.9,149,44,7400,0,0
5550,49,94,4.9,590,127,21500,1,0
5551,69,47,3.0,53,25,6900,1,0
5552,54,81,26.8,168,53,45900,2,0
5553,43,31,28.4,161,94,47600,3,1
5554,21,19,2.1,62,21,3900,0,0
5555,34,35,5.8,59,13,10800,1,0
5556,46,16,8.7,311,53,20200,2,0
5557,46,31,9.7,363,58,26200,1,0
5558,33,36,58.1,593,86,103200,1,1
5559,27,82,6.8,134,47,14900,1,0
5560,57,58,4.1,93,14,10400,2,0
5561,28,53,6.4,92,45,12000,1,0
5562,26,11,43.9,753,117,86500,1,1
5563,48,73,3.4,303,145,13100,1,0
5564,25,67,4.1,145,26,14100,0,0
5565,62,45,30.8,94,36,49700,2,0
5566,25,32,2.0,128,12,6000,4,1
5567,63,4,3.0,57,30,8900,0,0
5568,41,80,7.6,573,76,25700,4,0
5569,27,95,27.6,145,58,46600,0,0
5570,38,3,8.8,495,116,26600,3,1
5571,50,64,15.7,183,99,28800,4,1
5572,60,91,8.7,417,94,25500,0,0
5573,27,44,27.1,473,195,54300,1,0
5574,52,78,59.4,468,83,98100,0,0
5575,31,36,25.0,125,42,40200,1,0
5576,65,32,41.1,518,126,73600,0,0
5577,19,85,20.0,93,33,32100,3,0
5578,46,72,3.3,322,126,14100,2,1
5579,65,68,7.5,73,31,13400,2,0
5580,62,52,52.7,485,160,96400,2,1
5581,48,66,4.1,454,136,17900,3,0
5582,28,18,7.0,330,103,20600,2,0
5583,63,22,2.9,120,13,6100,0,0
5584,39,46,3.1,90,46,7600,2,0
5585,37,73,2.6,70,14,4600,0,0
5586,41,91,9.2,419,101,25000,3,0
5587,19,15,46.4,402,88,77900,1,0
5588,20,95,3.1,533,58,15500,1,0
5589,57,81,3.4,349,115,16600,5,0
5590,46,92,3.9,577,86,20300,1,0
5591,55,58,43.5,590,93,85200,4,0
5592,58,6,21.3,195,88,37600,2,1
5593,39,34,16.0,82,42,24300,2,0
5594,57,32,4.9,98,35,9000,0,0
5595,56,63,26.5,126,49,48600,4,0
5596,64,28,15.5,168,30,26800,1,0
5597,65,69,5.8,102,17,15200,1,0
5598,39,91,6.9,139,30,12000,0,0
5599,49,90,2.6,105,45,6700,2,0
5600,19,63,16.6,190,36,27700,3,0
5601,52,75,3.8,439,128,18300,0,0
5602,21,47,3.4,117,32,9400,1,0
5603,60,45,8.8,368,141,28300,2,0
5604,20,30,5.3,568,77,27500,1,0
5605,48,57,4.0,331,67,16100,1,0
5606,57,24,8.4,465,111,23800,2,1
5607,56,94,5.8,68,43,11500,2,0
5608,35,30,50.4,538,160,90600,1,1
5609,31,83,7.7,118,21,15900,0,0
5610,62,31,7.0,64,43,12400,1,0
5611,51,60,8.1,528,93,20900,2,0
5612,32,94,31.1,755,190,67300,0,0
5613,21,37,33.3,90,85,50500,1,0
5614,32,70,8.1,443,110,23200,2,0
5615,29,87,36.9,446,103,66200,0,0
5616,46,3,32.9,152,59,52600,2,0
5617,19,89,18.5,158,81,32200,4,0
5618,38,32,37.4,525,111,69100,0,0
5619,39,55,40.0,765,123,80100,1,0
5620,24,41,34.6,194,49,59200,2,1
5621,21,40,3.2,93,23,6800,1,0
5622,36,45,34.5,198,58,59000,1,0
5623,48,56,25.2,138,81,43600,3,0
5624,47,14,4.8,518,54,23400,3,1
5625,38,25,6.2,87,27,15600,2,0
5626,37,89,33.6,165,95,57100,2,0
5627,35,49,3.6,407,60,15800,4,1
5628,52,12,59.5,533,162,104400,2,1
5629,54,89,31.5,169,89,50400,2,0
5630,20,94,16.4,176,66,29100,2,0
5631,66,77,33.1,98,55,54700,1,0
5632,34,65,22.3,191,57,42100,1,0
5633,50,15,4.7,366,72,18800,3,1
5634,51,94,4.4,98,43,9500,1,0
5635,49,42,38.5,423,92,70700,0,0
5636,26,73,46.9,710,146,87200,0,0
5637,19,54,6.3,126,41,17100,0,0
5638,30,4,5.2,71,33,9400,2,0
5639,65,58,6.8,82,36,12300,1,0
5640,43,72,38.8,402,104,67900,0,0
5641,57,24,2.7,69,40,4400,1,0
5642,64,74,3.1,57,36,9500,1,0
5643,66,88,7.1,340,65,22700,5,1
5644,27,45,35.6,660,82,69400,2,0
5645,26,34,6.9,136,22,15200,2,1
5646,61,72,20.4,81,57,36400,2,0
5647,34,90,7.1,487,77,19500,6,1
5648,51,23,3.6,452,110,13600,5,1
5649,64,93,31.1,105,57,51200,4,0
5650,61,6,25.9,135,31,42500,0,0
5651,43,70,34.1,743,167,74100,0,0
5652,21,7,49.1,410,123,88000,0,1
5653,36,51,24.4,88,76,37600,3,0
5654,34,43,9.2,552,130,28700,2,0
5655,24,77,8.2,589,101,28500,5,1
5656,19,68,34.1,129,90,53400,2,1
5657,55,8,33.7,144,98,56800,4,1
5658,34,49,3.7,532,110,21400,1,0
5659,42,58,4.9,431,64,18900,0,0
5660,61,53,4.0,346,127,16400,2,0
5661,28,39,5.2,308,119,15000,1,0
5662,23,54,5.7,54,28,12700,3,0
5663,56,92,18.3,121,90,34300,2,1
5664,67,13,22.2,174,91,41900,2,0
5665,23,10,2.6,82,23,6400,0,0
5666,24,31,3.1,499,110,17100,1,0
5667,57,7,8.7,331,130,23600,3,1
5668,35,74,15.9,176,82,30000,2,1
5669,55,7,3.1,594,101,21200,2,0
5670,22,31,5.6,72,43,5500,1,0
5671,51,87,9.6,470,82,28000,1,0
5672,69,15,29.9,94,55,48800,1,0
5673,55,78,3.1,87,47,9600,1,0
5674,58,26,9.5,564,128,24700,2,0
5675,32,91,15.1,81,51,27800,4,0
5676,32,52,32.6,109,96,50000,1,0
5677,51,84,4.6,131,28,11200,1,0
5678,24,94,30.1,472,192,59500,1,0
5679,40,42,3.0,121,26,9400,0,0
5680,20,92,33.8,163,94,55700,4,1
5681,40,70,2.4,58,16,6000,0,0
5682,32,37,3.7,79,43,8600,0,0
5683,54,81,7.1,122,48,17300,1,0
5684,67,42,43.8,694,109,82000,1,0
5685,46,26,7.3,101,14,12600,1,0
5686,31,62,31.1,680,115,64000,0,0
5687,37,29,35.0,126,69,58300,4,1
5688,43,48,25.4,195,44,43500,3,1
5689,28,35,4.5,105,47,7300,0,0
5690,69,57,15.1,139,78,23500,3,1
5691,26,76,4.1,148,31,8700,0,0
5692,31,7,9.5,377,82,18900,1,0
5693,42,67,16.5,102,95,28000,2,0
5694,58,2,37.1,734,186,75600,1,0
5695,32,55,3.2,141,49,8900,2,0
5696,31,63,3.4,128,46,11700,1,0
5697,60,68,22.5,114,87,36000,3,0
5698,66,9,6.6,417,147,21200,2,0
5699,32,67,5.9,76,21,12300,0,0
5700,26,56,16.1,104,51,25700,1,0
5701,33,34,30.0,747,133,64000,0,0
5702,26,23,10.0,538,60,28600,1,0
5703,39,83,59.4,583,148,106000,0,0
5704,40,41,28.9,131,53,51300,3,1
5705,25,49,32.3,176,60,53600,3,0
5706,27,32,2.5,56,11,4400,0,0
5707,49,46,6.2,117,23,12200,1,0
5708,36,11,47.2,555,196,86700,2,1
5709,60,58,5.8,354,63,15900,5,1
5710,69,11,4.9,542,127,24700,1,0
5711,47,41,2.2,135,20,8300,1,0
5712,37,84,7.0,147,28,16400,0,0
5713,57,34,3.6,75,31,6800,2,0
5714,69,45,24.6,90,54,40100,4,0
5715,46,32,5.3,111,47,11400,7,1
5716,60,56,16.4,120,36,26800,0,0
5717,44,81,20.9,155,96,37600,2,0
5718,64,40,41.4,771,111,81000,0,0
5719,61,70,29.1,405,170,59000,0,0
5720,51,19,9.3,462,56,27600,0,0
5721,25,36,3.3,126,14,9000,0,0
5722,48,90,8.0,581,88,31400,2,0
5723,60,7,20.2,107,61,30900,1,0
5724,55,49,25.0,129,96,40700,2,1
5725,60,32,55.9,481,197,100500,0,0
5726,63,90,34.6,161,31,53700,5,1
5727,37,64,9.4,307,110,25300,5,1
5728,38,92,6.1,440,73,22300,1,0
5729,36,39,29.7,179,59,53300,2,0
5730,53,81,30.1,102,79,50600,3,0
5731,67,33,4.1,338,50,15000,2,0
5732,53,23,6.0,93,22,14200,1,0
5733,42,37,27.6,175,84,44500,0,0
5734,44,3,5.5,324,136,17200,2,1
5735,61,79,5.4,556,136,25700,0,0
5736,67,9,5.0,577,88,23000,1,0
5737,34,41,25.7,171,83,39200,3,0
5738,38,8,7.7,113,24,17300,2,0
5739,22,66,22.8,191,84,39400,1,0
5740,20,22,53.0,695,192,99700,0,0
5741,42,32,26.0,190,30,47600,5,1
5742,56,90,6.6,305,52,18700,2,0
5743,67,83,4.7,125,32,13200,1,0
5744,23,48,3.4,439,80,17400,0,0
5745,53,41,59.7,458,82,99000,2,1
5746,33,21,33.3,675,166,70600,0,0
5747,22,5,22.1,155,60,38400,1,0
5748,48,12,2.4,107,46,9000,0,0
5749,26,82,8.9,342,150,23000,3,1
5750,62,48,20.3,154,41,33800,1,0
5751,19,35,5.6,91,18,12700,2,1
5752,43,92,7.4,84,32,8600,1,0
5753,31,5,33.4,699,159,73600,1,0
5754,51,6,8.0,319,132,18900,2,0
5755,55,73,17.9,135,82,32400,0,0
5756,26,88,6.6,111,40,14300,2,0
5757,68,14,34.7,136,87,57600,2,0
5758,54,58,31.1,100,99,55000,1,0
5759,40,6,7.3,404,101,21100,2,0
5760,47,6,7.1,141,20,16600,2,0
5761,21,80,5.0,120,38,11700,1,0
5762,62,6,5.1,310,85,17300,4,1
5763,34,35,3.3,539,110,22500,5,1
5764,31,30,6.1,62,44,10700,2,0
5765,62,93,23.5,153,91,38900,2,0
5766,33,45,4.3,538,54,19100,2,0
5767,56,81,3.5,360,140,15300,3,0
5768,63,68,3.4,66,11,4000,1,0
5769,34,1,5.8,64,30,7700,2,0
5770,39,76,6.9,473,99,23700,0,0
5771,27,85,7.0,129,25,15200,2,0
5772,22,56,53.2,619,148,96900,1,0
5773,44,35,5.3,325,103,16700,1,0
5774,66,56,7.6,77,29,11400,2,0
5775,20,50,5.4,64,29,10500,1,0
5776,28,39,5.4,503,82,21500,3,1
5777,43,42,5.3,114,31,14400,1,0
5778,69,88,34.8,162,52,58200,2,1
5779,41,86,9.2,534,146,26900,1,0
5780,47,48,6.6,57,17,9500,0,0
5781,62,44,9.2,477,140,27100,0,0
5782,54,8,5.3,140,43,14300,1,0
5783,21,66,56.2,405,112,93300,2,0
5784,28,78,17.1,103,78,30600,2,0
5785,39,16,4.2,575,83,18700,1,1
5786,69,1,29.0,679,153,58500,0,0
5787,39,51,55.1,540,136,96700,0,0
5788,53,6,5.0,69,22,7400,1,0
5789,50,26,8.0,58,10,10600,0,0
5790,63,15,30.2,747,168,66700,0,0
5791,20,90,2.9,134,29,4000,0,0
5792,32,59,18.8,128,89,31400,3,1
5793,18,32,3.5,449,119,18500,0,0
5794,27,45,9.3,506,56,29400,2,1
5795,43,44,21.0,179,75,36200,0,0
5796,35,77,33.4,743,173,68100,1,0
5797,23,55,58.8,478,164,102800,0,0
5798,38,60,7.3,69,26,10800,0,0
5799,60,81,41.3,737,170,86400,0,0
5800,58,77,23.6,144,52,38600,3,1
5801,69,38,7.3,116,12,16200,0,0
5802,28,17,22.9,113,36,41700,1,0
5803,22,83,4.1,64,50,9900,1,0
5804,55,62,29.3,444,127,59000,0,0
5805,38,62,37.9,404,87,66200,1,0
5806,27,4,2.1,85,31,7600,1,1
5807,51,13,17.7,161,34,31400,1,1
5808,50,23,2.4,75,18,8100,2,0
5809,30,68,4.7,64,28,6400,1,0
5810,68,85,3.9,94,45,7600,2,0
5811,57,66,5.3,94,44,11700,1,0
5812,33,7,46.8,485,130,85400,0,1
5813,34,67,49.9,510,169,87100,1,0
5814,54,93,8.0,129,14,13400,1,0
5815,38,90,5.8,60,21,9300,0,0
5816,61,23,2.4,105,50,7900,0,0
5817,18,30,5.9,399,97,18800,2,1
5818,21,6,7.3,67,38,12800,1,0
5819,49,6,7.3,464,108,27900,4,1
5820,23,17,33.8,96,82,56100,2,0
5821,24,62,25.8,152,84,42600,4,1
5822,20,65,2.5,89,16,2200,1,0
5823,37,50,28.2,475,102,60600,1,0
5824,28,11,2.5,75,17,3700,4,1
5825,42,9,4.9,85,21,8600,1,0
5826,26,41,4.0,554,107,20100,2,0
5827,64,4,3.8,390,119,16100,1,1
5828,30,27,6.5,123,20,14100,2,0
5829,44,33,49.9,502,156,95200,1,0
5830,39,56,7.5,75,29,11800,2,0
5831,29,80,28.6,564,140,58500,1,0
5832,67,50,31.2,150,64,49700,4,1
5833,23,11,2.2,123,14,10000,0,0
5834,60,74,5.3,101,15,11700,2,0
5835,33,19,7.1,536,120,27300,1,0
5836,41,60,27.9,531,196,57400,0,0
5837,43,21,33.6,172,61,58100,0,0
5838,34,49,54.3,722,128,99600,1,1
5839,55,91,9.2,592,64,30100,2,1
5840,23,56,5.4,134,15,15100,3,0
5841,59,74,2.7,54,33,5700,1,0
5842,62,35,33.2,157,82,53300,3,1
5843,37,81,25.7,149,31,40700,6,1
5844,50,14,20.5,90,77,32700,2,1
5845,29,61,2.7,82,41,10300,2,0
5846,60,58,4.7,572,141,23600,4,0
5847,33,72,45.7,681,128,84200,0,0
5848,38,79,6.2,532,60,21800,1,0
5849,23,6,5.2,66,18,9800,0,0
5850,59,70,33.8,180,73,57600,1,0
5851,47,71,4.8,492,76,20000,1,0
5852,62,81,45.2,773,135,86000,1,0
5853,30,7,3.0,149,21,6700,1,1
5854,54,11,15.2,200,99,28300,8,1
5855,22,36,9.6,457,99,24100,3,0
5856,64,17,3.7,117,28,11100,0,0
5857,66,45,3.1,73,24,10600,1,0
5858,54,44,6.5,491,85,24400,3,1
5859,65,64,7.6,126,39,15000,1,0
5860,45,47,33.0,142,34,50800,3,0
5861,39,23,29.8,182,82,51900,2,1
5862,64,28,4.7,116,33,9200,0,0
5863,48,10,47.7,736,152,88900,1,1
5864,53,26,7.1,146,24,17500,1,0
5865,51,5,7.1,331,150,21800,1,1
5866,57,44,43.2,506,125,80400,0,0
5867,37,80,3.2,129,33,7600,0,0
5868,46,19,8.6,306,149,21300,1,0
5869,52,61,25.4,98,80,44800,2,0
5870,21,62,3.5,108,40,6600,0,0
5871,68,81,20.8,157,58,32100,2,0
5872,42,22,6.5,444,109,26100,1,0
5873,65,6,5.9,313,133,20800,3,1
5874,68,43,26.2,574,108,56700,0,0
5875,47,75,4.1,109,42,8400,2,0
5876,49,15,6.3,536,54,22900,1,0
5877,68,66,21.6,90,35,34400,2,0
5878,65,41,4.0,57,27,7700,2,0
5879,58,86,23.7,145,86,39900,5,1
5880,20,1,7.1,53,33,13500,0,0
5881,52,58,18.7,87,48,29800,4,1
5882,49,69,7.9,90,37,14500,1,0
5883,38,53,5.9,127,48,12100,1,0
5884,29,49,4.4,574,87,23100,0,0
5885,41,37,7.9,75,48,13200,2,0
5886,56,66,3.1,62,14,4300,2,0
5887,64,29,3.3,487,117,19400,2,0
5888,21,24,55.5,642,182,101900,0,0
5889,27,19,23.9,124,44,39700,4,1
5890,20,66,20.9,141,57,37400,6,1
5891,39,68,3.0,70,18,3600,0,0
5892,30,63,7.6,451,116,24700,0,0
5893,35,26,4.1,111,30,9100,3,1
5894,41,52,4.4,50,24,5000,0,0
5895,25,88,6.3,76,24,12100,3,1
5896,41,1,3.3,92,19,8500,0,0
5897,34,52,55.9,598,124,99700,0,1
5898,25,73,46.7,690,186,90100,0,0
5899,36,7,27.0,130,45,44400,1,0
5900,27,31,4.8,105,27,8200,2,0
5901,39,2,4.5,103,23,10900,0,1
5902,25,37,37.2,696,155,80100,0,0
5903,51,32,25.4,129,92,37700,2,1
5904,54,63,38.0,754,145,74200,0,1
5905,57,55,6.1,147,37,13200,0,0
5906,27,61,6.6,561,137,23200,3,0
5907,33,43,3.3,141,33,11300,0,0
5908,20,82,31.2,450,192,58700,1,0
5909,38,34,42.4,758,160,87400,0,0
5910,30,16,6.5,591,53,25600,1,0
5911,50,71,34.2,81,64,55000,1,1
5912,66,79,30.5,571,92,60100,0,0
5913,23,85,4.4,85,34,8500,1,0
5914,47,61,59.7,589,130,107200,0,0
5915,63,83,2.5,84,21,2600,1,0
5916,21,10,24.3,137,83,41700,4,0
5917,56,39,9.5,371,115,23800,7,1
5918,18,91,8.9,426,121,21000,0,0
5919,68,86,18.5,159,48,34600,1,0
5920,65,15,7.4,441,147,25000,3,1
5921,46,31,3.2,525,128,16500,3,0
5922,54,14,34.3,184,65,56700,6,1
5923,67,39,6.0,73,45,13200,0,0
5924,43,22,9.7,567,107,28100,3,0
5925,56,33,44.6,694,96,83800,0,0
5926,67,90,5.1,371,119,16900,7,1
5927,43,13,5.0,67,42,9000,2,0
5928,42,21,7.3,105,47,13200,0,0
5929,69,42,51.5,655,152,94000,0,0
5930,24,36,7.0,111,21,13400,0,0
5931,29,85,34.3,761,174,71000,1,0
5932,66,24,2.1,90,14,7000,4,1
5933,43,16,7.3,142,48,15700,3,0
5934,36,9,34.7,553,95,72400,0,1
5935,50,69,5.8,363,139,17100,3,1
5936,59,11,47.5,506,142,82000,0,1
5937,22,62,28.9,682,86,61100,1,1
5938,24,59,6.5,114,36,16500,3,1
5939,28,36,2.2,136,25,8300,1,0
5940,57,46,4.4,120,49,8400,3,0
5941,52,30,5.2,116,18,14700,0,0
5942,61,47,2.2,132,16,7000,0,0
5943,51,64,7.2,101,44,14300,1,0
5944,53,80,2.1,102,35,5900,0,0
5945,40,95,6.0,71,20,11100,4,0
5946,63,31,2.5,60,42,5700,1,1
5947,44,22,6.8,590,69,24600,4,1
5948,58,54,5.6,482,89,19100,2,0
5949,43,33,3.3,111,28,2700,0,0
5950,63,14,3.4,59,46,10700,2,1
5951,65,48,28.9,115,56,47700,3,1
5952,53,34,52.3,452,185,92800,1,0
5953,26,39,30.9,151,99,52200,2,0
5954,66,47,31.2,174,58,50900,2,0
5955,57,48,2.7,139,21,9300,2,0
5956,20,89,5.4,97,19,9500,0,0
5957,19,14,30.0,170,91,48500,0,0
5958,20,19,32.5,155,42,53900,0,0
5959,18,39,36.4,507,95,67900,0,0
5960,39,10,9.4,512,108,28400,2,1
5961,40,52,16.9,105,76,29600,1,0
5962,48,1,4.2,104,19,10000,1,0
5963,25,18,34.4,613,146,71400,0,0
5964,52,9,7.9,128,14,15100,0,0
5965,57,77,22.2,150,41,38700,2,0
5966,60,69,29.8,83,36,49000,1,0
5967,44,55,18.6,148,80,36800,0,0
5968,45,86,8.6,336,62,20000,4,0
5969,25,3,59.8,572,185,106600,0,1
5970,29,7,4.3,125,34,7600,0,0
5971,63,9,39.5,524,128,75300,0,1
5972,23,23,18.3,194,76,31800,2,1
5973,50,32,40.1,708,103,81500,2,1
5974,66,65,4.6,497,57,18200,3,0
5975,46,17,10.0,303,91,22400,1,0
5976,48,56,5.4,112,41,15300,1,0
5977,31,57,28.4,597,183,60100,2,1
5978,23,23,4.7,83,44,10600,2,0
5979,43,49,5.4,80,40,14200,0,0
5980,52,30,2.2,76,27,7400,2,0
5981,28,30,2.9,121,50,10000,2,0
5982,58,29,6.4,483,136,25600,3,0
5983,25,86,27.5,723,115,60900,0,0
5984,61,79,6.8,387,88,22800,1,0
5985,30,12,4.3,52,27,2200,0,0
5986,38,94,17.6,113,97,30700,2,0
5987,62,18,8.9,465,119,24100,1,0
5988,66,55,34.6,475,134,62700,1,1
5989,33,48,15.9,96,44,27000,2,1
5990,24,95,7.1,491,68,20900,3,0
5991,66,68,26.3,172,70,42800,0,0
5992,31,12,7.3,527,69,24700,0,0
5993,22,84,59.5,448,160,100300,1,0
5994,56,84,27.9,510,181,54000,1,0
5995,21,29,58.9,699,135,103300,0,1
5996,20,79,6.9,126,34,14500,0,0
5997,67,54,6.1,538,132,24700,2,0
5998,29,52,23.5,155,96,39800,4,1
5999,59,46,28.4,745,125,64600,0,0
6000,69,10,18.6,178,100,34100,3,0
6001,48,9,6.2,144,23,14200,1,1
6002,25,66,21.1,198,31,38100,3,0
6003,56,48,4.8,132,20,12700,0,0
6004,52,65,2.9,67,45,8400,1,0
6005,45,59,54.5,681,98,99200,0,0
6006,24,23,38.7,613,104,75300,1,0
6007,38,39,9.9,415,55,25600,4,1
6008,31,39,34.7,178,65,59600,3,1
6009,49,92,2.2,81,12,5600,3,0
6010,64,43,2.9,80,39,6200,1,0
6011,69,16,6.8,59,17,13400,1,0
6012,59,88,18.1,100,82,33400,5,1
6013,46,93,31.5,90,96,53800,3,0
6014,47,18,6.1,443,119,25900,3,1
6015,21,57,8.3,536,118,22200,7,1
6016,27,9,9.5,574,83,28900,1,0
6017,39,70,8.9,560,96,26900,2,0
6018,68,93,6.4,60,11,12400,0,0
6019,42,64,3.7,77,47,7400,3,0
6020,37,25,2.4,71,49,9800,2,0
6021,42,74,7.5,349,69,21100,2,0
6022,39,9,5.5,98,46,9200,1,0
6023,38,18,9.7,489,65,25700,1,1
6024,61,10,5.7,364,97,19300,4,0
6025,19,19,7.8,486,91,22000,1,0
6026,26,68,22.5,83,72,33500,3,1
6027,19,91,27.6,127,90,45400,0,0
6028,49,69,18.5,164,97,33800,1,1
6029,51,9,4.0,330,58,14300,5,1
6030,23,64,49.8,738,101,96700,0,0
6031,46,41,24.2,161,45,43200,4,1
6032,47,9,4.0,450,67,15600,4,1
6033,34,24,21.0,152,65,38300,2,0
6034,36,74,7.5,489,133,29500,3,0
6035,63,30,5.9,422,146,19500,1,0
6036,45,64,42.1,508,141,72500,1,0
6037,51,13,18.1,97,72,29900,1,0
6038,41,88,40.5,617,189,79300,2,0
6039,21,88,55.7,675,157,104000,0,0
6040,51,42,7.3,86,45,12500,2,0
6041,51,13,4.8,92,19,13800,1,0
6042,20,27,3.3,404,51,16700,3,1
6043,19,84,30.3,82,44,48500,3,0
6044,54,39,32.9,433,108,62200,2,1
6045,66,12,6.1,108,16,12300,3,0
6046,40,5,6.1,98,30,12100,3,1
6047,35,46,2.3,60,44,3900,1,0
6048,37,63,4.3,67,16,9500,1,0
6049,57,45,6.7,56,40,9200,3,0
6050,22,67,6.2,93,44,12700,2,0
6051,25,25,2.5,81,46,5500,1,0
6052,56,18,2.0,69,46,5500,1,1
6053,45,75,23.9,133,74,36800,0,0
6054,35,14,15.8,178,66,30600,2,1
6055,33,46,7.4,67,32,11900,0,0
6056,45,72,22.1,166,52,39000,1,0
6057,69,34,4.3,110,29,10200,0,0
6058,34,53,41.5,626,129,74300,0,0
6059,30,79,6.9,133,31,9300,1,0
6060,29,94,7.9,324,100,24400,1,0
6061,65,62,7.5,66,21,15100,2,0
6062,69,8,45.8,441,100,83400,0,0
6063,21,32,3.0,57,49,8500,0,0
6064,30,79,4.9,118,23,12600,0,0
6065,58,62,2.8,113,13,6800,2,1
6066,50,8,6.6,73,11,14600,1,0
6067,64,33,48.2,453,171,90000,0,0
6068,64,32,35.7,401,131,66400,1,0
6069,49,13,4.6,121,38,8100,0,0
6070,62,6,5.0,93,29,8100,0,0
6071,65,3,6.7,365,88,15600,5,1
6072,47,80,58.8,657,193,107700,0,0
6073,58,65,32.3,505,191,62500,0,0
6074,20,66,30.8,519,139,60100,1,1
6075,40,57,31.8,102,63,50500,1,0
6076,69,83,6.6,55,21,9500,3,0
6077,54,51,30.6,163,86,51400,2,0
6078,57,93,6.0,109,17,13100,2,0
6079,39,60,8.0,336,125,21800,5,1
6080,35,28,5.9,513,115,22300,2,1
6081,30,20,25.1,136,39,44000,3,1
6082,47,93,7.1,549,132,23400,3,0
6083,31,15,3.9,587,134,20200,2,1
6084,38,1,7.8,51,43,15500,2,1
6085,26,24,31.6,103,35,49900,3,0
6086,47,39,8.6,475,109,26300,2,0
6087,61,86,21.8,194,98,35000,2,0
6088,29,93,7.6,492,124,24100,1,0
6089,57,2,37.3,667,140,74200,0,0
6090,33,50,53.4,505,180,93100,0,0
6091,46,22,15.5,173,60,27800,2,0
6092,55,24,29.9,172,54,51500,0,0
6093,55,22,19.9,140,60,28800,5,1
6094,22,6,9.7,448,120,29900,2,1
6095,61,80,59.0,540,150,105000,0,0
6096,55,58,6.9,314,129,19100,0,0
6097,36,17,3.0,424,91,15600,2,0
6098,41,15,46.0,480,100,80900,0,0
6099,52,38,5.7,552,96,21200,3,0
6100,31,1,9.5,426,142,26200,3,1
6101,25,91,31.2,150,87,49700,2,0
6102,27,77,27.6,99,85,45500,0,0
6103,52,79,31.3,82,85,47400,2,0
6104,35,53,5.4,61,48,11700,1,0
6105,34,31,3.9,79,20,8900,2,1
6106,45,72,41.7,767,116,80500,1,0
6107,32,60,3.8,149,31,9100,0,0
6108,65,6,2.3,58,13,2000,2,0
6109,50,31,3.7,594,129,23900,4,0
6110,34,1,9.9,436,121,25900,0,0
6111,27,4,19.6,133,99,34700,0,0
6112,37,84,4.9,76,45,6100,1,0
6113,30,51,4.4,113,32,10600,0,0
6114,60,59,3.3,56,24,7800,1,0
6115,49,23,2.8,95,15,10200,1,0
6116,39,79,7.5,112,39,13000,4,0
6117,53,52,15.2,133,63,26900,1,0
6118,50,48,24.4,161,91,39100,1,0
6119,19,20,7.4,590,100,24800,2,1
6120,33,75,53.3,620,176,97100,1,0
6121,65,35,17.7,148,80,32200,4,1
6122,59,12,6.9,92,31,11500,0,0
6123,25,24,44.5,749,127,91100,2,1
6124,51,80,3.4,131,16,10200,0,0
6125,37,38,8.9,442,110,23200,3,1
6126,55,88,3.0,119,37,7100,0,0
6127,65,5,24.9,89,71,41800,0,0
6128,29,57,50.1,419,105,86100,1,0
6129,52,70,4.7,60,38,12400,2,0
6130,26,40,48.1,451,187,88600,1,0
6131,31,21,3.2,72,36,9400,0,0
6132,39,16,5.2,474,89,21100,2,1
6133,37,77,21.7,130,57,37000,2,0
6134,63,28,25.2,192,55,45100,4,1
6135,24,82,33.3,111,59,55800,3,0
6136,33,42,50.4,776,117,94700,1,0
6137,54,65,34.8,102,72,54400,0,0
6138,30,50,20.8,96,91,32100,2,0
6139,43,39,18.5,118,47,30600,0,0
6140,31,67,33.0,179,95,53800,2,0
6141,47,85,3.2,114,42,8100,0,0
6142,65,68,2.5,139,48,9400,3,0
6143,25,67,7.7,460,147,23500,0,0
6144,38,67,32.8,120,68,53700,2,0
6145,60,83,30.2,95,78,48700,2,0
6146,53,75,8.5,514,122,28900,1,0
6147,41,32,59.5,749,143,108400,1,1
6148,38,82,5.5,63,18,7200,2,0
6149,35,72,58.5,583,186,103600,0,0
6150,35,29,5.0,316,80,11800,1,0
6151,43,3,3.9,54,19,6800,0,0
6152,47,54,2.4,122,37,5200,0,0
6153,48,90,37.9,718,155,77000,1,1
6154,41,28,6.0,134,27,14400,1,0
6155,21,41,6.1,100,31,12400,0,0
6156,24,92,6.6,71,28,12000,0,0
6157,64,80,4.4,103,38,8000,0,0
6158,27,89,4.4,70,34,10700,0,0
6159,68,80,29.6,94,63,47700,2,0
6160,60,63,17.4,158,63,30600,5,1
6161,28,3,9.1,414,62,25000,1,0
6162,22,51,34.9,593,116,68000,0,0
6163,49,34,31.8,545,138,60000,0,0
6164,50,12,40.8,589,187,77600,0,1
6165,57,45,31.9,183,49,54700,2,0
6166,65,95,8.0,351,96,22900,4,1
6167,23,39,4.2,569,126,18100,2,1
6168,44,34,2.9,103,45,6800,0,0
6169,29,22,5.8,137,44,11300,2,1
6170,33,50,3.6,132,13,6400,0,0
6171,40,50,5.1,141,49,13900,1,0
6172,65,55,6.5,87,27,9900,0,0
6173,22,7,4.2,121,17,9200,2,0
6174,26,14,4.2,93,18,12000,0,0
6175,34,43,3.1,143,17,6600,1,0
6176,53,56,4.9,84,33,14400,0,0
6177,31,37,4.5,572,73,18500,6,1
6178,38,8,4.2,97,36,6300,0,0
6179,67,13,7.5,121,23,17100,1,0
6180,39,39,53.9,456,170,94300,0,1
6181,20,29,18.1,163,67,31300,0,0
6182,21,80,43.5,561,130,82100,0,0
6183,43,73,9.3,409,69,22800,2,0
6184,68,15,7.0,57,21,12700,0,0
6185,35,45,6.2,86,20,11500,2,0
6186,49,70,46.7,497,115,83500,0,0
6187,60,53,4.3,85,45,8200,1,0
6188,53,57,5.7,87,27,11600,1,0
6189,21,60,7.2,383,63,18100,0,0
6190,29,26,6.9,118,38,15000,1,1
6191,20,66,6.6,132,31,13800,1,0
6192,46,51,8.8,586,112,28800,1,0
6193,32,36,2.6,109,47,6100,2,0
6194,35,45,9.9,340,146,24600,3,0
6195,52,42,29.5,138,95,50300,1,1
6196,34,22,7.1,102,12,15300,1,0
6197,27,81,37.7,599,95,71600,1,1
6198,62,33,7.8,144,26,15100,0,0
6199,40,7,8.6,416,92,26900,2,0
6200,34,24,5.3,575,119,22700,0,0
6201,57,94,15.7,176,53,28700,1,0
6202,20,23,37.8,666,184,76200,0,0
6203,61,80,6.1,85,13,6300,1,0
6204,34,9,7.1,96,10,11700,1,0
6205,31,82,40.1,582,109,79200,1,1
6206,63,82,2.0,71,22,4900,2,0
6207,18,12,23.5,187,34,39400,3,1
6208,22,93,5.6,514,123,23500,1,0
6209,19,67,6.6,95,40,13600,1,0
6210,69,24,2.6,63,34,3500,2,0
6211,46,22,3.1,126,37,6900,2,0
6212,33,38,7.1,335,117,21700,3,1
6213,51,72,28.2,92,91,44200,3,1
6214,68,95,16.3,149,63,31100,2,0
6215,31,76,33.9,444,169,58400,3,0
6216,54,31,8.4,313,121,22400,2,1
6217,45,37,3.7,78,25,11600,1,0
6218,57,32,37.3,674,125,73900,0,0
6219,40,33,9.7,446,142,25700,1,0
6220,60,58,5.3,514,147,21100,1,0
6221,38,4,22.8,196,31,40200,2,1
6222,40,53,55.7,523,154,97900,0,0
6223,62,50,25.4,115,51,42700,1,0
6224,42,84,33.2,189,71,55300,2,0
6225,49,67,18.4,113,31,28000,1,0
6226,40,74,5.3,122,19,11600,3,0
6227,63,4,24.4,181,87,39100,0,1
6228,28,58,51.0,428,101,89300,0,0
6229,42,47,7.6,483,128,25300,2,1
6230,24,12,6.7,77,36,9800,2,0
6231,42,54,3.5,440,101,19800,2,0
6232,66,82,7.6,95,45,14800,0,0
6233,37,53,2.7,117,41,6800,2,0
6234,61,14,20.8,185,69,37200,4,1
6235,25,72,4.7,374,86,17700,2,0
6236,29,49,6.8,116,25,9200,1,0
6237,21,32,19.9,139,84,35700,3,0
6238,44,9,20.0,139,33,33600,1,1
6239,63,87,52.7,619,169,98900,5,1
6240,69,85,2.3,98,29,6400,2,1
6241,66,76,34.1,448,154,64100,0,0
6242,21,69,3.3,67,36,8600,1,0
6243,25,28,55.8,586,173,101800,1,1
6244,69,55,9.3,382,136,19900,3,1
6245,39,31,6.6,551,106,22800,2,0
6246,63,93,31.1,131,50,50600,2,0
6247,66,38,5.7,108,37,13200,1,0
6248,37,32,31.7,197,32,50500,2,0
6249,20,68,16.2,119,76,29700,2,1
6250,22,90,21.3,174,70,36400,5,1
6251,61,69,5.5,130,37,10800,3,0
6252,51,95,17.8,178,76,34900,2,0
6253,19,90,25.1,550,174,56500,0,0
6254,32,32,44.5,497,157,77500,0,0
6255,53,63,34.0,116,98,54600,0,0
6256,58,4,22.3,99,58,37200,3,1
6257,69,71,32.8,433,147,61800,0,0
6258,67,73,38.2,571,141,73800,0,0
6259,26,37,3.9,63,29,9100,1,0
6260,59,37,23.6,129,54,38100,0,0
6261,41,28,30.5,170,46,51100,1,0
6262,59,85,25.7,105,39,45500,4,1
6263,34,29,7.0,60,45,13700,0,0
6264,44,80,5.2,362,121,17400,2,0
6265,64,7,34.7,91,50,52200,3,1
6266,20,27,21.4,185,50,35900,5,1
6267,32,48,4.8,83,41,10700,1,0
6268,53,66,7.8,430,124,25100,2,0
6269,18,10,31.8,148,69,56400,1,0
6270,60,37,8.2,378,112,25100,0,0
6271,53,50,26.2,144,44,42100,3,1
6272,39,29,6.5,106,30,12500,0,0
6273,48,34,33.5,548,106,64400,0,1
6274,44,53,18.7,85,92,31800,1,0
6275,66,30,4.5,142,39,13700,0,0
6276,57,15,17.4,80,38,26500,2,1
6277,66,75,6.7,103,13,14700,1,0
6278,40,77,53.3,402,176,92800,0,0
6279,56,62,31.1,92,41,50900,1,0
6280,55,22,3.2,99,24,4700,2,0
6281,27,57,9.2,490,131,23600,1,0
6282,65,24,3.3,459,81,17700,2,0
6283,34,55,4.9,53,35,9300,2,0
6284,67,13,4.8,529,103,24500,3,1
6285,67,26,7.6,84,33,15000,0,1
6286,67,66,4.4,353,100,17500,2,0
6287,50,53,24.3,99,81,40700,1,0
6288,20,66,8.8,497,57,26700,1,0
6289,39,53,6.9,58,49,9200,1,0
6290,20,65,4.3,71,16,7000,1,0
6291,66,5,33.0,84,77,52400,1,0
6292,56,43,53.2,617,85,95200,0,1
6293,69,81,5.1,110,15,12000,2,0
6294,31,69,53.8,558,184,95100,1,1
6295,28,48,7.3,105,38,14400,0,0
6296,26,23,7.9,83,27,13100,1,0
6297,51,59,26.0,179,60,45600,1,0
6298,59,6,22.1,93,99,36700,2,1
6299,26,13,23.5,188,77,39800,3,0
6300,52,23,6.0,126,16,12200,3,1
6301,32,9,3.6,529,57,20300,6,1
6302,49,95,4.0,459,115,18000,2,0
6303,59,65,6.2,368,134,16500,1,0
6304,51,52,46.1,777,105,89000,0,0
6305,61,69,32.1,132,39,52800,2,1
6306,31,70,17.5,187,33,30600,1,0
6307,38,74,6.2,134,20,12800,2,0
6308,28,32,8.0,479,90,28400,1,0
6309,42,78,3.5,92,41,8600,2,0
6310,67,27,52.1,661,101,97500,0,0
6311,22,39,25.4,773,108,60500,1,0
6312,28,8,30.5,90,32,47300,0,0
6313,61,89,20.5,103,49,32700,3,0
6314,54,79,27.7,139,55,45300,5,1
6315,21,61,4.2,463,60,18400,0,0
6316,51,23,55.6,411,135,92900,2,1
6317,61,80,2.8,91,17,5800,1,0
6318,53,49,6.7,330,53,19700,2,0
6319,54,88,5.2,426,131,20800,1,0
6320,27,48,23.5,184,99,38100,2,0
6321,69,49,25.6,114,90,43300,3,1
6322,63,23,6.3,96,28,14600,1,0
6323,20,35,6.1,53,21,10700,2,0
6324,58,57,17.0,141,69,29500,3,1
6325,23,35,30.3,89,53,52500,3,1
6326,62,35,6.5,350,150,19400,1,0
6327,49,59,9.6,553,122,27200,1,0
6328,23,32,15.9,198,32,27300,2,0
6329,32,20,6.8,78,39,15300,3,0
6330,18,30,4.2,116,48,11700,1,0
6331,46,10,24.6,89,37,37600,1,0
6332,68,88,3.2,116,31,8500,2,0
6333,30,95,3.1,478,134,16200,1,0
6334,40,62,2.1,141,39,6200,0,0
6335,53,64,5.2,405,116,21900,1,0
6336,27,80,7.6,77,41,12100,2,0
6337,27,31,7.0,470,144,25000,1,0
6338,28,56,9.2,494,105,25900,3,1
6339,51,45,4.5,319,88,15400,2,0
6340,65,43,30.7,424,117,59200,1,0
6341,61,27,25.1,80,69,39000,3,1
6342,20,78,31.4,183,72,50700,1,0
6343,57,49,3.4,62,14,7900,2,0
6344,37,65,24.0,176,31,43100,2,1
6345,66,57,22.3,89,59,34700,2,0
6346,59,29,35.3,541,116,68800,2,1
6347,36,34,30.7,131,71,48100,1,0
6348,20,73,5.9,55,26,11200,1,0
6349,65,93,5.9,64,28,10000,0,0
6350,49,3,6.2,578,132,22800,0,0
6351,40,1,8.6,381,86,20800,2,1
6352,49,84,9.3,464,131,29000,2,0
6353,41,93,28.5,601,108,58600,0,0
6354,44,51,47.0,503,175,85800,0,0
6355,41,79,9.5,345,93,21600,4,1
6356,42,14,8.4,380,71,25800,2,1
6357,61,41,17.3,157,58,34800,2,1
6358,68,61,7.5,133,24,13500,0,0
6359,28,19,26.4,105,62,41700,2,1
6360,41,69,9.1,403,81,23700,4,1
6361,32,66,28.2,767,199,64800,1,0
6362,53,22,18.5,164,62,33600,2,0
6363,61,54,20.6,142,36,35200,5,1
6364,66,70,5.6,90,23,10600,2,0
6365,28,87,27.9,146,85,48800,3,1
6366,42,9,34.4,690,161,71700,0,0
6367,49,92,32.8,112,75,50600,3,0
6368,49,79,9.0,524,66,25900,4,0
6369,56,16,50.0,763,83,95300,1,0
6370,63,55,2.2,121,40,6300,0,0
6371,29,43,4.8,94,20,10500,0,0
6372,47,24,8.5,523,74,26700,3,1
6373,25,70,7.5,123,22,14400,1,0
6374,46,73,7.5,97,39,14100,2,0
6375,47,94,6.0,494,147,22300,1,0
6376,56,17,3.1,327,108,15000,0,0
6377,38,23,3.0,64,48,5200,2,0
6378,39,7,4.2,99,33,8800,1,0
6379,31,92,49.1,531,147,87500,1,0
6380,25,32,22.0,191,100,35900,1,0
6381,41,93,31.6,171,44,50900,1,0
6382,42,75,4.9,437,82,17800,2,0
6383,59,94,7.2,453,105,26700,2,0
6384,49,41,20.1,127,31,36100,0,0
6385,23,13,23.7,193,89,40700,3,1
6386,52,62,8.7,385,64,22000,4,1
6387,58,21,27.3,91,49,44800,3,1
6388,64,55,31.9,119,40,51600,5,1
6389,19,54,5.0,147,21,6400,2,0
6390,21,4,46.3,609,107,87700,1,1
6391,62,2,2.7,75,39,3300,1,0
6392,18,57,6.0,552,75,24000,5,1
6393,59,74,33.6,122,42,54300,4,0
6394,25,38,6.3,583,95,22600,1,1
6395,58,77,6.5,129,37,13800,0,0
6396,49,18,38.2,490,90,70400,1,0
6397,43,4,29.5,100,35,47100,3,1
6398,57,15,3.7,594,100,17400,2,1
6399,52,40,2.6,138,14,8200,0,0
6400,39,55,2.5,118,21,9000,1,0
6401,24,75,39.0,485,185,75900,0,0
6402,59,5,6.6,96,11,13500,0,0
6403,21,63,15.3,137,59,31100,1,0
6404,51,92,7.9,140,33,16500,0,0
6405,57,57,3.1,149,47,5300,3,1
6406,32,48,9.1,551,142,28300,1,0
6407,21,51,30.9,506,108,59600,0,0
6408,39,14,32.9,119,99,56000,3,1
6409,61,2,51.8,669,170,94600,3,1
6410,50,46,4.4,573,53,18400,2,0
6411,67,22,40.5,425,113,75600,1,0
6412,53,78,4.3,135,32,11200,0,0
6413,66,73,59.1,430,113,104700,1,0
6414,57,58,5.8,321,133,18400,0,0
6415,35,35,34.0,617,163,68300,1,0
6416,68,52,4.1,140,47,10200,4,1
6417,23,3,5.5,77,33,8500,0,0
6418,24,65,6.3,66,25,8200,3,0
6419,46,70,5.7,66,16,9100,2,0
6420,30,47,7.6,115,31,16300,0,0
6421,49,28,27.0,87,91,45000,4,1
6422,54,26,31.5,122,99,51600,1,1
6423,42,7,5.1,117,48,10300,0,0
6424,18,48,4.1,596,70,20900,1,0
6425,21,37,4.0,138,32,6900,0,0
6426,52,39,46.4,407,88,83200,1,1
6427,59,34,5.5,105,38,8400,1,0
6428,59,71,2.3,99,38,8400,1,0
6429,68,64,2.2,103,24,6600,2,0
6430,35,58,5.2,82,31,10800,3,0
6431,24,7,7.4,112,37,17300,0,0
6432,53,93,8.2,432,81,23500,6,1
6433,62,19,23.7,107,66,39000,2,1
6434,37,44,6.0,60,14,11300,1,0
6435,32,87,2.7,136,22,5900,2,0
6436,66,40,5.0,124,49,11000,2,1
6437,68,38,5.7,134,45,13400,2,0
6438,62,6,8.8,438,106,23800,1,0
6439,61,48,6.6,127,19,13500,1,0
6440,58,51,31.6,85,37,49500,3,0
6441,38,21,4.8,138,39,14000,2,1
6442,68,87,29.2,141,95,48000,4,0
6443,20,91,9.3,341,68,22100,0,0
6444,42,23,6.3,86,45,9000,3,0
6445,42,36,3.9,53,25,8400,1,0
6446,19,28,22.6,199,77,37200,1,0
6447,39,24,45.0,466,176,81400,1,0
6448,19,28,9.4,390,142,23200,0,0
6449,24,18,25.0,128,61,41800,3,1
6450,20,31,33.4,115,92,52600,1,0
6451,50,64,2.8,133,15,12500,2,0
6452,67,49,18.3,197,57,31800,1,1
6453,64,77,3.9,302,63,13300,2,0
6454,63,95,52.9,770,85,96700,1,0
6455,68,45,31.1,157,90,51700,3,1
6456,30,76,5.9,362,131,20100,3,1
6457,23,31,6.5,331,54,16300,2,1
6458,39,76,9.1,327,55,24500,2,0
6459,29,87,26.9,552,117,59400,0,0
6460,42,46,16.6,161,96,28000,3,0
6461,19,55,23.7,91,56,41200,3,1
6462,23,51,8.1,465,102,24300,0,0
6463,23,64,8.0,513,93,22700,5,1
6464,20,13,49.1,661,106,90200,1,1
6465,45,59,8.2,310,69,24600,2,0
6466,45,36,24.4,184,86,41300,0,0
6467,64,45,6.5,546,125,21200,0,0
6468,35,62,29.3,497,166,58400,3,1
6469,29,25,30.2,145,82,49100,4,1
6470,28,44,4.5,78,44,8100,1,0
6471,46,25,3.9,485,132,20900,2,0
6472,55,93,6.3,139,47,12500,0,0
6473,59,10,16.1,173,60,28300,0,0
6474,43,25,4.7,116,23,7600,1,0
6475,55,80,5.3,301,141,13900,1,0
6476,69,64,52.0,534,130,94000,0,0
6477,37,82,28.0,603,179,57200,0,0
6478,48,25,32.6,155,63,55800,4,0
6479,64,52,50.1,766,156,98600,0,0
6480,52,30,4.0,301,132,16000,3,1
6481,40,81,6.5,144,11,13100,4,0
6482,25,87,2.7,99,33,8400,4,0
6483,26,74,16.2,173,69,28800,2,0
6484,51,84,6.0,77,37,11700,0,0
6485,48,19,39.5,625,149,77400,1,1
6486,52,48,40.4,438,107,73500,1,1
6487,63,76,16.4,110,82,30800,1,0
6488,24,61,8.1,399,83,20200,2,0
6489,68,37,5.9,59,32,8500,1,0
6490,25,36,7.6,102,35,14300,0,0
6491,24,41,3.1,426,61,10500,3,0
6492,45,78,23.5,99,82,38700,0,0
6493,34,4,4.8,109,38,8500,0,0
6494,33,11,25.2,94,46,38800,5,1
6495,31,89,26.2,175,98,44100,3,0
6496,28,14,20.4,181,56,34900,1,0
6497,46,37,16.6,139,92,29900,2,0
6498,61,68,23.6,167,87,39500,3,0
6499,42,53,54.3,786,107,102900,0,0
6500,44,10,34.9,515,90,67900,0,0
6501,23,50,28.0,169,87,47800,2,0
6502,64,13,7.7,59,18,13400,2,0
6503,43,92,45.8,491,174,84600,0,0
6504,59,67,5.3,418,55,19000,1,0
6505,49,31,6.6,66,22,14400,4,1
6506,68,14,31.5,680,85,66700,1,0
6507,43,6,34.9,121,82,54900,5,1
6508,51,61,6.6,63,29,11200,2,0
6509,69,46,4.9,344,129,13300,3,1
6510,67,72,5.4,53,41,7200,2,0
6511,27,4,3.2,328,59,10600,2,0
6512,24,50,3.3,337,62,12000,1,0
6513,48,45,4.2,53,29,8200,2,0
6514,65,71,4.3,103,34,10100,0,0
6515,66,94,6.1,100,47,10600,1,0
6516,36,53,3.2,85,10,8200,0,0
6517,23,60,5.4,140,35,13700,1,0
6518,56,10,32.0,172,34,54000,6,1
6519,40,71,2.5,90,39,5000,1,0
6520,52,71,22.7,160,43,36200,1,0
6521,48,76,5.0,104,29,8700,1,0
6522,34,18,8.5,512,67,29800,2,0
6523,56,78,18.9,89,47,29100,3,0
6524,37,25,7.6,62,17,14400,2,0
6525,24,44,25.1,163,62,42600,1,1
6526,27,43,2.5,93,26,9000,1,0
6527,65,26,4.6,589,146,24500,3,1
6528,22,77,32.0,165,47,53800,3,0
6529,41,88,33.5,747,155,70400,1,0
6530,68,12,4.5,91,11,9400,0,0
6531,61,40,3.0,119,40,5700,5,1
6532,60,57,8.1,391,119,23100,1,0
6533,38,80,5.5,141,48,10800,0,0
6534,69,36,7.7,61,47,13600,2,0
6535,37,73,16.4,86,55,28800,1,0
6536,29,61,46.7,425,133,82100,0,0
6537,34,19,18.6,127,89,29500,3,1
6538,39,1,27.4,186,63,44900,1,1
6539,69,94,6.7,88,36,11300,4,0
6540,34,62,6.7,492,77,21600,2,0
6541,66,95,53.1,581,186,97900,0,0
6542,55,80,2.0,108,20,2000,3,0
6543,55,61,7.3,142,15,17600,1,0
6544,65,46,2.4,142,26,5900,3,0
6545,65,31,6.2,459,106,22600,1,0
6546,29,34,46.1,794,85,90700,0,0
6547,25,83,28.8,601,144,57100,0,0
6548,63,21,8.0,96,28,16400,1,1
6549,66,20,5.2,66,47,8400,0,0
6550,48,25,9.8,413,59,26800,1,0
6551,48,86,7.3,79,12,12600,3,1
6552,41,33,36.5,563,121,68600,0,0
6553,30,12,27.5,114,50,48900,3,1
6554,53,90,3.3,119,45,9700,5,0
6555,19,72,6.3,61,48,7600,2,0
6556,41,16,37.4,453,190,69200,1,1
6557,26,18,5.7,129,33,9400,1,1
6558,20,82,43.0,566,86,79400,3,1
6559,60,18,5.3,92,23,14300,1,0
6560,57,73,8.9,478,105,26600,4,1
6561,39,87,4.6,130,17,6700,1,0
6562,53,87,41.2,630,140,80000,0,0
6563,66,43,28.6,523,105,58900,0,0
6564,43,61,52.1,666,134,92900,1,1
6565,41,64,3.7,119,32,7400,1,0
6566,52,47,6.5,58,46,13800,2,0
6567,27,81,27.0,690,138,60600,2,0
6568,69,38,26.1,172,87,38900,3,1
6569,58,72,6.9,112,31,13900,2,0
6570,24,89,31.9,110,39,51000,2,0
6571,20,39,42.6,668,188,82200,1,1
6572,69,17,3.2,112,16,10100,1,1
6573,49,18,7.4,333,82,17500,0,0
6574,48,76,7.0,136,20,14900,1,0
6575,48,17,16.0,100,82,29900,4,1
6576,54,20,4.3,508,120,21700,1,0
6577,58,45,21.9,178,65,39600,1,0
6578,40,61,8.2,557,77,23600,1,0
6579,45,21,23.3,121,71,40200,3,0
6580,39,6,21.2,122,61,35800,3,1
6581,30,67,28.0,162,37,47800,2,0
6582,50,47,22.9,84,77,37500,1,1
6583,19,51,33.1,172,66,53500,2,0
6584,19,7,5.4,113,30,11600,1,0
6585,44,10,5.3,148,34,11800,1,0
6586,56,69,8.4,485,65,26800,3,0
6587,30,49,4.8,80,17,9500,1,0
6588,23,79,4.8,61,19,8900,1,0
6589,36,95,52.4,758,154,97600,0,0
6590,59,47,6.5,143,27,11900,1,0
6591,66,7,5.8,132,41,11900,1,1
6592,38,19,18.5,167,66,30700,2,1
6593,19,50,26.9,81,39,43700,1,0
6594,46,2,9.7,374,104,22100,1,1
6595,68,44,18.7,194,83,27300,0,0
6596,39,35,33.0,172,41,53100,5,1
6597,23,45,7.6,302,71,20100,3,0
6598,52,32,3.9,124,37,8400,1,0
6599,40,5,7.6,599,53,25800,1,1
6600,51,87,18.4,150,87,32900,0,0
6601,28,93,5.6,407,89,23000,0,0
6602,63,54,20.8,139,33,33900,3,0
6603,69,84,3.5,111,13,10400,4,0
6604,43,37,6.2,50,47,13000,1,0
6605,33,11,24.5,103,40,38600,1,0
6606,44,37,3.4,102,28,7900,0,0
6607,60,51,18.0,187,71,29600,1,0
6608,37,69,4.6,50,32,10800,0,0
6609,57,23,32.7,133,53,49900,2,0
6610,38,61,50.6,532,192,90200,0,0
6611,38,83,50.7,556,121,90300,1,0
6612,41,47,9.9,483,109,28000,3,0
6613,50,82,6.5,148,25,11800,0,0
6614,55,47,25.6,151,48,43300,0,0
6615,34,28,6.7,87,23,10600,2,0
6616,22,33,4.2,125,20,9900,2,0
6617,35,84,58.7,741,155,106800,1,0
6618,20,36,17.4,94,69,31500,3,0
6619,58,49,7.1,63,34,13000,0,0
6620,53,11,3.0,448,125,16800,3,1
6621,57,61,3.2,123,27,6500,2,0
6622,50,42,6.3,351,62,20800,3,1
6623,53,1,4.2,88,17,10000,3,1
6624,34,21,22.8,148,32,37900,1,0
6625,50,4,25.5,135,75,42400,5,1
6626,56,88,36.2,543,138,69800,2,0
6627,27,72,4.7,53,28,5600,4,1
6628,53,24,34.7,735,190,72700,2,1
6629,61,7,2.1,79,11,5500,3,1
6630,58,78,5.3,124,36,9000,0,0
6631,56,62,34.0,564,82,64200,0,0
6632,38,22,28.1,184,63,48700,3,1
6633,67,2,29.4,174,89,53300,2,1
6634,47,21,3.7,70,15,10300,0,0
6635,38,70,40.3,795,137,83900,0,0
6636,55,14,32.8,147,70,54200,3,1
6637,21,19,4.8,453,91,16700,1,1
6638,61,3,9.6,403,124,29200,2,1
6639,30,21,3.9,103,30,7600,0,0
6640,56,71,4.8,450,103,17900,2,0
6641,26,36,6.3,130,17,15000,1,0
6642,42,41,7.1,331,132,22700,1,0
6643,46,13,18.8,185,73,34400,2,1
6644,63,12,7.5,51,12,8400,3,1
6645,69,47,4.1,136,34,8700,3,1
6646,25,87,2.6,140,26,11300,1,0
6647,69,14,6.2,119,37,17500,1,0
6648,67,82,5.0,511,70,22600,1,0
6649,61,90,7.9,130,25,16400,0,0
6650,31,42,5.0,114,35,10800,1,0
6651,48,52,8.4,444,74,23000,4,1
6652,54,58,3.9,82,20,7700,2,0
6653,34,37,2.2,105,42,9500,1,0
6654,62,44,7.2,55,14,10500,0,0
6655,36,39,3.7,570,114,19600,3,0
6656,33,10,54.9,473,166,94600,2,1
6657,65,85,17.7,149,96,31400,1,0
6658,38,35,33.6,117,72,55000,4,1
6659,30,51,54.8,451,132,94900,2,1
6660,40,18,7.7,569,64,28600,4,1
6661,19,66,2.7,136,42,5900,0,0
6662,34,41,5.1,374,98,18700,3,1
6663,24,40,6.7,148,25,12000,0,0
6664,33,64,7.4,101,20,13000,2,1
6665,24,34,2.3,82,48,4800,1,0
6666,31,1,33.9,171,76,56900,1,0
6667,55,3,28.7,191,88,48500,4,1
6668,53,69,6.1,57,12,8800,0,0
6669,31,17,5.8,446,59,19900,2,1
6670,39,88,23.5,107,35,36700,1,0
6671,65,48,37.9,566,195,68400,0,0
6672,40,91,53.6,432,189,94500,0,0
6673,69,66,9.6,414,106,23700,2,0
6674,63,3,53.8,586,85,94000,0,0
6675,33,87,7.6,80,19,16600,1,0
6676,52,1,6.6,75,14,11000,1,0
6677,29,11,31.6,180,69,49400,2,1
6678,22,46,19.6,193,34,32800,0,0
6679,45,36,4.1,141,49,9900,1,0
6680,49,87,9.8,496,85,29500,2,1
6681,58,8,4.2,465,113,18700,0,0
6682,61,66,7.0,131,39,15400,3,0
6683,37,21,2.4,85,38,8900,0,0
6684,39,29,21.8,80,30,37700,8,1
6685,41,63,27.9,627,181,59300,0,0
6686,43,33,6.0,108,43,11100,1,1
6687,39,14,7.0,353,127,23000,1,0
6688,61,26,30.7,100,77,54200,1,0
6689,33,41,56.4,594,146,98600,1,1
6690,66,45,6.1,340,135,19500,1,0
6691,35,93,7.8,138,24,16200,3,0
6692,18,11,52.0,497,122,94900,1,0
6693,40,75,31.2,145,34,53000,3,0
6694,36,12,26.5,614,140,58400,0,0
6695,43,31,32.9,105,83,54800,1,1
6696,66,52,5.9,123,33,13300,2,0
6697,36,9,32.7,748,140,71100,1,0
6698,40,80,5.7,126,48,11400,0,0
6699,44,85,6.1,91,47,10800,0,0
6700,41,34,50.2,433,181,89100,1,0
6701,32,60,46.1,517,152,83300,0,0
6702,29,25,6.4,548,67,24500,4,1
6703,35,31,7.6,427,69,21300,1,0
6704,24,77,5.1,340,146,18600,1,0
6705,66,81,22.6,178,70,40500,1,0
6706,63,94,2.2,106,19,5600,0,0
6707,61,84,2.5,126,42,5700,1,0
6708,42,35,57.2,495,152,97800,0,1
6709,22,12,8.2,313,101,19800,1,1
6710,26,76,29.2,87,70,48500,1,0
6711,40,79,6.8,146,31,15400,0,0
6712,35,36,7.4,111,32,15600,0,0
6713,60,57,7.4,61,23,11200,2,0
6714,22,52,2.0,115,50,4300,0,0
6715,58,31,3.6,97,37,6100,1,0
6716,30,22,5.8,92,14,12400,0,0
6717,65,87,56.1,430,95,94400,1,0
6718,58,47,28.2,450,196,55300,0,0
6719,41,91,21.5,158,42,35200,0,0
6720,57,70,30.8,195,74,52100,4,1
6721,59,46,7.2,75,49,13100,2,1
6722,40,94,3.1,141,25,7900,0,0
6723,33,36,7.5,308,89,20200,2,0
6724,43,4,3.9,108,36,6000,1,0
6725,68,7,29.8,542,86,62000,2,0
6726,20,83,23.7,155,47,37500,1,0
6727,41,25,19.5,107,43,31600,2,1
6728,20,54,22.3,115,73,41300,0,0
6729,53,15,7.2,578,129,27400,3,1
6730,64,80,18.4,127,61,31600,2,0
6731,30,33,3.3,109,45,8400,0,0
6732,30,46,25.3,660,103,56100,4,1
6733,49,44,30.8,170,42,52300,0,0
6734,57,31,5.7,145,35,15500,1,0
6735,45,64,9.6,509,136,29600,2,0
6736,55,91,6.8,113,44,12000,1,0
6737,50,88,25.8,165,39,43000,1,0
6738,58,60,27.1,165,34,43500,1,0
6739,54,44,5.2,79,13,8700,1,0
6740,23,59,4.4,69,44,8000,0,0
6741,57,57,56.5,635,173,99200,1,0
6742,18,63,7.7,582,129,29400,0,0
6743,42,41,5.5,56,39,10400,1,0
6744,50,22,7.4,127,29,12900,0,0
6745,27,84,8.0,552,105,21100,2,0
6746,68,32,30.5,129,70,49700,2,0
6747,48,1,4.8,150,11,10300,3,1
6748,61,61,47.3,775,86,93900,0,1
6749,54,2,4.6,129,19,15600,1,1
6750,43,56,3.8,344,117,15000,4,1
6751,21,58,6.3,331,55,19100,1,0
6752,69,19,5.2,99,42,13900,1,0
6753,43,89,2.1,69,38,5600,2,0
6754,46,23,8.0,332,69,20800,4,1
6755,50,57,4.0,426,127,20100,3,1
6756,44,22,4.6,108,34,10100,1,0
6757,26,50,7.8,89,37,16100,2,0
6758,30,90,23.3,103,80,37800,1,0
6759,64,10,6.3,114,16,8900,1,0
6760,65,31,4.0,115,14,9700,0,0
6761,47,93,6.3,373,144,21600,2,0
6762,21,70,6.0,145,30,15200,2,0
6763,33,9,4.8,531,130,25500,2,0
6764,47,86,29.8,104,91,50300,1,0
6765,52,8,7.9,339,137,23200,0,0
6766,47,35,4.7,424,116,19200,3,1
6767,30,10,19.8,83,68,29700,2,1
6768,63,28,6.1,116,38,12300,1,0
6769,34,31,6.5,106,12,13200,4,1
6770,67,3,5.7,148,36,9400,1,0
6771,51,91,4.8,336,83,19200,2,0
6772,61,94,23.3,195,85,39300,4,1
6773,60,50,7.1,132,11,15200,1,0
6774,57,50,5.6,76,47,9900,1,0
6775,29,58,9.7,382,107,26400,1,0
6776,49,28,42.7,687,128,84800,1,1
6777,42,30,8.0,472,101,25400,0,0
6778,41,20,3.7,516,112,20900,5,1
6779,64,16,6.9,126,41,15700,1,0
6780,55,78,2.8,98,45,6700,0,0
6781,50,49,6.3,527,79,24000,1,0
6782,54,18,33.7,167,75,57200,2,1
6783,20,32,3.3,89,28,8500,0,0
6784,65,63,24.6,188,52,42500,3,1
6785,48,75,40.5,572,150,75900,1,0
6786,60,28,3.9,145,40,12900,1,0
6787,63,58,33.3,107,66,54100,0,0
6788,42,3,52.6,512,90,94200,1,1
6789,37,58,2.1,143,17,2700,0,0
6790,24,61,41.4,476,116,74000,0,0
6791,28,1,7.9,145,32,13100,0,0
6792,38,28,3.1,60,16,5600,1,0
6793,31,20,2.1,132,48,9100,1,0
6794,49,63,5.1,117,35,13500,1,0
6795,26,3,18.0,153,39,32700,1,1
6796,56,44,20.0,129,70,31000,2,0
6797,33,7,59.2,710,129,108300,1,1
6798,18,22,6.7,121,13,12100,0,0
6799,66,18,7.6,140,16,16800,2,0
6800,40,56,23.5,120,81,40600,2,0
6801,36,46,20.1,110,99,32100,2,0
6802,61,8,4.7,114,21,11900,1,0
6803,50,45,4.8,480,79,19700,1,0
6804,67,92,34.3,618,162,70000,0,0
6805,45,73,7.4,60,24,15200,2,0
6806,20,48,25.8,96,64,40200,5,1
6807,55,64,41.9,526,188,79300,0,0
6808,27,3,6.1,427,132,20700,1,0
6809,60,24,27.6,173,69,48200,1,1
6810,59,39,4.7,77,29,5200,0,0
6811,31,32,6.4,66,41,13100,2,0
6812,18,5,18.3,161,91,31900,0,0
6813,54,67,5.9,389,87,19200,1,0
6814,50,34,6.5,93,35,10500,2,0
6815,28,22,3.9,84,40,9600,4,1
6816,56,85,26.4,605,109,55000,0,0
6817,68,15,9.9,356,91,22300,1,0
6818,19,6,8.1,436,70,27400,1,0
6819,68,3,8.3,580,101,27400,0,0
6820,61,12,25.5,560,130,51900,0,0
6821,68,71,28.2,765,153,63800,0,0
6822,21,16,5.6,73,38,12200,1,0
6823,26,26,2.3,66,17,5000,1,0
6824,59,67,45.6,736,112,89700,0,0
6825,35,91,29.6,117,63,46500,0,0
6826,40,60,4.3,92,31,8400,2,0
6827,25,23,7.3,537,65,25000,2,0
6828,29,72,21.1,148,56,35200,1,0
6829,37,9,3.9,58,16,8300,0,0
6830,43,61,2.3,137,35,9100,1,0
6831,56,47,7.0,436,77,21100,1,1
6832,57,21,2.4,105,32,5000,0,0
6833,49,10,56.3,678,164,103000,1,0
6834,18,42,3.0,69,21,4800,2,0
6835,35,70,4.4,428,144,18400,1,0
6836,48,95,6.0,113,41,11700,1,0
6837,44,48,37.4,766,136,79100,0,0
6838,19,73,5.2,126,33,8100,1,0
6839,69,23,3.1,54,33,4600,1,0
6840,28,27,7.7,140,25,14200,0,0
6841,35,88,3.4,413,85,16300,0,0
6842,49,58,2.2,56,31,3600,3,0
6843,50,94,31.2,108,71,51100,3,0
6844,36,34,7.5,93,12,14600,3,1
6845,69,44,3.7,103,45,6800,2,0
6846,21,66,37.5,685,152,73000,1,0
6847,54,64,9.2,544,69,25900,3,0
6848,57,75,20.7,126,80,37200,2,1
6849,56,53,5.7,132,30,13000,0,0
6850,51,74,2.6,146,21,8700,0,0
6851,49,11,31.7,181,82,57400,1,0
6852,21,46,4.6,93,34,9900,2,1
6853,28,36,6.0,533,90,22700,3,1
6854,66,20,23.6,121,90,36600,4,1
6855,67,54,4.0,51,41,9200,2,0
6856,30,15,24.4,112,94,40300,6,1
6857,69,58,9.5,369,124,24700,2,0
6858,20,92,6.5,129,25,18000,1,0
6859,25,74,3.7,126,21,9500,0,0
6860,49,46,3.6,119,42,8000,3,1
6861,66,60,9.5,341,137,24000,6,1
6862,53,44,29.6,144,46,49400,2,1
6863,37,62,9.7,438,103,26700,0,0
6864,19,31,8.0,345,90,23900,2,1
6865,18,36,9.2,421,144,27300,6,1
6866,66,80,3.6,101,42,7500,0,0
6867,41,9,7.2,521,68,25500,0,0
6868,25,25,3.5,551,91,19900,3,1
6869,50,59,6.2,97,24,16700,1,0
6870,57,39,29.6,169,50,46900,0,0
6871,37,51,5.1,563,60,21200,2,0
6872,25,72,4.8,367,117,14500,3,0
6873,59,86,25.4,609,152,54500,0,0
6874,32,45,4.0,68,41,7800,3,1
6875,52,23,6.9,596,130,24700,2,1
6876,18,94,3.7,516,93,20800,3,1
6877,28,5,34.3,130,34,54100,0,0
6878,65,35,7.9,396,124,24800,4,1
6879,53,40,3.2,98,33,7200,0,0
6880,47,4,7.1,599,109,25800,0,1
6881,31,33,25.6,155,61,42800,1,0
6882,56,33,18.4,101,88,30100,2,1
6883,57,13,5.2,145,37,15200,3,1
6884,56,79,23.2,139,86,40700,1,0
6885,69,12,28.5,528,193,59800,0,0
6886,35,38,4.7,61,42,10700,0,0
6887,62,28,40.8,473,140,74500,0,0
6888,40,32,7.4,112,35,14500,1,0
6889,67,89,55.1,450,102,96600,0,1
6890,66,45,34.4,157,94,57400,1,0
6891,35,42,27.6,129,58,46700,2,1
6892,55,6,40.9,674,167,79100,0,0
6893,27,61,5.5,84,22,7800,0,0
6894,51,31,2.1,104,22,6300,0,0
6895,61,71,4.7,533,148,23500,1,0
6896,20,79,7.5,60,44,15000,1,0
6897,28,73,16.4,91,46,30500,1,0
6898,38,7,3.2,392,119,12800,3,1
6899,23,38,4.2,446,54,16900,3,1
6900,25,3,8.6,340,94,17000,3,1
6901,57,14,44.9,455,172,81400,1,0
6902,43,4,7.5,149,49,13200,3,0
6903,41,25,32.9,180,45,53100,1,0
6904,51,2,5.2,56,47,9500,0,0
6905,29,5,42.0,532,188,76900,0,0
6906,28,49,30.3,418,165,58400,1,0
6907,60,92,8.7,309,131,20400,1,0
6908,42,68,6.2,71,12,12600,0,0
6909,33,10,3.2,375,141,16100,3,1
6910,22,51,28.4,124,71,47400,1,0
6911,27,41,16.9,94,61,27200,1,0
6912,54,30,21.6,89,44,30400,0,0
6913,54,47,4.0,121,27,5100,4,1
6914,56,5,5.5,115,18,11000,0,0
6915,31,54,2.5,110,30,8700,1,0
6916,30,16,4.1,556,99,19900,2,0
6917,47,36,37.3,478,122,69300,0,0
6918,43,18,5.5,138,10,14100,1,0
6919,31,81,7.9,312,124,19500,1,0
6920,58,35,3.6,122,18,8500,1,0
6921,24,38,2.0,133,27,9000,0,0
6922,41,88,5.3,60,22,8400,2,0
6923,58,32,3.7,522,115,21400,3,1
6924,41,5,4.7,144,35,11200,1,0
6925,19,39,5.5,79,45,6100,0,0
6926,27,3,8.9,402,51,27000,1,0
6927,54,53,6.7,66,18,11600,1,0
6928,34,9,31.5,633,177,65500,2,1
6929,46,37,32.4,573,103,65900,1,0
6930,33,82,9.2,533,127,29600,2,0
6931,32,82,6.3,109,28,12000,0,0
6932,68,84,9.0,580,83,29100,0,0
6933,21,35,6.8,527,75,25700,4,1
6934,29,83,3.2,59,39,12000,2,0
6935,64,3,3.8,145,24,9000,0,0
6936,57,47,34.2,143,57,52800,4,1
6937,54,45,33.0,89,73,52600,2,0
6938,49,78,50.8,480,152,89600,1,0
6939,60,1,8.1,567,54,29300,1,0
6940,23,68,4.9,549,122,25800,0,0
6941,69,71,39.6,709,127,77900,1,0
6942,19,6,20.0,152,90,35000,5,1
6943,20,78,44.0,785,190,90900,0,0
6944,20,32,3.1,453,83,15400,3,1
6945,62,75,6.8,63,26,6900,1,0
6946,65,71,3.8,309,57,15400,1,0
6947,47,17,28.6,180,76,50100,0,0
6948,43,73,5.3,58,48,11400,3,0
6949,52,71,55.4,701,195,100800,0,0
6950,34,88,4.9,403,55,15400,1,0
6951,21,75,22.6,167,64,40200,1,0
6952,54,32,25.8,426,147,49700,0,0
6953,41,16,35.2,494,120,64100,1,1
6954,48,76,2.9,84,29,6500,3,0
6955,22,28,4.9,146,24,10200,1,0
6956,20,80,54.0,796,173,101700,0,0
6957,45,28,3.0,102,10,6500,4,1
6958,35,38,5.5,98,47,8300,1,0
6959,20,36,17.8,123,41,31200,1,1
6960,31,92,2.5,123,36,2400,2,0
6961,19,38,53.2,456,103,91100,1,0
6962,45,54,31.4,197,37,54800,4,0
6963,48,4,8.9,373,101,24600,3,0
6964,60,85,46.6,580,194,88200,0,0
6965,44,80,15.8,186,86,25000,0,0
6966,18,14,6.6,573,62,23900,1,0
6967,42,78,53.1,680,83,101000,1,0
6968,65,16,8.8,561,54,27800,2,0
6969,45,77,24.0,109,85,36300,0,0
6970,21,92,8.1,540,52,25300,1,0
6971,31,90,6.9,96,49,14100,0,0
6972,68,79,43.6,781,187,85500,0,0
6973,57,80,7.5,492,83,24900,3,0
6974,64,54,5.0,84,46,8900,0,0
6975,52,24,25.2,178,56,46700,3,1
6976,64,39,28.0,108,80,46400,0,0
6977,30,90,6.7,128,17,13100,0,0
6978,18,83,6.2,122,46,14300,3,0
6979,42,6,4.3,444,91,18200,0,0
6980,67,90,34.4,765,114,72100,0,0
6981,54,56,28.3,146,57,44700,1,0
6982,54,55,8.0,385,126,24100,1,0
6983,52,38,6.7,99,22,14900,1,0
6984,30,25,9.4,477,136,28300,4,1
6985,64,15,29.1,620,92,57300,0,0
6986,53,95,4.9,580,71,21400,3,0
6987,55,9,21.6,200,86,37000,2,1
6988,59,78,4.2,133,41,10800,3,0
6989,19,85,48.0,653,120,89700,0,0
6990,67,63,7.2,54,38,13100,1,0
6991,20,89,31.7,459,163,59600,1,1
6992,56,55,4.8,60,25,7600,2,1
6993,44,14,26.7,155,41,45500,3,1
6994,63,14,3.6,512,143,19700,1,0
6995,51,8,5.1,148,18,11700,3,1
6996,38,60,3.0,110,35,5100,0,0
6997,53,20,2.4,96,11,7100,1,0
6998,27,25,3.4,433,126,15800,3,1
6999,27,52,23.1,139,85,38400,1,0
7000,29,14,6.3,415,110,19400,1,0
7001,43,18,4.1,495,63,19800,5,1
7002,27,55,6.4,117,17,11800,0,0
7003,54,77,4.9,126,35,13100,1,0
7004,25,10,21.8,100,32,36700,1,1
7005,51,83,5.7,128,32,12400,4,1
7006,27,73,5.0,466,83,16500,1,0
7007,60,17,4.0,149,41,11100,0,0
7008,61,56,3.4,335,93,13500,0,0
7009,59,56,5.4,419,95,18700,0,0
7010,26,94,7.1,416,65,22500,2,0
7011,56,71,9.3,315,78,24400,3,0
7012,44,37,6.8,456,136,23600,5,1
7013,22,58,3.0,95,14,7200,4,1
7014,32,21,5.9,75,25,13200,6,1
7015,57,65,6.4,102,18,12800,2,0
7016,48,28,6.8,506,141,22900,4,1
7017,59,41,51.7,669,186,97100,2,1
7018,26,58,2.4,53,13,4900,0,0
7019,23,75,8.0,125,25,14300,2,0
7020,31,80,7.6,78,18,9500,1,0
7021,55,8,3.8,139,47,10500,0,0
7022,65,52,3.1,58,22,6200,1,0
7023,34,51,24.5,195,57,44700,1,0
7024,52,72,34.1,192,83,56800,2,0
7025,59,47,33.0,596,91,64100,0,0
7026,55,30,7.6,66,28,12500,3,0
7027,37,56,8.2,559,144,25600,0,0
7028,69,2,24.3,103,92,38600,1,0
7029,29,79,2.3,146,29,7500,0,0
7030,30,18,9.7,458,113,26500,0,0
7031,69,3,52.5,612,189,96200,0,0
7032,65,14,3.6,57,43,6900,1,0
7033,24,21,41.2,503,192,76700,1,0
7034,20,21,4.9,120,40,10400,2,1
7035,46,76,7.6,68,36,12700,0,0
7036,25,31,24.1,188,49,38500,2,1
7037,52,20,6.4,109,23,17600,1,0
7038,19,78,4.6,137,40,7400,1,0
7039,64,26,9.7,486,131,28700,1,1
7040,63,71,43.2,507,194,79600,0,0
7041,48,4,2.8,64,38,7200,1,0
7042,23,49,45.9,626,151,86700,0,0
7043,49,12,58.4,740,165,105400,1,1
7044,33,85,7.7,63,49,12200,2,0
7045,51,35,7.6,369,75,19500,2,0
7046,46,50,5.8,108,16,13100,0,0
7047,18,80,5.9,80,15,14700,2,0
7048,23,65,7.6,377,55,20900,1,0
7049,59,6,5.9,148,41,12400,0,0
7050,32,24,8.0,561,99,28600,2,0
7051,48,35,45.3,684,144,88300,0,0
7052,32,37,8.7,466,50,25900,2,0
7053,35,63,8.2,584,147,28000,2,0
7054,18,30,3.0,83,47,7700,1,0
7055,40,76,3.7,139,31,9500,1,0
7056,40,7,30.5,173,34,50700,3,1
7057,58,34,32.2,127,68,52100,1,0
7058,34,37,6.4,566,68,24000,5,1
7059,46,17,5.5,132,28,9500,0,0
7060,35,26,4.9,129,11,8000,2,0
7061,49,19,30.3,166,81,50500,0,1
7062,48,60,46.9,454,106,84400,0,0
7063,26,49,29.5,131,45,46500,5,1
7064,25,47,6.1,105,38,12900,2,0
7065,25,86,9.4,541,56,30300,3,0
7066,23,36,8.9,407,143,22100,6,1
7067,63,8,16.7,147,74,30600,1,0
7068,44,40,47.8,770,91,89900,0,0
7069,57,83,59.3,450,175,100300,2,0
7070,66,25,7.3,136,43,13500,1,0
7071,52,1,5.5,339,113,18900,2,1
7072,69,78,5.6,509,137,25200,0,0
7073,66,42,9.4,336,74,24300,0,0
7074,59,17,7.0,64,37,13300,0,0
7075,58,30,5.3,524,131,20900,2,0
7076,33,19,40.0,758,110,77100,1,1
7077,19,16,3.9,328,100,15500,3,1
7078,57,57,4.3,67,12,9900,0,0
7079,25,9,4.4,425,136,22000,1,1
7080,20,12,34.2,800,169,77300,0,0
7081,61,5,4.7,321,106,14700,0,0
7082,66,89,30.9,199,97,54800,6,1
7083,40,1,6.2,63,35,12500,0,0
7084,54,81,4.4,124,16,10100,0,0
7085,38,54,30.7,96,49,49800,4,0
7086,59,66,4.6,64,16,13000,1,0
7087,28,26,21.2,113,74,32200,0,0
7088,54,12,27.3,605,109,54000,0,0
7089,61,33,19.0,168,47,32000,1,0
7090,42,30,5.3,111,44,9700,0,0
7091,36,38,5.6,97,45,12100,0,0
7092,19,48,7.1,343,127,20500,0,0
7093,40,46,7.0,141,20,10200,0,0
7094,27,92,4.2,55,41,4100,1,0
7095,31,33,16.9,148,37,28600,1,0
7096,39,59,6.4,83,14,11900,0,0
7097,29,13,4.4,126,47,13200,0,0
7098,57,64,48.4,790,152,92300,0,0
7099,39,95,9.2,426,74,25700,0,0
7100,40,84,4.9,55,19,6400,4,1
7101,67,55,3.5,374,62,19300,3,0
7102,34,10,53.0,526,153,92000,0,1
7103,26,20,7.5,64,49,12400,1,0
7104,20,42,20.9,88,60,33700,2,0
7105,25,18,24.0,113,47,39000,3,1
7106,28,82,18.5,84,93,31800,3,0
7107,18,38,3.6,306,78,12700,1,0
7108,49,82,3.5,589,121,22700,3,0
7109,31,11,3.0,85,17,7200,0,0
7110,31,94,25.6,199,67,42500,2,0
7111,69,42,4.9,497,141,20200,4,0
7112,39,16,4.4,582,75,21200,3,1
7113,55,73,8.6,490,66,26000,1,0
7114,32,2,17.2,199,39,32800,0,0
7115,31,87,20.1,187,66,36900,1,0
7116,32,78,40.8,775,143,77400,1,0
7117,39,80,31.5,167,97,55200,0,0
7118,59,52,5.1,130,26,9600,1,0
7119,45,61,3.1,306,113,11800,1,0
7120,39,24,5.1,84,48,10700,1,0
7121,50,30,58.5,668,146,102500,1,1
7122,51,92,4.9,90,17,12500,0,0
7123,50,73,4.6,462,117,20100,1,0
7124,25,64,34.3,123,49,52400,4,1
7125,48,46,25.9,699,104,59200,0,0
7126,60,29,2.2,111,16,2900,2,0
7127,20,18,7.4,470,73,23400,1,1
7128,54,32,4.3,71,41,9700,7,1
7129,42,26,7.9,479,134,24500,5,1
7130,52,68,4.8,95,28,11800,0,0
7131,57,84,3.5,101,15,8100,2,0
7132,62,28,34.6,125,83,52000,4,1
7133,50,48,19.2,99,52,30700,4,1
7134,36,15,3.8,121,10,11700,1,1
7135,26,40,3.6,465,82,18000,2,0
7136,51,72,16.8,138,63,30400,1,0
7137,26,15,32.6,174,33,53200,1,1
7138,55,68,5.5,147,15,10900,4,1
7139,61,35,48.8,497,185,87600,0,0
7140,69,55,9.5,343,51,25500,1,0
7141,22,95,6.7,91,34,11800,2,0
7142,36,21,56.3,792,166,106400,0,0
7143,45,4,42.1,562,149,79300,0,0
7144,26,42,32.3,124,62,49600,1,0
7145,34,86,20.0,116,57,33300,0,0
7146,37,92,8.8,350,102,23900,1,0
7147,62,90,3.5,339,87,18000,4,0
7148,62,48,23.3,175,94,45700,1,0
7149,59,6,2.5,140,18,6200,0,0
7150,33,7,20.7,112,100,36800,2,0
7151,65,20,46.9,700,93,90700,0,1
7152,54,89,36.0,437,150,69600,0,0
7153,37,8,3.2,86,36,8100,3,1
7154,59,9,2.0,144,20,12300,0,0
7155,26,34,55.2,744,146,103600,0,0
7156,68,85,30.0,131,31,48200,3,0
7157,52,50,2.2,104,47,2300,1,0
7158,51,84,2.9,101,15,5800,1,0
7159,45,92,6.3,499,142,21800,2,0
7160,45,65,5.2,142,13,12000,1,0
7161,60,29,28.3,162,63,46900,2,0
7162,65,51,7.7,135,34,17900,2,1
7163,63,24,47.7,553,82,88200,2,0
7164,44,56,2.0,138,27,8200,1,0
7165,31,64,37.3,406,173,65600,1,0
7166,44,12,31.0,81,95,48700,4,1
7167,67,70,18.4,120,90,34900,1,0
7168,65,61,22.1,133,49,38700,3,0
7169,35,78,7.7,390,95,22700,3,1
7170,33,63,26.3,157,35,40700,0,0
7171,51,10,27.0,127,42,45400,1,0
7172,38,25,16.6,167,73,31200,1,0
7173,52,85,16.9,116,74,26900,1,0
7174,24,59,6.1,76,11,6100,1,0
7175,26,67,44.9,726,114,88100,3,1
7176,57,34,5.5,364,144,16900,3,1
7177,35,19,27.1,85,50,45400,1,0
7178,22,2,5.4,474,140,21600,2,0
7179,53,25,17.7,136,82,32800,0,0
7180,57,8,3.5,462,113,18800,1,0
7181,21,70,5.9,124,41,9500,0,0
7182,45,79,20.8,84,44,37700,3,1
7183,44,52,5.7,575,120,24400,1,0
7184,45,2,30.8,164,54,49100,1,0
7185,61,1,40.8,665,156,75500,0,1
7186,26,46,17.9,146,57,33100,2,1
7187,28,51,17.9,111,53,32700,1,1
7188,36,31,42.3,614,156,83300,0,1
7189,59,92,9.2,590,115,29700,1,0
7190,52,7,38.0,734,193,77600,0,0
7191,67,11,6.7,87,17,10200,2,0
7192,19,25,5.9,122,45,7900,0,0
7193,49,91,5.7,494,57,19900,0,0
7194,23,30,3.8,63,44,6400,2,0
7195,40,55,28.7,535,167,59700,0,0
7196,48,77,19.0,96,45,32300,1,0
7197,63,95,25.2,474,125,50500,0,0
7198,36,79,7.6,483,78,22200,1,0
7199,68,30,3.6,73,14,8200,4,1
7200,52,9,28.1,154,45,46900,2,0
7201,41,67,27.4,118,85,45600,1,0
7202,61,76,6.0,92,29,18300,0,0
7203,51,64,3.9,130,44,9800,2,0
7204,18,76,56.1,673,171,103600,0,0
7205,54,13,22.8,151,50,40000,6,1
7206,68,80,5.6,597,58,23800,1,0
7207,53,30,23.4,80,36,35500,1,0
7208,60,12,32.9,93,52,53400,4,1
7209,62,90,6.7,493,118,24000,3,0
7210,18,60,6.3,92,22,11100,1,0
7211,67,23,47.5,496,189,86700,4,1
7212,49,92,5.3,339,136,19000,2,0
7213,67,52,5.9,63,28,11000,0,0
7214,26,35,3.2,509,138,18800,2,0
7215,47,46,20.1,188,40,36700,3,0
7216,51,88,46.4,728,190,86400,0,0
7217,60,64,28.3,152,81,46000,4,1
7218,26,5,5.5,432,119,18200,1,0
7219,43,13,4.2,51,14,6800,0,0
7220,46,52,21.8,117,98,38500,2,0
7221,27,79,2.4,57,44,5700,0,0
7222,50,5,31.7,586,111,63100,0,0
7223,44,25,4.1,66,27,10900,0,0
7224,59,75,5.4,482,89,21100,2,0
7225,53,84,9.5,435,145,28600,1,0
7226,65,10,7.4,97,22,15700,1,0
7227,30,72,18.4,167,50,30700,1,0
7228,51,75,32.6,611,184,62500,0,0
7229,52,23,21.8,146,99,36400,4,1
7230,24,42,3.3,75,23,2800,1,0
7231,63,74,37.4,404,134,69600,0,0
7232,32,22,6.6,505,142,25900,3,1
7233,57,4,5.0,486,137,25400,4,1
7234,63,4,2.5,87,46,6400,1,0
7235,46,83,26.7,190,84,44500,2,0
7236,51,62,4.2,100,14,11800,2,0
7237,30,71,3.4,349,140,16000,3,0
7238,63,47,6.2,80,40,12100,0,0
7239,20,58,51.9,746,144,96400,2,1
7240,19,46,2.4,78,47,8300,0,0
7241,63,23,8.1,300,139,23600,1,0
7242,63,38,33.2,136,94,54300,3,1
7243,41,63,30.9,449,102,61200,1,0
7244,32,6,4.2,454,134,16700,2,0
7245,48,55,26.6,145,32,42500,1,0
7246,19,49,18.7,166,83,33500,0,0
7247,61,63,2.8,60,48,6500,0,0
7248,67,95,6.8,530,55,24200,4,1
7249,34,21,6.6,147,42,14000,7,1
7250,38,76,7.2,425,134,20600,6,1
7251,33,56,5.7,103,11,9500,1,0
7252,37,49,5.9,448,60,20700,2,0
7253,44,32,59.6,463,117,101200,1,0
7254,25,76,5.8,425,138,19900,2,0
7255,53,48,2.6,79,31,6700,2,0
7256,53,2,3.7,552,55,19800,1,0
7257,63,34,7.8,386,53,20400,5,1
7258,26,25,6.3,91,34,9000,1,0
7259,42,50,28.0,419,187,56400,0,1
7260,47,64,4.4,306,93,15600,2,0
7261,33,91,4.6,440,112,19800,1,0
7262,62,72,2.2,55,15,4900,2,0
7263,58,57,6.5,56,34,10200,0,0
7264,67,91,24.4,189,47,38500,3,0
7265,25,45,9.3,450,54,26800,0,0
7266,59,87,3.8,73,23,6400,1,0
7267,65,39,4.6,316,146,16700,4,1
7268,23,21,4.3,141,45,9500,0,0
7269,65,35,8.4,473,128,27400,0,0
7270,46,63,46.7,709,90,90800,0,0
7271,49,37,4.9,61,40,11100,3,0
7272,24,4,18.6,86,37,32900,5,1
7273,24,53,19.3,199,64,36800,1,0
7274,67,60,35.5,799,84,74900,0,0
7275,62,59,31.9,96,69,51300,1,0
7276,29,77,22.0,133,38,35300,1,0
7277,24,84,5.5,96,46,13400,4,0
7278,28,39,6.6,136,30,12700,1,0
7279,35,8,33.8,189,35,58600,2,0
7280,53,62,26.1,104,69,38800,2,0
7281,56,87,7.1,427,135,21800,5,0
7282,65,39,3.7,473,120,18700,2,1
7283,61,54,7.8,516,53,26200,2,0
7284,64,28,16.6,89,48,28700,0,0
7285,69,5,8.7,592,73,28800,6,1
7286,51,54,7.9,107,50,12000,0,0
7287,59,37,44.6,553,92,83000,1,0
7288,40,95,3.7,103,50,11800,1,0
7289,42,34,30.5,151,75,53600,3,1
7290,50,70,2.6,122,14,8900,0,0
7291,61,21,31.1,148,59,47100,4,0
7292,60,68,5.3,124,28,14000,1,0
7293,25,20,4.7,426,127,20000,1,1
7294,25,63,24.0,141,68,39600,1,0
7295,36,17,7.9,359,147,21700,1,0
7296,39,26,8.2,474,111,24300,5,1
7297,31,16,31.2,123,70,50100,3,0
7298,37,93,4.0,122,23,8300,2,0
7299,18,75,3.8,136,45,8900,2,0
7300,49,34,48.7,697,193,96200,0,0
7301,45,82,20.6,88,75,35900,2,0
7302,56,56,4.0,96,31,9900,1,0
7303,25,9,5.9,445,123,21000,1,0
7304,65,62,7.0,460,64,24500,2,0
7305,64,52,55.5,480,150,100800,0,0
7306,61,86,2.6,83,20,4700,3,0
7307,62,14,5.7,116,21,10100,1,1
7308,38,93,17.9,170,37,32400,3,0
7309,64,44,6.1,60,14,9000,1,0
7310,46,41,49.2,544,168,86400,3,1
7311,40,53,9.1,565,148,27800,2,0
7312,20,36,50.1,536,116,90200,1,1
7313,67,68,27.7,186,41,47500,2,0
7314,39,27,8.8,568,139,28400,0,0
7315,56,79,54.9,406,197,95600,0,0
7316,61,83,30.8,421,149,57700,0,0
7317,27,60,53.2,723,132,97700,1,1
7318,40,25,6.7,149,32,18300,0,0
7319,31,39,2.6,93,19,6500,1,0
7320,30,89,5.6,125,24,12700,4,0
7321,65,34,9.6,491,127,25300,2,1
7322,27,79,6.9,449,55,23400,2,0
7323,56,87,21.4,145,35,32100,1,0
7324,55,52,3.4,124,22,10400,1,0
7325,68,76,9.9,570,60,34300,1,0
7326,33,92,7.7,380,131,20700,5,1
7327,20,24,32.2,176,69,52400,0,0
7328,47,21,50.7,457,129,90600,1,1
7329,24,5,2.9,133,39,5800,0,0
7330,36,95,4.1,529,85,18300,1,0
7331,38,63,2.2,135,49,6600,1,0
7332,65,24,26.7,189,99,46500,3,1
7333,45,22,3.8,135,34,12400,1,0
7334,63,49,4.7,110,33,8800,3,0
7335,28,62,8.3,455,87,25900,3,0
7336,57,64,41.3,766,177,82800,0,0
7337,49,86,19.7,120,90,32200,2,0
7338,45,83,31.6,447,114,62500,1,0
7339,39,49,31.9,147,59,49200,0,0
7340,57,74,29.4,163,88,48800,1,0
7341,51,61,5.1,418,116,21300,0,0
7342,24,70,58.9,682,195,105700,0,0
7343,45,85,6.3,468,83,24200,4,0
7344,30,2,7.4,458,84,23100,2,0
7345,69,21,9.3,322,127,23400,2,0
7346,60,94,2.5,126,16,6000,1,0
7347,48,22,18.5,165,58,31200,0,0
7348,68,82,5.9,88,23,11600,0,0
7349,21,35,30.1,149,31,51500,3,0
7350,51,9,7.8,53,40,14900,1,0
7351,33,3,20.3,128,63,34000,1,0
7352,56,75,19.2,85,77,31700,3,0
7353,33,11,34.3,99,65,55300,7,1
7354,67,13,6.0,461,119,23500,2,1
7355,20,6,3.7,392,147,16000,3,1
7356,42,62,7.4,568,68,28800,2,1
7357,36,19,17.8,110,90,30400,1,0
7358,64,72,25.1,197,31,40400,6,1
7359,30,45,3.3,117,34,8700,0,0
7360,63,58,22.1,134,89,34700,2,0
7361,55,49,32.5,106,80,54400,0,0
7362,34,95,19.1,172,86,33100,0,0
7363,21,19,24.1,84,46,41100,0,0
7364,43,78,7.4,482,138,23200,2,0
7365,65,3,7.8,477,116,27200,2,0
7366,66,60,7.5,82,20,11900,1,0
7367,20,48,2.6,97,15,8200,0,0
7368,61,2,36.0,484,106,70900,0,1
7369,57,49,5.3,104,37,13400,1,0
7370,42,70,4.0,405,94,11600,1,0
7371,19,19,24.2,181,75,42000,1,1
7372,22,86,16.1,101,65,29500,2,0
7373,60,90,21.1,199,38,39600,1,0
7374,39,13,7.3,461,60,24600,2,0
7375,27,34,22.6,88,96,36400,2,1
7376,53,57,8.2,446,101,21900,3,0
7377,63,23,6.4,105,47,11100,1,0
7378,46,24,7.2,95,37,10000,2,0
7379,62,94,57.9,700,105,105700,1,0
7380,63,88,5.3,427,115,16300,4,0
7381,38,75,30.1,127,38,49500,5,1
7382,62,8,16.2,187,49,30600,5,1
7383,22,83,5.1,128,30,12500,1,0
7384,44,24,31.5,102,89,51100,2,0
7385,48,11,47.1,651,184,90800,0,0
7386,69,50,26.5,192,37,44900,3,0
7387,36,73,16.7,107,92,29900,2,0
7388,65,4,5.3,50,23,8300,1,1
7389,65,42,31.4,193,42,51200,3,1
7390,24,94,4.1,491,74,20100,0,0
7391,54,88,5.5,361,128,18700,0,0
7392,31,32,5.5,90,17,9800,5,1
7393,59,86,16.3,103,44,27800,5,1
7394,26,10,5.6,517,136,21000,2,1
7395,24,72,4.4,75,48,9500,1,0
7396,63,30,6.0,52,20,11200,1,0
7397,48,38,6.9,332,102,20000,1,0
7398,50,28,34.1,95,56,54600,2,0
7399,29,74,6.1,147,44,12100,0,0
7400,36,32,7.1,350,60,18300,2,0
7401,20,10,18.7,113,35,29100,1,0
7402,29,14,4.6,141,25,10000,2,1
7403,41,93,5.6,394,89,17500,2,0
7404,26,22,30.0,120,77,49300,0,0
7405,68,66,9.5,413,70,25000,0,0
7406,35,76,5.6,64,43,6700,1,0
7407,44,83,4.4,142,11,11400,6,1
7408,39,17,20.1,130,47,29000,4,1
7409,40,47,34.7,99,93,57000,2,0
7410,32,55,32.9,482,142,62200,1,0
7411,55,51,34.7,155,31,53900,5,0
7412,21,10,19.3,98,54,30500,5,1
7413,38,32,3.5,407,80,17200,4,1
7414,25,55,28.0,101,42,44400,3,0
7415,33,87,4.5,134,22,13800,1,0
7416,33,64,7.3,507,141,25100,3,0
7417,33,45,34.6,692,153,68100,0,0
7418,27,76,6.9,127,11,14500,2,0
7419,65,50,2.4,95,40,7000,2,1
7420,42,5,6.8,595,65,29200,2,0
7421,44,78,8.7,439,72,21500,0,0
7422,21,67,5.8,133,38,12000,1,0
7423,36,38,5.9,332,116,15900,3,1
7424,53,54,7.7,52,19,13700,1,0
7425,59,29,6.6,469,101,19900,3,1
7426,32,61,22.2,109,73,35600,2,0
7427,50,19,26.3,185,67,45700,4,1
7428,27,43,22.4,114,47,38700,0,0
7429,21,43,37.7,430,80,67200,1,1
7430,33,44,23.4,128,35,35600,0,0
7431,28,32,2.2,101,26,4100,0,0
7432,64,11,7.6,146,20,12700,0,0
7433,40,60,5.0,79,22,9400,2,0
7434,41,65,3.4,89,12,6700,2,0
7435,67,81,6.7,376,117,19900,1,0
7436,32,6,3.6,314,90,12600,2,0
7437,57,32,7.5,517,115,24300,4,1
7438,37,80,4.7,386,92,18800,3,0
7439,36,21,5.0,109,24,9700,0,0
7440,25,27,6.7,119,36,14400,1,0
7441,60,45,3.9,85,34,9100,0,0
7442,43,52,22.0,102,91,38600,2,0
7443,51,73,6.5,146,16,14400,3,0
7444,33,28,3.8,90,24,5800,0,0
7445,22,63,31.1,169,94,49100,1,0
7446,43,31,16.5,111,56,27200,5,1
7447,56,40,3.7,56,46,6900,2,0
7448,47,40,23.2,182,49,37400,1,0
7449,33,26,6.7,384,114,20600,0,0
7450,59,13,6.8,537,119,25100,3,1
7451,37,34,22.7,175,54,41200,0,0
7452,59,59,8.2,365,89,22000,4,1
7453,60,21,19.5,163,83,31200,4,1
7454,20,90,8.0,540,92,23400,3,0
7455,18,83,31.0,88,75,47500,2,0
7456,63,44,9.5,535,147,34600,1,0
7457,31,2,7.0,144,23,13800,0,0
7458,18,69,2.1,70,24,5200,0,0
7459,43,6,53.5,538,159,93300,0,0
7460,54,91,3.2,90,42,9300,4,0
7461,67,73,24.6,185,98,40700,3,0
7462,38,8,18.0,149,97,29700,0,1
7463,68,6,7.5,370,54,21700,1,0
7464,30,95,4.9,511,133,20600,5,1
7465,42,75,45.9,735,159,93300,0,0
7466,45,61,2.2,127,12,5800,0,0
7467,26,37,3.1,373,102,17800,0,0
7468,53,32,6.9,87,17,10600,0,0
7469,34,95,2.9,136,43,7900,1,0
7470,52,74,17.2,96,76,28200,0,0
7471,38,93,2.6,145,27,9300,1,0
7472,31,52,7.0,323,98,21200,1,0
7473,37,36,32.2,613,109,63000,0,0
7474,62,33,3.6,115,49,11500,1,1
7475,30,82,5.0,111,16,11100,3,1
7476,25,86,23.0,145,88,36500,0,0
7477,42,79,8.3,338,148,23000,4,0
7478,58,18,7.9,595,56,27200,4,1
7479,25,44,33.5,104,36,54600,0,1
7480,21,71,6.0,530,61,23400,2,0
7481,69,89,22.6,86,44,35000,0,0
7482,63,37,3.9,369,67,17800,3,1
7483,21,78,4.7,129,33,6600,3,0
7484,23,26,21.9,132,62,35300,2,1
7485,27,37,33.8,425,146,63200,0,0
7486,31,88,5.4,117,12,9800,0,0
7487,55,71,6.3,103,30,12300,3,0
7488,64,52,16.0,163,40,27900,2,0
7489,67,26,5.8,132,26,10600,0,0
7490,68,92,24.8,159,67,43200,4,1
7491,55,3,28.0,134,60,44600,1,0
7492,57,44,15.4,109,61,23900,0,0
7493,32,84,6.8,393,149,23900,0,0
7494,29,76,9.4,584,149,28900,0,0
7495,27,61,47.7,498,122,87200,0,1
7496,28,74,6.5,123,46,13900,0,0
7497,49,91,5.3,102,22,10300,1,0
7498,60,61,4.9,60,17,9400,3,1
7499,52,78,8.0,316,95,22100,3,0
7500,21,34,6.3,143,40,12800,1,0
7501,59,87,3.1,356,90,10600,1,0
7502,26,1,3.0,100,17,6300,0,0
7503,46,42,3.8,60,31,5000,0,0
7504,18,23,29.9,96,70,48400,4,1
7505,59,16,9.4,541,99,29300,0,0
7506,49,88,39.5,625,154,74200,2,1
7507,25,20,5.3,62,40,12300,2,0
7508,21,7,3.1,415,146,15600,1,0
7509,65,71,31.5,619,123,64000,0,0
7510,45,91,31.7,618,110,63300,2,1
7511,56,48,7.4,140,37,13700,4,1
7512,42,56,32.6,132,52,55200,1,0
7513,32,32,3.0,313,104,13200,1,0
7514,19,53,2.7,136,15,3600,2,0
7515,59,50,6.9,101,48,11600,3,0
7516,42,69,7.7,54,49,12500,1,0
7517,39,22,5.7,446,130,22300,2,1
7518,53,9,31.3,98,45,49600,3,1
7519,38,63,7.3,464,117,23000,5,1
7520,25,54,6.5,125,29,12900,0,0
7521,27,68,5.7,389,119,20100,1,0
7522,60,89,20.8,155,65,34600,1,0
7523,66,26,51.1,607,163,94100,1,1
7524,68,90,22.5,195,55,38200,2,0
7525,35,58,9.2,571,117,30600,1,0
7526,67,92,5.7,330,61,15600,2,0
7527,28,77,7.0,381,139,18100,3,0
7528,24,79,6.9,125,42,14200,0,0
7529,41,68,5.4,135,48,11100,1,0
7530,31,23,16.5,190,43,33400,2,1
7531,63,9,3.0,384,88,15600,4,1
7532,40,83,23.2,142,94,39500,2,0
7533,63,68,6.2,529,138,27600,1,0
7534,47,85,33.4,125,35,54800,0,0
7535,44,91,4.7,337,101,15000,7,1
7536,69,73,8.5,473,107,25500,4,1
7537,29,76,23.0,157,84,39100,1,0
7538,35,81,3.3,128,20,10800,1,0
7539,34,47,4.6,304,58,16300,0,0
7540,39,72,6.8,503,134,23900,3,0
7541,47,37,2.5,147,37,6300,2,0
7542,43,53,28.1,131,42,44100,1,0
7543,68,39,5.3,142,31,12100,0,0
7544,52,15,3.4,88,19,4700,1,0
7545,26,13,5.6,432,113,22600,1,0
7546,22,15,27.5,147,97,45900,2,1
7547,18,8,6.5,421,147,23800,1,0
7548,47,27,27.3,142,74,44200,1,0
7549,42,61,16.0,89,31,29200,3,1
7550,48,92,53.8,602,174,97500,1,1
7551,30,57,19.8,161,60,32000,3,1
7552,19,34,34.6,188,80,59700,1,0
7553,26,61,27.5,151,81,46600,1,0
7554,64,11,3.8,559,119,22000,1,0
7555,69,43,5.1,83,12,9400,0,0
7556,50,14,3.8,114,11,10000,4,1
7557,48,60,4.4,90,47,13100,3,0
7558,45,54,42.5,570,152,81000,0,0
7559,23,15,23.9,99,37,38600,0,0
7560,56,39,4.4,78,38,6500,5,1
7561,45,80,27.9,156,61,45000,1,0
7562,32,4,16.3,159,49,31500,0,0
7563,34,17,3.0,110,41,8000,3,0
7564,25,77,4.2,146,44,11600,0,0
7565,66,90,51.5,669,119,96700,2,1
7566,34,9,7.3,148,29,20200,0,0
7567,20,40,3.4,318,123,15200,1,0
7568,44,77,5.8,556,131,26800,1,0
7569,62,27,4.5,76,45,8600,1,0
7570,32,63,3.2,121,12,9400,0,0
7571,60,84,45.4,697,149,87700,0,0
7572,27,33,30.7,82,54,45900,3,1
7573,55,75,3.9,75,12,6600,2,0
7574,19,53,5.7,132,15,9400,2,0
7575,50,8,3.1,102,40,7200,2,0
7576,69,3,6.7,523,104,25300,2,0
7577,68,92,6.4,135,17,17100,4,0
7578,37,22,9.3,324,56,25000,0,0
7579,46,93,7.1,54,17,14700,0,0
7580,44,31,5.5,108,36,10400,0,0
7581,33,73,31.4,173,56,50200,4,1
7582,50,27,5.5,503,108,23100,5,1
7583,56,27,3.4,434,101,16000,3,1
7584,67,30,5.2,129,47,13600,3,0
7585,43,87,7.3,71,12,14900,0,0
7586,27,10,3.7,136,12,7900,2,0
7587,35,65,6.7,122,37,13800,2,0
7588,50,65,19.2,190,57,34700,1,0
7589,25,37,3.2,71,13,5400,1,0
7590,59,94,27.0,774,89,62000,0,0
7591,60,46,27.6,474,200,55500,0,0
7592,29,87,5.6,68,40,11600,1,0
7593,23,30,42.4,652,186,79100,2,1
7594,64,75,4.5,121,24,10300,0,0
7595,24,67,3.7,74,31,8000,1,0
7596,53,23,53.4,432,86,93300,2,0
7597,19,12,3.3,82,36,5700,0,0
7598,65,48,7.9,563,72,28300,3,1
7599,59,88,3.7,510,87,18300,2,0
7600,63,89,4.1,561,56,21700,0,0
7601,67,80,7.6,413,106,19300,5,1
7602,29,62,27.2,137,96,45700,2,0
7603,63,80,3.7,494,108,17100,2,0
7604,33,90,2.6,118,17,4700,1,0
7605,29,2,7.6,102,17,13000,1,0
7606,20,63,29.0,116,90,47900,0,0
7607,23,79,47.2,672,133,85600,0,0
7608,69,74,4.2,64,37,8300,2,0
7609,64,37,6.5,102,45,12700,1,0
7610,59,62,31.7,607,137,61300,1,0
7611,21,13,5.2,128,41,12400,0,0
7612,68,30,28.3,167,71,49500,0,0
7613,43,91,7.4,136,14,16000,1,0
7614,31,21,6.4,81,10,17800,1,0
7615,20,16,32.3,708,168,69500,1,1
7616,29,8,3.2,119,44,6500,1,0
7617,22,62,36.9,415,173,64000,4,1
7618,51,50,8.3,440,59,25100,2,1
7619,23,31,19.2,166,91,34600,2,0
7620,37,47,4.6,123,12,7000,1,0
7621,51,67,3.0,52,46,5800,0,0
7622,44,22,15.5,113,52,27200,2,1
7623,32,49,2.8,53,18,6200,2,0
7624,57,71,26.3,124,62,42300,7,1
7625,50,21,17.1,134,48,31600,1,0
7626,61,11,3.3,93,31,8900,0,0
7627,32,66,2.4,147,29,9100,1,0
7628,28,18,24.1,127,41,40000,0,0
7629,19,83,54.5,571,174,98300,0,0
7630,28,63,4.4,70,26,6800,2,0
7631,32,8,58.0,484,177,100700,0,0
7632,44,68,53.8,472,139,92700,0,0
7633,57,68,7.9,504,75,23100,2,0
7634,20,36,31.2,162,93,53400,4,1
7635,30,72,20.5,108,74,33700,1,0
7636,37,1,26.4,197,84,46900,1,1
7637,28,72,7.3,108,22,13000,1,0
7638,65,48,3.2,87,10,7900,2,0
7639,42,77,7.5,70,25,10600,2,0
7640,39,62,6.1,135,50,15200,1,0
7641,48,34,7.2,148,49,17200,2,1
7642,53,74,2.1,119,27,8200,1,0
7643,27,38,59.0,641,199,105900,0,1
7644,25,30,3.9,574,61,23500,3,1
7645,65,86,29.6,403,172,53900,0,0
7646,26,49,7.1,112,19,18100,1,0
7647,39,79,7.2,470,129,25000,2,0
7648,18,89,3.2,132,39,7500,2,0
7649,21,18,29.1,192,38,49300,3,1
7650,57,46,28.4,785,155,63800,0,0
7651,44,29,26.4,104,90,36500,4,1
7652,34,20,50.2,513,180,88900,0,0
7653,33,71,2.5,90,16,5200,0,0
7654,61,6,6.3,468,123,18600,2,0
7655,32,64,22.3,150,65,40900,2,0
7656,42,18,7.0,454,138,21500,3,1
7657,62,63,32.7,167,59,54700,0,0
7658,37,14,3.1,552,111,16000,1,0
7659,58,89,4.5,81,14,5200,1,0
7660,27,86,6.3,430,69,24000,4,0
7661,30,14,15.0,177,56,27300,2,1
7662,68,93,5.8,427,142,23500,3,1
7663,47,92,2.6,146,10,9100,3,0
7664,20,78,5.8,534,106,25500,1,0
7665,26,41,18.8,139,90,30300,1,0
7666,30,15,4.0,98,39,9800,1,0
7667,65,45,34.3,115,63,54400,2,1
7668,50,2,4.7,328,81,16900,4,1
7669,25,82,6.9,485,117,25600,1,0
7670,20,79,28.1,115,46,44100,2,0
7671,40,8,4.6,551,96,23900,1,1
7672,36,87,6.6,138,23,17700,3,0
7673,25,91,4.8,77,31,5400,2,0
7674,51,53,7.6,54,46,13500,2,0
7675,25,55,33.6,613,176,66600,0,0
7676,64,12,4.6,67,36,12400,1,0
7677,47,26,15.1,87,77,26300,3,1
7678,48,67,27.8,193,53,46400,1,0
7679,18,50,23.2,193,57,41000,0,0
7680,23,81,5.0,57,19,8700,1,0
7681,60,34,2.8,104,13,8800,0,0
7682,58,16,33.4,109,60,54600,1,0
7683,58,74,22.9,117,47,36200,1,0
7684,18,82,41.2,579,135,77300,0,0
7685,22,51,3.3,65,48,6100,2,0
7686,50,37,15.0,91,42,27600,2,1
7687,21,6,55.8,736,80,105200,0,1
7688,33,64,30.0,185,55,51600,2,0
7689,50,69,5.0,562,110,22800,0,0
7690,41,13,7.4,403,58,24700,1,0
7691,26,51,5.8,120,28,8300,0,0
7692,28,2,5.4,54,18,8500,1,0
7693,18,37,31.6,795,184,70500,0,0
7694,27,92,21.2,92,88,32100,1,0
7695,45,79,3.3,121,28,3200,0,0
7696,32,47,3.3,122,35,8900,1,0
7697,20,59,3.6,122,25,9500,1,0
7698,66,57,52.9,533,139,95400,0,0
7699,50,25,4.3,146,13,11000,0,0
7700,47,88,9.8,485,74,28800,2,0
7701,65,69,6.4,594,79,25400,1,0
7702,27,46,28.9,691,142,59800,0,0
7703,50,73,9.7,396,106,24300,1,0
7704,36,71,21.3,153,46,32900,2,0
7705,20,75,2.6,146,19,8100,2,1
7706,59,31,51.3,480,82,88900,1,0
7707,36,67,3.7,76,16,8100,0,0
7708,50,59,6.8,491,99,25400,2,0
7709,35,58,8.5,406,137,26800,1,0
7710,48,18,37.7,762,125,77200,0,1
7711,24,81,2.7,75,31,5400,2,0
7712,33,29,6.6,135,23,14400,2,0
7713,35,42,3.6,128,22,9200,0,0
7714,33,74,3.3,71,44,7500,1,0
7715,44,32,3.8,125,35,9300,1,0
7716,30,7,6.3,436,63,19100,3,0
7717,47,24,4.7,526,52,18100,1,0
7718,36,67,17.2,135,48,29100,3,0
7719,49,7,6.2,493,121,20600,2,0
7720,46,11,4.7,79,20,9000,1,0
7721,38,88,16.5,188,40,30100,1,0
7722,20,17,3.7,90,39,6200,0,0
7723,64,43,5.4,52,48,10500,1,0
7724,44,38,6.9,318,51,17400,1,0
7725,32,41,6.4,511,66,24000,3,0
7726,64,73,4.8,61,34,8300,2,0
7727,19,15,5.5,67,46,8500,1,0
7728,63,80,54.8,685,160,100300,1,0
7729,59,53,9.5,341,114,26400,1,0
7730,22,86,2.6,131,14,8200,1,0
7731,26,17,27.9,161,50,45000,0,0
7732,67,56,6.0,76,42,11000,0,0
7733,59,82,7.8,75,16,14600,1,0
7734,27,53,5.2,441,115,23000,2,0
7735,21,50,7.2,77,25,12900,0,0
7736,36,21,40.2,759,134,79900,0,0
7737,20,58,3.1,142,29,9800,1,0
7738,51,16,41.4,705,190,79200,1,1
7739,42,9,7.0,64,17,13700,4,1
7740,68,80,6.7,507,72,21300,4,1
7741,53,19,5.1,533,57,19400,2,0
7742,36,38,9.0,394,107,22900,6,1
7743,26,28,5.8,85,39,9300,0,0
7744,63,76,47.7,428,178,84900,0,0
7745,43,17,4.4,105,39,11200,0,0
7746,47,74,26.4,119,62,40900,2,0
7747,63,79,34.7,401,163,63900,0,0
7748,55,75,19.1,82,75,29800,0,0
7749,63,51,4.2,149,21,9200,1,0
7750,50,33,24.1,143,86,42900,4,1
7751,66,59,52.7,653,118,94400,1,0
7752,47,37,4.0,128,41,8400,1,0
7753,32,87,18.5,170,96,31800,2,0
7754,60,63,2.3,105,33,5100,3,1
7755,49,30,5.7,120,20,9600,1,0
7756,23,6,4.7,126,13,10400,1,0
7757,41,14,29.1,754,159,61000,3,1
7758,62,4,7.4,129,12,15000,1,0
7759,21,31,4.4,85,38,9500,0,0
7760,22,80,8.0,123,15,18000,2,0
7761,44,4,5.7,79,33,13100,0,0
7762,52,83,4.0,346,74,15600,8,1
7763,40,76,18.5,116,85,30900,1,0
7764,50,58,4.6,69,48,12700,0,0
7765,53,8,29.8,178,46,49200,3,1
7766,67,31,9.5,486,131,31700,2,0
7767,43,7,7.1,143,37,14000,2,0
7768,45,49,6.2,495,79,21400,0,0
7769,54,23,3.7,114,29,10200,1,0
7770,20,77,26.9,146,50,46200,1,0
7771,42,65,36.9,455,198,68800,1,0
7772,22,62,50.0,451,160,85200,0,0
7773,62,1,44.7,799,165,89800,0,0
7774,21,52,4.1,129,28,8300,0,0
7775,34,93,5.1,599,75,24000,0,0
7776,26,91,8.1,460,61,23900,1,0
7777,57,24,27.3,428,116,50500,0,0
7778,18,75,6.5,324,88,16400,3,0
7779,58,59,32.3,690,80,67300,1,0
7780,47,95,53.5,778,95,100800,1,0
7781,61,47,3.1,70,31,9900,0,0
7782,37,52,5.3,56,11,10900,2,0
7783,69,8,25.1,148,35,43400,1,1
7784,62,91,9.8,397,139,26300,0,0
7785,29,28,6.7,418,148,17500,7,1
7786,44,29,6.9,493,104,23400,1,0
7787,26,8,7.9,117,33,15200,1,0
7788,46,45,3.7,103,20,9600,0,0
7789,27,69,4.6,508,83,22100,0,0
7790,38,22,5.6,505,124,20100,3,1
7791,66,31,32.3,641,166,69200,1,1
7792,42,36,6.3,63,25,15100,2,1
7793,52,86,8.5,305,142,24900,2,1
7794,66,17,7.9,454,99,23100,2,0
7795,20,72,9.9,386,124,22700,1,0
7796,19,17,34.4,111,90,57200,1,1
7797,27,35,8.8,318,127,24800,1,0
7798,54,70,3.0,314,108,14100,1,0
7799,22,58,5.7,85,41,11500,0,0
7800,55,67,7.3,384,66,20200,1,0
7801,60,16,4.9,62,27,8000,3,0
7802,30,20,54.9,484,158,96500,0,0
7803,26,11,2.7,72,22,5000,2,0
7804,29,95,18.7,82,45,30000,7,1
7805,53,10,7.7,125,23,12800,2,0
7806,48,92,3.7,54,12,10500,2,0
7807,35,81,3.2,105,36,6300,2,0
7808,64,11,15.6,84,87,23600,4,1
7809,18,72,23.7,116,48,39400,0,0
7810,52,49,6.5,111,37,12000,2,0
7811,24,27,33.0,455,158,61100,1,0
7812,37,28,7.6,113,42,15000,2,1
7813,31,61,30.8,139,61,51700,4,1
7814,62,81,7.9,128,19,14500,3,1
7815,54,68,7.5,142,22,14800,1,0
7816,19,87,24.7,159,83,38300,0,0
7817,28,48,22.9,123,78,41000,1,0
7818,29,3,3.2,116,47,7100,1,0
7819,53,94,31.9,90,96,55200,6,1
7820,20,44,3.6,467,67,15300,3,0
7821,66,66,3.2,425,78,16600,0,0
7822,47,54,5.0,114,38,10800,0,0
7823,52,84,50.8,517,90,87800,0,0
7824,27,8,2.7,137,46,10000,4,1
7825,48,50,28.4,133,51,45000,2,1
7826,34,24,18.4,173,56,34900,1,0
7827,26,77,4.8,535,113,23400,3,1
7828,38,3,6.1,396,142,21800,2,1
7829,43,13,24.6,107,38,42800,2,0
7830,23,14,40.8,486,158,70400,2,1
7831,43,54,3.5,59,38,6800,1,0
7832,40,9,33.0,191,70,57200,0,0
7833,33,79,23.2,166,75,42100,2,0
7834,57,74,2.4,54,18,4200,2,0
7835,33,44,4.1,460,56,19500,3,1
7836,50,26,54.0,613,117,94500,0,0
7837,22,42,6.2,86,47,11800,1,0
7838,41,73,36.8,423,88,68200,1,0
7839,37,77,34.2,83,79,51200,1,0
7840,41,50,37.7,401,113,67500,0,0
7841,18,11,5.4,102,42,12900,2,0
7842,53,18,16.2,153,81,29100,2,0
7843,59,55,34.7,481,93,65100,0,0
7844,56,71,29.4,93,54,47000,1,0
7845,18,92,7.6,78,42,14000,0,0
7846,25,80,51.7,780,84,96300,1,0
7847,53,14,2.6,68,19,6900,1,1
7848,40,91,33.4,487,98,62500,1,0
7849,18,48,16.9,141,99,31800,0,0
7850,23,91,9.9,595,117,34900,1,0
7851,30,95,5.9,140,17,9800,0,0
7852,30,94,5.8,425,122,22500,2,0
7853,62,81,7.2,460,57,22300,3,0
7854,41,49,3.2,134,18,11800,1,0
7855,38,54,4.3,109,31,10600,1,0
7856,67,52,2.6,79,19,6800,1,0
7857,67,73,4.3,431,112,19000,4,0
7858,40,58,20.1,150,82,32000,5,1
7859,66,43,38.3,488,119,68200,1,0
7860,64,62,42.2,720,114,79900,0,0
7861,47,7,5.2,140,38,10800,0,0
7862,24,34,2.7,65,47,6700,0,0
7863,34,47,24.7,131,64,40200,3,0
7864,67,78,8.4,471,136,26700,2,0
7865,36,80,29.1,132,82,44200,1,0
7866,37,63,19.7,88,43,35100,0,0
7867,58,57,56.7,761,118,104700,0,0
7868,60,49,33.5,114,55,55700,1,0
7869,37,88,3.1,89,36,8900,0,0
7870,26,88,5.5,121,45,13800,2,0
7871,25,42,20.5,154,37,34500,0,0
7872,43,65,4.1,95,32,7000,1,1
7873,59,27,20.8,164,51,39600,2,0
7874,56,80,48.2,402,80,82900,0,0
7875,43,10,42.7,502,162,78100,1,1
7876,57,70,4.2,483,142,18000,1,0
7877,31,8,4.7,453,125,18400,3,1
7878,41,83,6.6,93,11,10800,4,0
7879,31,74,4.8,544,91,20300,4,1
7880,51,58,7.2,433,121,25600,1,0
7881,65,39,7.0,131,23,15500,1,0
7882,46,70,17.1,140,39,29200,1,0
7883,56,59,18.1,177,49,34900,1,0
7884,25,81,58.1,402,90,96100,0,0
7885,68,93,3.6,91,26,8400,3,0
7886,29,91,8.0,115,21,16600,3,0
7887,48,68,42.9,426,129,81100,0,0
7888,50,30,9.7,343,132,23000,1,0
7889,64,59,4.2,92,36,6300,2,1
7890,27,88,24.9,87,79,38300,2,0
7891,47,2,23.6,197,46,40700,0,0
7892,56,11,7.5,55,47,8500,2,1
7893,66,5,30.6,407,189,59100,1,1
7894,31,93,5.0,111,40,11600,3,1
7895,65,63,7.8,113,45,13300,0,0
7896,53,71,32.9,173,37,52900,2,0
7897,27,21,4.2,81,43,5400,0,0
7898,47,40,52.4,688,97,99300,1,0
7899,21,40,29.2,590,152,59300,1,0
7900,35,39,30.9,126,79,50500,2,1
7901,56,44,7.0,102,25,14200,0,0
7902,54,68,3.2,56,40,6400,2,0
7903,23,74,8.9,332,127,21600,2,0
7904,40,44,46.1,529,125,83000,0,0
7905,19,62,7.1,91,25,14300,0,0
7906,54,66,7.8,145,42,15700,2,0
7907,50,53,29.4,746,172,67800,0,0
7908,55,73,2.4,141,16,4900,1,0
7909,42,29,59.5,704,181,106500,2,0
7910,65,67,3.1,334,66,12700,1,0
7911,41,87,6.7,110,32,14200,0,0
7912,22,34,3.3,97,46,7100,0,0
7913,31,12,53.9,531,182,92500,0,0
7914,39,92,3.5,498,95,15100,4,0
7915,51,17,45.4,606,82,84300,1,0
7916,64,57,2.0,78,29,4800,1,0
7917,19,36,16.1,93,71,26600,2,0
7918,42,24,3.5,386,95,14800,2,1
7919,66,24,4.9,80,46,12100,0,0
7920,20,58,3.9,389,119,16200,3,0
7921,30,81,6.4,464,117,22100,0,0
7922,49,7,4.9,494,127,22900,6,1
7923,51,2,2.7,59,36,2800,0,0
7924,42,95,37.5,616,109,71100,2,0
7925,68,11,22.0,114,49,38100,2,1
7926,54,39,3.8,381,120,17000,2,0
7927,37,32,23.4,101,87,40600,4,1
7928,65,47,32.5,134,60,53600,3,0
7929,55,65,34.4,189,37,58500,1,0
7930,62,58,34.2,112,59,54000,0,0
7931,66,80,7.9,84,40,14000,1,0
7932,44,29,4.5,91,44,7400,0,1
7933,44,19,28.3,124,47,44000,1,0
7934,20,81,6.2,123,38,15000,3,0
7935,56,62,35.1,728,86,71100,2,1
7936,67,18,5.3,99,25,10300,0,0
7937,21,6,3.1,95,34,2400,2,0
7938,55,79,6.5,147,24,15900,0,0
7939,45,70,2.8,145,27,6400,0,0
7940,52,27,48.4,783,99,90300,0,0
7941,58,10,3.1,68,13,3500,0,0
7942,28,80,6.9,93,32,13100,0,0
7943,21,14,5.8,135,50,14700,0,0
7944,68,76,3.4,355,134,15500,1,0
7945,61,57,3.0,78,40,7100,1,0
7946,59,82,34.2,167,94,63900,2,1
7947,58,84,8.5,533,82,29200,0,0
7948,64,75,57.6,639,182,102900,2,1
7949,64,51,5.8,58,50,7900,4,1
7950,60,78,4.0,149,13,8000,1,0
7951,56,36,2.3,133,27,8100,1,0
7952,44,29,5.0,498,138,21200,4,0
7953,65,45,7.8,381,100,22800,5,1
7954,18,84,4.4,367,54,15500,1,0
7955,21,42,6.1,114,46,11600,0,0
7956,22,36,3.7,114,44,10100,3,1
7957,28,42,24.9,83,47,41300,2,0
7958,49,41,3.7,301,94,15700,2,0
7959,31,82,6.4,321,55,19400,0,0
7960,30,4,3.5,549,110,21900,2,0
7961,28,70,32.7,91,67,49300,0,0
7962,48,4,7.6,107,34,14400,0,0
7963,44,1,7.5,52,28,14400,0,0
7964,68,72,2.4,130,21,8100,1,0
7965,25,64,33.0,491,166,66400,3,0
7966,33,38,52.4,699,142,98800,1,0
7967,48,20,23.4,160,89,42700,3,0
7968,56,87,31.2,601,131,64400,0,0
7969,45,23,16.1,163,56,28500,0,0
7970,45,82,31.4,180,41,52000,1,0
7971,57,94,6.9,401,145,23400,2,0
7972,28,57,2.6,98,48,4800,2,0
7973,39,45,38.0,577,87,70600,1,1
7974,44,19,19.6,192,100,35500,0,0
7975,25,37,6.8,385,148,23600,3,1
7976,66,86,9.6,480,148,27300,1,0
7977,57,42,5.7,597,83,25600,3,1
7978,68,48,18.4,186,51,31600,2,1
7979,42,42,2.8,71,39,4300,1,0
7980,66,88,34.2,87,75,53600,1,0
7981,56,60,33.8,189,45,56100,1,0
7982,21,94,26.4,179,51,45700,0,0
7983,68,28,5.1,144,31,11500,0,0
7984,33,90,17.4,131,86,29700,1,0
7985,37,47,21.7,123,68,34400,2,0
7986,18,61,4.4,130,23,12900,1,0
7987,33,20,6.1,98,19,11400,1,0
7988,23,71,54.0,502,101,95900,2,1
7989,50,32,31.3,192,82,51100,2,1
7990,49,51,6.4,104,33,12100,2,1
7991,54,55,31.5,195,55,55000,1,0
7992,59,72,23.3,186,76,39900,1,0
7993,55,25,19.8,187,60,34700,3,0
7994,67,20,6.6,108,45,14300,0,0
7995,31,44,58.9,450,137,102300,1,0
7996,47,94,6.9,98,29,14900,2,0
7997,57,85,34.7,796,157,72000,0,0
7998,57,30,4.6,80,11,11300,0,0
7999,20,35,5.3,86,30,11600,0,1
8000,45,31,4.1,143,31,10200,0,0
