age,revenu_mensuel,anciennete_emploi,type_contrat,montant_demande,duree_pret_mois,nb_credits_actuels,historique_credit,apport_personnel,situation_familiale,nb_personnes_charge,credit_accorde
23,261000,10.0,CDI,2100000,60,1,Bon,100000.0,Divorcé,0,1
49,222000,29.0,CDI,2480000,36,1,Mauvais,750000.0,Célibataire,1,1
55,510000,0.0,CDI,14680000,48,1,Mauvais,1140000.0,Célibataire,1,0
59,108000,26.0,CDI,3330000,12,1,Moyen,230000.0,Marié,0,0
38,310000,3.0,CDI,2000000,24,1,Bon,340000.0,Marié,2,1
40,80000,2.0,CDI,2970000,84,1,Bon,270000.0,Marié,2,0
63,224000,24.0,CDD,5460000,60,1,Moyen,1020000.0,Marié,1,1
43,144000,4.0,Fonctionnaire,3640000,36,2,Moyen,240000.0,Célibataire,3,0
54,359000,13.0,CDD,4410000,84,1,Bon,170000.0,Marié,1,1
53,201000,6.0,CDI,3370000,60,1,Bon,840000.0,Divorcé,2,1
30,537000,9.0,CDI,7330000,24,0,Bon,2220000.0,Marié,3,1
53,188000,7.0,CDI,7360000,24,1,Bon,930000.0,Divorcé,0,0
53,542000,7.0,CDD,9090000,24,2,Moyen,1220000.0,Célibataire,1,0
46,444000,13.0,Fonctionnaire,3910000,36,4,Moyen,300000.0,Célibataire,3,1
40,133000,23.0,Fonctionnaire,5100000,36,0,Mauvais,470000.0,Célibataire,0,0
35,286000,3.0,CDI,6780000,36,0,Moyen,2490000.0,Marié,0,0
57,511000,29.0,Indépendant,20330000,12,1,Mauvais,5690000.0,Marié,0,0
53,586000,16.0,CDD,9470000,36,0,Bon,3190000.0,Marié,2,1
37,350000,16.0,CDI,5250000,12,1,Bon,510000.0,Célibataire,1,0
25,218000,23.0,Indépendant,4400000,36,2,Moyen,1470000.0,Marié,1,1
24,506000,29.0,CDI,17940000,120,0,Moyen,1840000.0,Marié,1,1
23,224000,10.0,CDI,7630000,60,2,Bon,1040000.0,Célibataire,3,0
41,551000,22.0,CDI,10940000,24,0,Bon,3800000.0,Célibataire,2,1
60,217000,4.0,Indépendant,2450000,48,0,Bon,290000.0,Célibataire,2,1
23,504000,17.0,Indépendant,19020000,24,6,Bon,6310000.0,Marié,1,0
41,506000,23.0,CDI,10760000,36,0,Moyen,1260000.0,Marié,0,1
28,80000,26.0,Indépendant,3070000,12,2,Bon,420000.0,Marié,1,0
62,157000,24.0,CDD,1810000,120,2,Moyen,560000.0,Marié,0,1
56,152000,22.0,Fonctionnaire,790000,36,2,Bon,200000.0,Marié,0,1
49,224000,18.0,Indépendant,5930000,24,1,Bon,490000.0,Célibataire,2,0
59,488000,27.0,CDD,15770000,24,1,Moyen,5420000.0,Célibataire,2,0
54,386000,17.0,CDI,15040000,36,1,Mauvais,4840000.0,Divorcé,0,0
42,780000,17.0,CDD,11270000,84,2,Bon,4240000.0,Célibataire,3,1
51,559000,16.0,CDI,21380000,120,1,Moyen,6740000.0,Divorcé,3,1
48,87000,3.0,Fonctionnaire,1230000,84,0,Moyen,250000.0,Célibataire,1,1
55,324000,18.0,Indépendant,5380000,24,1,Bon,1180000.0,Marié,1,0
54,259000,26.0,CDD,5160000,48,2,Mauvais,510000.0,Marié,1,0
33,661000,10.0,Indépendant,4560000,24,0,Moyen,900000.0,Marié,2,1
61,420000,4.0,CDI,15190000,36,1,Bon,1530000.0,Marié,2,0
24,285000,24.0,CDD,9290000,24,2,Moyen,610000.0,Divorcé,2,0
63,304000,9.0,Indépendant,11290000,48,0,Bon,610000.0,Célibataire,0,0
26,787000,24.0,Fonctionnaire,30870000,24,0,Moyen,7500000.0,Marié,3,0
21,294000,27.0,CDD,7620000,36,2,Moyen,2990000.0,Célibataire,2,0
32,527000,7.0,Indépendant,19600000,60,3,Bon,6770000.0,Célibataire,0,1
55,392000,,CDI,6980000,36,0,Bon,1770000.0,Marié,2,1
31,302000,19.0,CDD,3660000,24,3,Bon,1040000.0,Célibataire,2,1
43,611000,29.0,CDI,8920000,36,2,Moyen,640000.0,Marié,2,1
34,209000,15.0,CDI,7770000,12,1,Moyen,2140000.0,Marié,2,0
39,208000,4.0,CDI,2970000,120,1,Bon,790000.0,Célibataire,0,1
57,218000,1.0,CDI,7200000,48,0,Bon,1500000.0,Marié,4,0
36,354000,16.0,Indépendant,13330000,12,0,Bon,4110000.0,Célibataire,1,0
64,334000,21.0,CDI,9060000,84,0,Bon,670000.0,Célibataire,2,1
48,509000,8.0,Indépendant,3830000,24,0,Bon,1050000.0,Marié,1,1
51,155000,3.0,Fonctionnaire,2010000,60,2,Mauvais,380000.0,Célibataire,1,0
27,412000,23.0,Fonctionnaire,11530000,84,0,Bon,3980000.0,Célibataire,1,1
47,480000,19.0,Fonctionnaire,17450000,36,0,Moyen,2960000.0,Célibataire,4,0
37,245000,22.0,Fonctionnaire,3560000,36,0,Bon,100000.0,Marié,0,1
27,477000,20.0,CDD,11540000,36,2,Moyen,2170000.0,Marié,2,1
35,484000,26.0,Indépendant,16470000,12,1,Bon,4800000.0,Célibataire,0,0
60,597000,3.0,CDI,6920000,48,0,Mauvais,2600000.0,Marié,2,1
32,144000,6.0,Fonctionnaire,2260000,84,1,Bon,280000.0,Marié,1,1
28,654000,0.0,CDI,9030000,120,1,Bon,280000.0,Célibataire,0,1
22,135000,10.0,Fonctionnaire,3160000,48,1,Bon,1090000.0,Célibataire,3,1
64,238000,4.0,Indépendant,4030000,48,1,Moyen,520000.0,Marié,0,0
58,347000,3.0,CDI,6300000,36,2,Bon,1500000.0,Marié,5,0
46,286000,4.0,CDI,10320000,60,0,Moyen,2180000.0,Célibataire,1,0
41,176000,16.0,CDD,2050000,24,0,Bon,660000.0,Marié,4,1
33,236000,19.0,CDI,6110000,84,1,Moyen,50000.0,Célibataire,0,1
39,695000,12.0,Indépendant,25810000,84,2,Bon,5650000.0,Marié,2,1
38,226000,20.0,Fonctionnaire,7380000,84,1,Moyen,1710000.0,Célibataire,0,1
22,557000,29.0,CDD,20370000,24,0,Mauvais,6570000.0,Marié,2,0
62,80000,10.0,Indépendant,2380000,60,3,Mauvais,620000.0,Célibataire,1,0
48,270000,3.0,CDI,3420000,120,1,Bon,1270000.0,Marié,2,1
43,950000,22.0,CDI,25310000,60,2,Moyen,950000.0,Célibataire,1,1
24,200000,28.0,CDD,5650000,36,3,Bon,1960000.0,Célibataire,2,0
24,211000,6.0,Indépendant,2900000,48,0,Bon,940000.0,Célibataire,3,1
32,133000,17.0,CDD,3810000,60,0,Moyen,630000.0,Marié,2,0
42,476000,20.0,CDI,18590000,24,1,Bon,2120000.0,Marié,0,0
46,453000,14.0,CDD,16510000,84,0,Mauvais,4740000.0,Divorcé,2,0
60,168000,17.0,Indépendant,5750000,84,2,Bon,1140000.0,Divorcé,0,1
62,907000,4.0,Indépendant,25890000,24,1,Moyen,4010000.0,Célibataire,4,0
55,392000,22.0,CDD,15630000,60,2,Bon,5700000.0,Marié,1,1
24,475000,22.0,Indépendant,10530000,84,0,Moyen,4130000.0,Marié,3,1
32,297000,17.0,CDD,10950000,120,3,Mauvais,2030000.0,Célibataire,1,0
24,641000,0.0,Indépendant,18550000,120,1,Moyen,4620000.0,Marié,1,1
51,225000,21.0,Indépendant,6850000,12,0,Bon,660000.0,Marié,1,0
27,482000,20.0,CDD,5620000,120,1,Mauvais,1840000.0,Marié,2,1
30,449000,26.0,CDI,14090000,120,0,Bon,1770000.0,Célibataire,1,1
44,115000,3.0,CDI,940000,12,4,Bon,70000.0,Divorcé,1,0
35,414000,21.0,CDD,14240000,60,1,Bon,2350000.0,Célibataire,2,1
59,213000,26.0,Fonctionnaire,4180000,24,1,Mauvais,600000.0,Célibataire,1,0
40,311000,1.0,CDD,5520000,24,1,Bon,1030000.0,Marié,1,0
27,103000,23.0,Indépendant,650000,120,1,Bon,140000.0,Marié,0,1
33,258000,9.0,Indépendant,1420000,36,1,Moyen,450000.0,Marié,3,1
48,280000,4.0,CDD,7010000,48,3,Bon,960000.0,Célibataire,3,0
59,383000,7.0,Fonctionnaire,9080000,84,2,Moyen,1590000.0,Célibataire,4,1
38,285000,10.0,CDD,6740000,84,1,Moyen,2670000.0,Marié,2,1
31,445000,28.0,CDD,9200000,60,1,Moyen,1930000.0,Marié,1,1
56,100000,6.0,CDI,690000,36,0,Bon,130000.0,Célibataire,2,1
56,94000,8.0,Indépendant,2830000,60,1,Bon,400000.0,Célibataire,0,0
22,1369000,27.0,CDI,10810000,36,2,Moyen,2530000.0,Célibataire,1,1
37,659000,6.0,CDI,10780000,120,2,Bon,130000.0,Marié,2,1
26,284000,20.0,CDI,9230000,48,1,Bon,2710000.0,Divorcé,2,1
61,116000,26.0,CDI,4420000,120,1,Bon,930000.0,Divorcé,2,1
43,177000,22.0,CDI,2210000,84,2,Moyen,530000.0,Célibataire,0,1
36,413000,15.0,Indépendant,14230000,12,0,Moyen,4640000.0,Marié,0,0
61,198000,5.0,CDI,3730000,60,0,Moyen,890000.0,Marié,1,1
46,195000,16.0,Indépendant,1040000,24,0,Mauvais,150000.0,Célibataire,1,0
21,447000,5.0,CDD,8150000,120,1,Moyen,1160000.0,Marié,3,1
56,600000,10.0,Indépendant,3440000,36,0,Mauvais,700000.0,Marié,1,1
50,649000,9.0,CDI,15760000,60,2,Mauvais,5640000.0,Marié,0,1
22,490000,13.0,Indépendant,8190000,24,0,Bon,,Célibataire,0,1
40,241000,11.0,CDD,4240000,24,1,Mauvais,1220000.0,Marié,3,0
25,336000,5.0,Indépendant,2630000,120,3,Bon,560000.0,Marié,1,1
51,395000,27.0,CDI,11260000,60,0,Bon,1380000.0,Marié,2,1
28,676000,24.0,Indépendant,5570000,12,5,Moyen,1520000.0,Célibataire,3,0
50,352000,6.0,CDI,9820000,60,1,Moyen,1990000.0,Marié,2,1
59,688000,7.0,CDD,22060000,84,3,Bon,3380000.0,Marié,3,1
22,1080000,2.0,Indépendant,27980000,36,1,Bon,4450000.0,Célibataire,2,1
33,381000,28.0,CDI,10560000,84,1,Mauvais,3090000.0,Célibataire,0,1
24,401000,,CDD,11220000,120,4,Mauvais,4380000.0,Célibataire,1,0
28,342000,14.0,CDI,11460000,120,1,Bon,330000.0,Marié,1,1
59,216000,8.0,CDD,2300000,60,3,Bon,890000.0,Célibataire,0,1
45,247000,10.0,CDI,4420000,120,2,Bon,540000.0,Célibataire,0,1
27,834000,0.0,CDI,24850000,48,2,Mauvais,1910000.0,Marié,0,1
34,233000,10.0,Indépendant,8970000,36,1,Mauvais,3040000.0,Célibataire,1,0
49,934000,23.0,CDI,28150000,48,1,Moyen,7620000.0,Célibataire,0,1
41,334000,0.0,CDD,12360000,120,0,Bon,2050000.0,Marié,1,1
57,322000,27.0,CDI,8750000,60,5,Mauvais,2700000.0,Divorcé,1,0
53,304000,17.0,Indépendant,3990000,120,2,Bon,300000.0,Célibataire,2,1
61,304000,28.0,CDI,5170000,36,0,Bon,1240000.0,Divorcé,1,1
45,487000,25.0,Indépendant,8850000,120,0,Mauvais,2780000.0,Marié,2,1
34,112000,,CDI,1650000,12,0,Moyen,120000.0,Marié,1,0
29,407000,24.0,CDI,3890000,12,1,Bon,290000.0,Célibataire,5,1
35,238000,20.0,CDI,6670000,12,1,Bon,1030000.0,Marié,0,0
27,420000,18.0,CDD,11080000,84,1,Bon,290000.0,Célibataire,0,1
22,203000,24.0,CDI,6180000,36,0,Bon,480000.0,Marié,0,1
51,283000,27.0,CDI,2140000,48,1,Moyen,600000.0,Célibataire,1,1
27,621000,12.0,CDD,15740000,84,2,Bon,2710000.0,Célibataire,1,1
61,377000,11.0,CDI,11350000,120,1,Bon,3730000.0,Célibataire,4,1
31,385000,12.0,CDD,3490000,60,0,Bon,360000.0,Marié,1,1
33,619000,14.0,CDI,11420000,24,1,Bon,4390000.0,Célibataire,1,1
33,673000,5.0,CDI,9700000,60,1,Moyen,770000.0,Célibataire,2,1
46,367000,23.0,CDI,12130000,60,1,Bon,3260000.0,Marié,1,1
63,641000,18.0,Fonctionnaire,23690000,120,1,Moyen,5580000.0,Marié,2,1
28,254000,24.0,Indépendant,4430000,60,2,Bon,1490000.0,Célibataire,0,1
34,687000,4.0,Indépendant,21800000,48,2,Mauvais,7010000.0,Marié,2,0
22,561000,26.0,CDI,17930000,84,0,Bon,2430000.0,Marié,1,1
62,184000,,Indépendant,6440000,36,0,Bon,1240000.0,Célibataire,0,0
35,239000,26.0,CDD,4680000,12,1,Bon,1310000.0,Marié,2,0
44,186000,8.0,CDI,3020000,48,3,Mauvais,200000.0,Marié,1,0
54,485000,22.0,CDD,4950000,24,0,Moyen,230000.0,Marié,3,1
24,386000,2.0,CDI,14390000,24,1,Moyen,4230000.0,Marié,0,0
38,473000,8.0,CDD,9700000,24,2,Bon,3190000.0,Divorcé,0,1
45,107000,10.0,CDD,550000,84,0,Bon,30000.0,Célibataire,3,1
44,411000,18.0,CDI,5190000,24,3,Bon,260000.0,Célibataire,2,1
26,159000,12.0,CDI,4860000,12,1,Bon,1400000.0,Célibataire,0,0
54,985000,14.0,CDI,36730000,24,0,Bon,8200000.0,Célibataire,4,1
58,128000,25.0,CDD,4400000,84,1,Bon,340000.0,Célibataire,2,1
23,94000,28.0,CDD,3410000,84,2,Bon,240000.0,Marié,1,1
39,1014000,0.0,CDD,24820000,120,1,Bon,7790000.0,Marié,2,1
56,149000,17.0,CDI,5860000,48,2,Bon,2000000.0,Divorcé,1,0
39,80000,17.0,Fonctionnaire,2560000,120,0,Mauvais,660000.0,Marié,3,0
48,279000,21.0,CDI,6640000,12,2,Bon,2300000.0,Marié,1,0
30,504000,18.0,CDI,10690000,24,0,Bon,670000.0,Divorcé,2,1
38,130000,5.0,CDI,700000,120,2,Bon,250000.0,Célibataire,1,1
24,203000,25.0,Fonctionnaire,4270000,36,0,Moyen,1690000.0,Marié,2,1
32,276000,19.0,CDI,1460000,60,3,Bon,,Célibataire,3,1
47,312000,3.0,CDD,5120000,24,4,Bon,550000.0,Célibataire,3,0
49,607000,5.0,Indépendant,11730000,48,0,Bon,3860000.0,Célibataire,1,1
32,278000,13.0,Fonctionnaire,10110000,24,1,Moyen,3790000.0,Célibataire,0,0
31,80000,14.0,Fonctionnaire,1730000,48,1,Bon,240000.0,Célibataire,0,1
24,700000,12.0,CDI,18920000,48,1,Bon,6970000.0,Divorcé,3,1
44,213000,13.0,Fonctionnaire,2040000,84,3,Bon,480000.0,Divorcé,3,1
46,247000,21.0,Fonctionnaire,4270000,60,0,Moyen,480000.0,Marié,0,1
48,191000,24.0,Indépendant,5830000,120,0,Bon,20000.0,Marié,1,1
24,243000,27.0,Indépendant,1390000,120,2,Moyen,480000.0,Célibataire,0,1
56,922000,11.0,CDD,24730000,36,1,Moyen,9220000.0,Marié,0,1
35,283000,11.0,CDD,9330000,12,2,Bon,2860000.0,Célibataire,3,0
42,335000,29.0,CDD,3880000,120,0,Bon,510000.0,Célibataire,3,1
44,429000,19.0,CDI,13780000,120,2,Bon,4720000.0,Célibataire,2,1
44,260000,19.0,Indépendant,3650000,36,1,Bon,520000.0,Divorcé,1,1
57,358000,7.0,CDI,13020000,36,1,Bon,980000.0,Marié,2,0
25,397000,9.0,CDD,15000000,120,0,Bon,2490000.0,Marié,1,1
26,396000,18.0,CDI,11480000,36,3,Bon,1500000.0,Marié,0,0
30,415000,29.0,CDI,13270000,84,2,Bon,3560000.0,Marié,3,1
23,80000,9.0,Fonctionnaire,3120000,60,0,Bon,640000.0,Marié,1,1
58,202000,28.0,Indépendant,4000000,84,1,Bon,1270000.0,Marié,1,1
54,270000,10.0,CDI,1920000,36,2,Moyen,10000.0,Divorcé,1,1
26,186000,21.0,CDI,2270000,24,2,Moyen,450000.0,Célibataire,3,0
30,194000,4.0,CDD,2150000,36,0,,440000.0,Marié,1,0
36,86000,3.0,CDI,3110000,48,1,Moyen,1130000.0,Célibataire,1,0
49,222000,6.0,CDI,5540000,12,3,Moyen,360000.0,Célibataire,0,0
23,606000,22.0,CDI,16320000,36,1,Bon,6220000.0,Marié,0,1
31,315000,0.0,CDD,5370000,60,1,Moyen,40000.0,Célibataire,1,1
57,328000,2.0,CDI,2860000,120,1,Mauvais,150000.0,Marié,4,0
24,147000,13.0,CDI,4860000,60,1,Moyen,890000.0,Marié,1,0
24,343000,5.0,CDI,8180000,120,2,Bon,,Marié,1,1
44,168000,12.0,Fonctionnaire,5440000,84,0,Bon,590000.0,Marié,0,1
48,298000,13.0,Indépendant,4020000,84,2,Bon,10000.0,Marié,3,1
55,334000,3.0,CDI,6780000,24,1,,730000.0,Célibataire,2,0
58,605000,23.0,Indépendant,21300000,84,1,Bon,700000.0,Marié,4,1
44,241000,2.0,CDD,8210000,12,1,Moyen,1860000.0,Célibataire,1,0
42,326000,26.0,Indépendant,6350000,12,0,Bon,150000.0,Marié,3,0
46,594000,15.0,CDI,12000000,24,0,Bon,4740000.0,Marié,1,1
38,357000,15.0,Indépendant,10420000,48,3,Moyen,2190000.0,Marié,0,0
23,856000,13.0,CDI,22870000,12,0,Moyen,2350000.0,Marié,2,0
31,80000,11.0,Fonctionnaire,2490000,60,1,Bon,990000.0,Marié,5,1
29,220000,14.0,Fonctionnaire,8430000,120,1,Mauvais,3090000.0,Marié,1,0
53,247000,3.0,Indépendant,2670000,12,2,Moyen,,Célibataire,2,0
46,161000,8.0,CDI,2280000,120,1,Mauvais,870000.0,Marié,2,0
56,733000,15.0,Indépendant,16100000,24,0,Bon,3840000.0,Célibataire,2,1
24,153000,26.0,Fonctionnaire,2610000,48,3,Mauvais,150000.0,Marié,2,0
22,341000,23.0,CDD,4140000,48,0,Bon,1350000.0,Marié,0,1
28,989000,6.0,Indépendant,29390000,48,0,Moyen,8550000.0,Marié,1,1
27,104000,9.0,CDI,860000,48,0,Bon,280000.0,Divorcé,3,1
56,243000,13.0,CDI,9270000,48,3,Bon,2880000.0,Célibataire,1,0
54,263000,7.0,CDI,9760000,120,2,,0.0,Célibataire,0,0
60,564000,19.0,CDD,13040000,60,4,Bon,2500000.0,Célibataire,2,1
39,119000,7.0,Indépendant,2410000,36,0,Mauvais,680000.0,Marié,1,0
49,327000,5.0,Indépendant,4110000,60,1,Bon,1180000.0,Célibataire,1,1
59,81000,8.0,CDI,2160000,12,1,Bon,470000.0,Célibataire,2,0
26,153000,28.0,CDD,4250000,120,1,Mauvais,290000.0,Célibataire,2,1
30,387000,21.0,CDD,11560000,84,3,Bon,1420000.0,Marié,2,1
61,173000,18.0,CDI,4060000,36,1,Bon,260000.0,Marié,1,1
62,328000,3.0,CDD,6750000,120,1,Bon,1110000.0,Marié,2,1
25,195000,16.0,CDI,2040000,60,0,Bon,710000.0,Divorcé,1,1
44,123000,9.0,CDD,3830000,48,2,Moyen,500000.0,Célibataire,0,0
61,208000,10.0,CDD,7160000,84,1,Bon,2010000.0,Divorcé,1,1
42,498000,18.0,Indépendant,6730000,36,2,Bon,270000.0,Marié,1,1
46,519000,21.0,Fonctionnaire,8330000,84,2,Bon,3020000.0,Marié,2,1
57,255000,17.0,Fonctionnaire,7690000,12,2,Bon,290000.0,Célibataire,2,0
49,210000,7.0,Indépendant,7540000,36,0,Moyen,680000.0,Célibataire,1,0
56,360000,24.0,CDI,5880000,36,2,Bon,700000.0,Célibataire,0,1
40,284000,10.0,Indépendant,5460000,24,0,Moyen,230000.0,Célibataire,3,0
38,166000,1.0,Indépendant,4250000,48,0,Bon,1250000.0,Marié,1,0
60,357000,8.0,CDI,5230000,60,1,Bon,1870000.0,Marié,3,1
61,191000,27.0,Indépendant,5610000,36,1,Mauvais,1440000.0,Marié,1,0
35,80000,13.0,CDI,2540000,60,0,Bon,460000.0,Célibataire,3,1
35,257000,9.0,Indépendant,6650000,48,0,Moyen,1840000.0,Marié,3,0
44,471000,9.0,CDI,9150000,24,0,Moyen,1430000.0,Divorcé,4,0
49,341000,25.0,CDI,2430000,84,3,Bon,,Marié,1,1
37,187000,9.0,CDI,5670000,60,0,Bon,2130000.0,Marié,2,1
45,400000,16.0,Indépendant,3280000,12,0,Moyen,190000.0,Marié,2,0
36,80000,2.0,Fonctionnaire,3090000,24,1,Moyen,790000.0,Marié,0,0
37,282000,5.0,CDI,6750000,84,1,Bon,2450000.0,Divorcé,1,1
41,172000,6.0,CDI,1710000,36,1,Bon,410000.0,Célibataire,0,1
64,470000,10.0,CDD,11020000,12,1,Mauvais,3720000.0,Marié,1,0
47,201000,16.0,CDI,5710000,60,2,Moyen,800000.0,Célibataire,0,1
25,80000,0.0,Indépendant,1150000,48,1,Bon,230000.0,Célibataire,3,0
42,145000,0.0,CDI,4810000,24,1,,200000.0,Célibataire,1,0
53,440000,21.0,Fonctionnaire,5860000,48,1,Bon,1450000.0,Marié,4,1
60,661000,8.0,CDI,21140000,120,1,Moyen,3840000.0,Marié,0,1
22,342000,3.0,Indépendant,5350000,48,1,Mauvais,280000.0,Célibataire,1,0
55,135000,4.0,CDD,3220000,60,1,Moyen,1100000.0,Marié,1,0
63,555000,27.0,CDI,12380000,120,4,,2870000.0,Marié,3,1
39,80000,4.0,Fonctionnaire,2170000,84,3,Bon,600000.0,Divorcé,0,1
60,145000,1.0,CDD,4410000,60,0,Bon,1740000.0,Célibataire,1,0
47,251000,10.0,Indépendant,8850000,84,4,Bon,290000.0,Célibataire,1,1
60,205000,10.0,CDD,3140000,120,0,,1060000.0,Marié,0,1
56,141000,8.0,CDI,5000000,36,1,Mauvais,1120000.0,Célibataire,2,0
59,583000,20.0,CDD,21840000,120,0,Bon,4970000.0,Célibataire,3,1
22,416000,8.0,Indépendant,3530000,12,0,Bon,270000.0,Marié,0,0
61,357000,25.0,Indépendant,1820000,24,1,Bon,650000.0,Célibataire,1,1
38,524000,4.0,CDI,18310000,120,1,Bon,1520000.0,Célibataire,2,1
43,208000,13.0,Fonctionnaire,7590000,12,2,Bon,1790000.0,Marié,1,0
46,181000,7.0,CDD,5900000,120,1,Moyen,1530000.0,Célibataire,2,0
31,497000,15.0,Indépendant,15940000,24,3,Bon,1990000.0,Marié,1,0
21,372000,2.0,CDI,4920000,24,1,Bon,,Marié,1,1
56,316000,5.0,CDI,7520000,84,1,Bon,870000.0,Marié,3,1
40,250000,4.0,CDI,6950000,84,1,Bon,2210000.0,Célibataire,4,1
51,122000,17.0,CDD,4480000,36,0,Mauvais,660000.0,Marié,3,0
28,337000,7.0,Fonctionnaire,4790000,120,0,Bon,590000.0,Marié,1,1
60,255000,6.0,CDI,1780000,120,4,Mauvais,230000.0,Célibataire,1,0
44,157000,13.0,CDI,2110000,120,1,Mauvais,420000.0,Célibataire,3,0
40,135000,22.0,CDI,3760000,12,0,Bon,920000.0,Marié,1,0
35,320000,25.0,Fonctionnaire,10260000,84,0,Bon,1820000.0,Marié,0,1
50,190000,20.0,Fonctionnaire,1230000,60,0,Bon,50000.0,Divorcé,2,1
40,362000,10.0,Fonctionnaire,14210000,12,2,Bon,700000.0,Célibataire,3,0
58,265000,29.0,CDD,7250000,120,3,Bon,990000.0,Célibataire,0,1
22,725000,9.0,Indépendant,10160000,60,1,Moyen,2030000.0,Marié,4,1
26,88000,11.0,Indépendant,2460000,12,0,Bon,880000.0,Célibataire,2,0
62,147000,7.0,Indépendant,4930000,60,2,Mauvais,510000.0,Marié,5,0
38,397000,5.0,Indépendant,4140000,120,1,Bon,970000.0,Célibataire,0,1
56,296000,15.0,Indépendant,7750000,48,1,Bon,320000.0,Célibataire,1,1
34,285000,2.0,CDI,2450000,120,1,Mauvais,650000.0,Marié,0,1
46,309000,20.0,CDI,8960000,24,1,Mauvais,2100000.0,Célibataire,2,0
54,198000,3.0,CDD,6860000,60,0,Moyen,1820000.0,Célibataire,2,0
50,577000,9.0,Indépendant,6630000,36,1,Moyen,1140000.0,Marié,0,1
27,460000,25.0,CDD,12390000,48,0,Bon,2540000.0,Marié,1,1
50,421000,9.0,CDD,7930000,120,0,Moyen,1420000.0,Marié,2,1
38,452000,7.0,Indépendant,4720000,36,1,Bon,1280000.0,Célibataire,0,1
42,121000,20.0,Indépendant,850000,120,1,Bon,230000.0,Célibataire,1,1
37,468000,2.0,CDD,11880000,24,1,Bon,2940000.0,Célibataire,1,0
51,184000,,Indépendant,4360000,12,1,Moyen,1610000.0,Célibataire,1,0
37,192000,,CDD,1030000,48,0,Bon,400000.0,Marié,2,1
51,462000,24.0,CDD,5340000,84,0,Bon,1040000.0,Marié,2,1
33,272000,5.0,Fonctionnaire,9670000,120,1,Moyen,2930000.0,Marié,2,1
47,688000,16.0,CDD,14340000,84,1,Moyen,5660000.0,Marié,0,1
40,233000,22.0,CDI,4230000,12,3,Moyen,950000.0,Marié,2,0
37,717000,0.0,CDI,15730000,84,2,Moyen,3790000.0,Marié,2,1
49,203000,27.0,Indépendant,5300000,48,1,Bon,1060000.0,Marié,1,1
59,349000,6.0,Indépendant,2710000,84,0,Bon,440000.0,Célibataire,1,1
55,208000,28.0,Indépendant,6500000,60,2,Bon,1660000.0,Marié,2,1
28,493000,13.0,Fonctionnaire,14740000,120,3,Moyen,990000.0,Célibataire,3,1
63,203000,20.0,CDI,4030000,12,0,Moyen,1270000.0,Célibataire,1,0
58,293000,4.0,CDD,3150000,60,0,,920000.0,Marié,1,1
35,347000,16.0,CDI,6030000,60,3,Bon,1160000.0,Marié,0,1
21,117000,12.0,CDD,2920000,36,1,Bon,150000.0,Célibataire,2,0
53,604000,,Indépendant,6550000,120,0,Bon,500000.0,Marié,2,1
23,103000,3.0,Fonctionnaire,2790000,48,2,Moyen,800000.0,Célibataire,4,0
59,380000,0.0,CDI,6830000,48,0,Bon,2620000.0,Marié,2,1
58,466000,14.0,Fonctionnaire,16380000,84,1,Bon,1540000.0,Célibataire,1,1
35,375000,26.0,Indépendant,10870000,60,0,Bon,4270000.0,Célibataire,1,1
62,265000,7.0,CDI,5920000,36,1,Moyen,680000.0,Marié,1,0
38,311000,25.0,Fonctionnaire,5260000,60,0,Bon,1990000.0,Célibataire,1,1
58,256000,26.0,Fonctionnaire,9100000,60,2,,830000.0,Marié,1,1
51,535000,9.0,Fonctionnaire,3020000,24,2,Bon,630000.0,Marié,2,1
40,286000,21.0,Fonctionnaire,8050000,84,2,Moyen,740000.0,Marié,1,1
27,315000,17.0,CDD,12440000,12,0,Bon,4230000.0,Marié,2,0
57,368000,23.0,Fonctionnaire,2870000,60,0,Moyen,290000.0,Marié,0,1
47,667000,29.0,CDI,6490000,24,0,Bon,1210000.0,Divorcé,1,1
28,115000,1.0,CDI,1310000,36,1,Moyen,140000.0,Célibataire,1,0
34,375000,10.0,CDD,8080000,84,1,Mauvais,1840000.0,Marié,2,1
35,243000,10.0,Fonctionnaire,5770000,36,2,Mauvais,1760000.0,Marié,3,0
27,300000,6.0,Indépendant,6120000,12,1,Bon,1670000.0,Marié,2,0
53,262000,,Fonctionnaire,7560000,48,2,Moyen,2850000.0,Divorcé,0,1
54,423000,14.0,CDI,10980000,48,0,Moyen,1610000.0,Marié,2,1
24,156000,12.0,CDI,830000,36,0,Bon,280000.0,Divorcé,0,1
21,395000,1.0,Fonctionnaire,14420000,60,2,Moyen,4670000.0,Marié,1,0
61,146000,1.0,CDD,4870000,48,1,Bon,1680000.0,Marié,3,0
34,80000,16.0,Fonctionnaire,1120000,48,3,Mauvais,210000.0,Célibataire,2,0
51,530000,15.0,CDI,10710000,60,1,Mauvais,3360000.0,Célibataire,3,1
58,541000,6.0,CDI,16230000,120,4,Bon,5350000.0,Marié,2,1
40,236000,20.0,CDD,7360000,36,1,Moyen,800000.0,Marié,0,0
23,1327000,23.0,Indépendant,44050000,36,1,Bon,12270000.0,Marié,2,1
55,296000,13.0,Fonctionnaire,10030000,12,2,Mauvais,2030000.0,Marié,2,0
53,312000,,CDI,5190000,60,3,Bon,660000.0,Marié,1,1
35,281000,23.0,CDI,10320000,60,2,Bon,1600000.0,Divorcé,1,1
23,227000,11.0,Fonctionnaire,8780000,48,2,Moyen,2470000.0,Marié,0,0
48,391000,28.0,Fonctionnaire,12950000,48,0,Mauvais,2740000.0,Marié,1,1
47,190000,10.0,CDD,1700000,48,4,Moyen,200000.0,Divorcé,1,0
53,904000,0.0,CDD,11660000,60,2,Bon,4500000.0,Marié,3,1
39,302000,20.0,CDI,7410000,120,0,Moyen,2050000.0,Marié,3,1
53,277000,10.0,CDD,10550000,84,0,Bon,4150000.0,Marié,2,1
51,769000,6.0,Fonctionnaire,11680000,24,0,Bon,2310000.0,Célibataire,1,1
24,747000,18.0,Fonctionnaire,23010000,12,1,Bon,4420000.0,Célibataire,1,0
52,218000,,Fonctionnaire,2930000,60,1,Mauvais,180000.0,Célibataire,2,1
62,135000,26.0,CDI,1340000,60,1,Bon,280000.0,Célibataire,1,1
48,304000,16.0,Indépendant,4020000,48,1,Bon,50000.0,Divorcé,2,1
36,395000,8.0,Indépendant,3160000,48,1,Moyen,200000.0,Marié,2,1
63,209000,1.0,CDI,1640000,36,1,Bon,30000.0,Célibataire,2,1
48,250000,3.0,Indépendant,4070000,36,1,Mauvais,780000.0,Marié,0,0
35,277000,15.0,CDD,5070000,24,1,Moyen,1030000.0,Divorcé,1,0
42,601000,22.0,CDI,22020000,24,1,Moyen,6040000.0,Célibataire,2,0
51,164000,4.0,CDD,2270000,36,3,Mauvais,370000.0,Célibataire,1,0
41,760000,25.0,CDD,15800000,84,1,Moyen,2420000.0,Marié,2,1
52,103000,24.0,Indépendant,2340000,84,2,Moyen,770000.0,Marié,1,0
27,690000,23.0,CDD,25660000,120,2,Moyen,4240000.0,Marié,3,1
53,80000,23.0,CDD,850000,48,0,Bon,100000.0,Marié,0,1
28,233000,27.0,CDD,5460000,60,1,Mauvais,800000.0,Marié,1,0
34,108000,1.0,Indépendant,1450000,12,3,Moyen,200000.0,Marié,1,0
45,263000,18.0,Indépendant,9160000,24,0,Bon,470000.0,Célibataire,1,0
52,413000,12.0,Indépendant,13730000,84,1,Moyen,1400000.0,Célibataire,0,1
48,239000,0.0,Indépendant,5530000,36,1,Mauvais,1220000.0,Marié,1,0
22,544000,7.0,CDD,5690000,48,1,Moyen,1170000.0,Divorcé,1,1
37,257000,2.0,Fonctionnaire,6410000,120,2,Bon,2490000.0,Marié,2,1
47,280000,23.0,CDI,8530000,60,6,Bon,1460000.0,Marié,3,0
22,615000,6.0,CDI,20110000,120,2,Bon,3610000.0,Marié,2,1
28,259000,6.0,CDD,9140000,36,0,Bon,2040000.0,Marié,0,0
58,231000,6.0,CDD,3910000,36,3,Moyen,220000.0,Célibataire,3,0
40,150000,22.0,CDD,1750000,12,2,Bon,150000.0,Marié,1,0
57,319000,0.0,CDI,2140000,120,1,Moyen,400000.0,Marié,3,1
41,139000,10.0,CDI,1070000,48,3,Bon,330000.0,Marié,1,1
46,436000,9.0,CDI,7260000,48,2,Bon,20000.0,Célibataire,2,1
51,479000,12.0,CDI,16050000,48,3,Bon,4250000.0,Célibataire,1,1
40,175000,18.0,CDD,5710000,120,1,Bon,710000.0,Célibataire,1,1
26,224000,20.0,Fonctionnaire,8720000,60,0,Moyen,3410000.0,Marié,2,1
35,198000,3.0,Fonctionnaire,5810000,60,0,Bon,980000.0,Célibataire,1,1
21,396000,16.0,Fonctionnaire,14670000,60,2,Moyen,4460000.0,Marié,2,0
46,428000,28.0,Fonctionnaire,13660000,84,2,Bon,5060000.0,Marié,1,1
49,193000,2.0,CDI,4650000,24,3,Bon,340000.0,Marié,4,0
22,254000,22.0,Indépendant,4330000,12,0,Bon,1480000.0,Marié,2,0
42,176000,19.0,Indépendant,1990000,24,0,Mauvais,560000.0,Célibataire,3,0
49,301000,23.0,CDI,3150000,24,0,Bon,190000.0,Marié,0,1
29,293000,10.0,CDI,10240000,60,0,Bon,4020000.0,Marié,1,1
61,391000,21.0,CDD,12570000,36,2,Bon,1900000.0,Célibataire,1,0
41,405000,1.0,CDD,3840000,60,0,Bon,560000.0,Célibataire,1,1
52,309000,13.0,Indépendant,3280000,84,2,Bon,260000.0,Marié,1,1
52,535000,15.0,Fonctionnaire,16590000,48,2,Mauvais,330000.0,Marié,0,0
64,349000,24.0,CDD,9540000,48,1,Bon,3060000.0,Marié,3,1
60,505000,0.0,CDD,5340000,48,0,Bon,840000.0,Célibataire,0,1
46,358000,11.0,CDI,13560000,36,1,Bon,2520000.0,Célibataire,0,0
33,178000,13.0,CDI,1130000,36,0,Moyen,60000.0,Marié,0,1
23,295000,10.0,Indépendant,4940000,60,1,Moyen,1130000.0,Célibataire,3,1
52,309000,21.0,CDD,8440000,12,1,Bon,1400000.0,Marié,4,0
53,247000,12.0,CDI,9490000,48,1,Bon,1970000.0,Marié,1,0
53,728000,18.0,CDI,16500000,12,3,Mauvais,2500000.0,Célibataire,0,0
62,117000,7.0,CDI,2930000,36,0,Bon,290000.0,Marié,0,0
62,423000,27.0,Indépendant,15740000,12,0,Bon,4150000.0,Marié,1,0
33,280000,25.0,CDI,5400000,48,2,Bon,950000.0,Marié,1,1
63,297000,10.0,CDI,11520000,24,2,Bon,3020000.0,Célibataire,4,0
26,739000,27.0,CDI,16390000,12,2,Bon,3240000.0,Marié,1,0
24,336000,22.0,Indépendant,6650000,24,1,Moyen,1530000.0,Célibataire,3,0
58,549000,7.0,CDD,20790000,84,1,Moyen,7290000.0,Divorcé,1,1
26,496000,11.0,CDI,15270000,48,0,Bon,5790000.0,Marié,1,1
23,247000,16.0,Fonctionnaire,9450000,84,0,Moyen,2950000.0,Marié,0,1
47,165000,22.0,CDD,5320000,12,2,Bon,1540000.0,Marié,0,0
60,415000,11.0,CDI,3500000,120,0,Moyen,860000.0,Marié,2,1
40,472000,,Indépendant,14520000,12,1,Mauvais,1440000.0,Divorcé,0,0
38,342000,9.0,CDI,5530000,60,2,Moyen,950000.0,Divorcé,2,1
40,633000,26.0,CDD,20180000,12,2,Bon,6760000.0,Marié,3,0
50,134000,11.0,CDD,950000,12,2,Moyen,330000.0,Marié,2,0
30,624000,3.0,Indépendant,9630000,36,0,Bon,1920000.0,Marié,0,1
43,261000,14.0,CDI,1440000,48,2,Mauvais,490000.0,Marié,1,1
23,140000,8.0,CDI,920000,120,1,Bon,130000.0,Célibataire,2,1
29,105000,11.0,CDI,1500000,84,1,Moyen,10000.0,Marié,2,1
39,229000,22.0,CDD,7220000,48,1,Moyen,250000.0,Célibataire,3,0
56,217000,16.0,Indépendant,7740000,48,0,Bon,2930000.0,Marié,2,0
60,457000,9.0,CDD,5460000,24,0,Moyen,1500000.0,Marié,2,1
47,378000,6.0,CDI,5800000,84,0,Moyen,2220000.0,Célibataire,0,1
62,436000,24.0,Indépendant,12340000,12,2,Moyen,910000.0,Marié,1,0
48,243000,2.0,Indépendant,1640000,60,0,Bon,90000.0,Célibataire,5,1
63,245000,22.0,CDD,3760000,24,0,Mauvais,1340000.0,Marié,2,0
28,496000,3.0,Indépendant,6670000,84,1,Bon,980000.0,Célibataire,1,1
62,169000,10.0,CDI,2100000,60,1,Moyen,310000.0,Célibataire,2,1
28,80000,6.0,CDI,3180000,48,3,Bon,0.0,Marié,2,0
38,216000,19.0,CDD,5590000,84,1,Bon,,Marié,0,1
41,107000,6.0,CDD,2880000,36,2,Moyen,600000.0,Célibataire,3,0
33,667000,14.0,CDI,21350000,36,0,Moyen,3870000.0,Célibataire,3,0
47,662000,0.0,CDD,14820000,84,2,Mauvais,4600000.0,Célibataire,1,1
60,321000,9.0,CDD,1690000,84,1,Bon,10000.0,Marié,3,1
36,138000,10.0,CDI,2850000,24,0,Bon,760000.0,Divorcé,0,0
60,190000,15.0,Indépendant,1310000,120,0,Mauvais,250000.0,Marié,2,1
29,339000,25.0,CDD,6930000,12,0,Moyen,2450000.0,Marié,4,0
47,294000,0.0,Fonctionnaire,3150000,60,0,Bon,130000.0,Marié,0,1
37,182000,13.0,CDD,6510000,24,4,Bon,10000.0,Marié,1,0
23,366000,23.0,CDI,8590000,36,2,Bon,1780000.0,Marié,2,1
24,285000,12.0,CDI,9160000,36,1,Moyen,2710000.0,Célibataire,1,0
60,544000,2.0,Indépendant,15860000,24,0,Bon,5590000.0,Marié,2,0
21,554000,14.0,Indépendant,14770000,48,0,Bon,5170000.0,Célibataire,1,1
34,561000,1.0,CDD,21110000,12,2,Bon,5500000.0,Célibataire,1,0
28,112000,1.0,CDI,970000,120,2,Moyen,280000.0,Célibataire,1,1
27,130000,21.0,Indépendant,4710000,36,2,Bon,1550000.0,Célibataire,2,0
50,318000,21.0,CDI,12060000,12,1,Moyen,750000.0,Marié,3,0
45,130000,5.0,CDI,670000,120,1,Bon,200000.0,Célibataire,1,1
59,437000,24.0,Indépendant,11010000,24,1,Mauvais,710000.0,Marié,3,0
36,222000,0.0,Fonctionnaire,1930000,12,0,Bon,30000.0,Divorcé,2,0
31,864000,3.0,Fonctionnaire,17450000,12,1,Moyen,1970000.0,Marié,1,0
45,145000,8.0,CDD,4960000,60,2,Bon,930000.0,Célibataire,1,0
53,295000,29.0,CDD,3360000,84,4,Bon,840000.0,Divorcé,2,1
41,220000,14.0,Indépendant,3700000,60,1,Moyen,40000.0,Marié,1,1
30,335000,27.0,Indépendant,11850000,12,0,Bon,1120000.0,Célibataire,0,0
29,754000,18.0,CDI,5850000,120,0,Bon,1090000.0,Célibataire,3,1
21,470000,20.0,Indépendant,4550000,120,1,,1530000.0,Célibataire,1,1
54,373000,28.0,CDD,5350000,120,2,Bon,1050000.0,Marié,2,1
51,384000,23.0,CDD,9260000,24,0,Moyen,1920000.0,Célibataire,3,0
41,383000,23.0,Indépendant,4400000,84,4,Bon,150000.0,Célibataire,1,1
44,389000,26.0,CDI,12680000,48,1,Moyen,3100000.0,Célibataire,2,1
39,615000,25.0,CDI,15270000,24,0,Bon,600000.0,Marié,2,1
41,322000,28.0,CDD,5060000,48,1,Bon,1900000.0,Marié,3,1
45,583000,16.0,CDI,18080000,12,2,Bon,2410000.0,Célibataire,1,0
40,193000,14.0,Fonctionnaire,1540000,24,3,Bon,10000.0,Célibataire,4,1
46,360000,16.0,CDD,8790000,36,0,Bon,3120000.0,Marié,2,1
27,218000,13.0,Indépendant,4120000,24,0,Moyen,250000.0,Marié,5,0
23,85000,5.0,CDI,1480000,24,1,Mauvais,50000.0,Marié,4,0
60,80000,22.0,CDD,1230000,120,0,Bon,480000.0,Marié,0,1
28,417000,1.0,CDD,8160000,12,4,Moyen,780000.0,Marié,0,0
50,221000,29.0,CDI,4500000,48,0,Moyen,750000.0,Divorcé,2,1
31,259000,16.0,CDD,8220000,84,2,Mauvais,1210000.0,Marié,1,0
28,101000,,CDD,2540000,24,0,Bon,490000.0,Divorcé,3,0
57,612000,18.0,CDI,5030000,48,0,Bon,1350000.0,Marié,2,1
37,154000,8.0,CDI,6130000,60,0,Mauvais,2390000.0,Marié,1,0
28,367000,1.0,CDD,13010000,60,0,Bon,3840000.0,Marié,1,1
64,526000,27.0,Fonctionnaire,17580000,84,1,Bon,4220000.0,Marié,5,1
50,441000,19.0,CDI,8430000,24,0,Bon,1770000.0,Célibataire,1,1
63,498000,,CDD,12250000,48,1,Bon,1060000.0,Divorcé,2,1
63,785000,4.0,CDD,19300000,48,0,Bon,7710000.0,Marié,3,1
36,268000,27.0,CDI,4020000,84,0,Bon,320000.0,Marié,2,1
24,151000,6.0,CDI,4310000,48,0,Moyen,1340000.0,Célibataire,0,0
41,463000,18.0,CDI,14490000,12,0,Bon,4050000.0,Marié,1,0
54,117000,19.0,Fonctionnaire,2750000,120,0,Bon,590000.0,Marié,0,1
60,459000,29.0,Indépendant,13300000,60,1,Bon,2720000.0,Célibataire,0,1
55,299000,7.0,Fonctionnaire,10130000,36,1,Moyen,470000.0,Célibataire,2,0
33,346000,7.0,CDI,4450000,120,2,Moyen,540000.0,Célibataire,1,1
63,440000,25.0,CDD,11390000,120,2,Bon,760000.0,Marié,3,1
47,307000,22.0,Indépendant,5850000,36,2,Mauvais,780000.0,Marié,1,0
28,234000,8.0,Indépendant,2090000,12,3,Bon,660000.0,Célibataire,1,0
61,735000,1.0,CDD,21500000,120,0,Mauvais,5140000.0,Marié,2,1
62,372000,25.0,CDD,6380000,84,1,Bon,2410000.0,Célibataire,1,1
49,489000,4.0,CDI,10190000,24,1,Moyen,90000.0,Célibataire,1,0
36,252000,21.0,CDD,9260000,48,1,Mauvais,1810000.0,Marié,2,0
63,232000,16.0,CDD,8630000,36,0,Bon,3400000.0,Célibataire,0,0
25,639000,12.0,CDD,21410000,84,2,Moyen,6690000.0,Marié,2,1
57,733000,8.0,Indépendant,27430000,36,0,Bon,4310000.0,Célibataire,2,0
60,425000,11.0,Indépendant,15870000,36,1,Bon,5070000.0,Célibataire,2,0
60,448000,7.0,Indépendant,17810000,60,1,Bon,4720000.0,Marié,1,1
62,144000,12.0,CDI,4970000,12,1,Mauvais,360000.0,Célibataire,0,0
30,335000,3.0,Fonctionnaire,9490000,60,4,Bon,1740000.0,Marié,1,0
35,197000,1.0,CDD,2140000,48,0,Moyen,630000.0,Marié,0,1
41,407000,26.0,Fonctionnaire,8870000,12,3,Moyen,880000.0,Marié,0,0
54,464000,10.0,CDD,8380000,120,0,Bon,1660000.0,Marié,2,1
42,535000,26.0,Indépendant,16080000,36,2,Mauvais,2130000.0,Marié,1,0
42,315000,21.0,Indépendant,9100000,36,0,Bon,1200000.0,Marié,0,1
29,187000,19.0,CDI,6590000,24,1,Bon,1520000.0,Célibataire,1,0
46,878000,,CDD,18220000,12,2,Moyen,7040000.0,Divorcé,1,0
33,898000,14.0,Indépendant,21870000,84,1,Moyen,7660000.0,Célibataire,1,1
38,265000,16.0,Indépendant,7490000,36,2,Bon,800000.0,Célibataire,3,0
21,148000,0.0,CDD,4570000,12,2,Bon,1170000.0,Célibataire,4,0
43,619000,21.0,Indépendant,23500000,24,1,Bon,4830000.0,Célibataire,1,0
53,147000,,CDI,3600000,84,1,Bon,610000.0,Célibataire,0,1
51,281000,21.0,CDI,3110000,60,2,Bon,690000.0,Célibataire,1,1
41,468000,2.0,CDD,15950000,60,2,Mauvais,1200000.0,Célibataire,0,0
43,195000,29.0,Fonctionnaire,2830000,48,3,Mauvais,1030000.0,Marié,3,0
36,346000,19.0,CDD,10270000,24,1,Bon,2960000.0,Célibataire,1,0
47,372000,17.0,CDI,11160000,60,2,Bon,3680000.0,Marié,3,1
57,264000,3.0,Indépendant,5620000,120,3,Bon,720000.0,Célibataire,0,1
58,400000,6.0,CDI,8820000,60,4,Bon,2990000.0,Marié,1,1
34,143000,10.0,CDD,3090000,12,3,Moyen,1080000.0,Célibataire,3,0
57,300000,14.0,CDI,5690000,84,0,Bon,1520000.0,Marié,3,1
27,184000,8.0,Indépendant,3260000,36,1,Moyen,1120000.0,Célibataire,1,0
32,319000,14.0,CDD,4730000,24,1,Bon,1520000.0,Marié,2,1
48,154000,26.0,CDD,3560000,12,1,Bon,1290000.0,Marié,2,0
23,86000,29.0,CDI,1060000,60,2,Bon,260000.0,Célibataire,0,1
42,233000,6.0,Fonctionnaire,7060000,120,1,Bon,1840000.0,Marié,1,1
41,308000,9.0,Indépendant,5870000,120,0,Mauvais,430000.0,Marié,1,0
49,328000,4.0,Indépendant,10970000,36,1,Bon,2290000.0,Marié,0,0
40,259000,28.0,CDI,2540000,24,0,Moyen,480000.0,Célibataire,1,1
23,266000,11.0,CDD,10260000,24,1,Bon,1780000.0,Marié,1,0
47,249000,26.0,Indépendant,8510000,48,0,Bon,520000.0,Célibataire,2,1
41,236000,6.0,CDI,9150000,120,1,Moyen,2850000.0,Divorcé,1,1
61,633000,29.0,CDI,21860000,84,1,Bon,1420000.0,Marié,0,1
53,388000,4.0,Indépendant,4990000,12,0,Moyen,1410000.0,Marié,0,0
50,89000,10.0,CDI,1780000,36,1,Bon,530000.0,Célibataire,0,1
59,418000,2.0,CDI,13360000,36,1,Moyen,2600000.0,Divorcé,0,0
61,296000,26.0,CDD,10490000,24,1,Moyen,3640000.0,Marié,1,0
29,190000,19.0,Indépendant,5640000,120,0,Mauvais,810000.0,Marié,2,1
58,248000,5.0,CDI,5850000,48,2,Moyen,200000.0,Divorcé,2,0
43,630000,14.0,CDI,15830000,120,1,Bon,4490000.0,Célibataire,1,1
43,681000,16.0,CDD,10080000,60,1,Moyen,3180000.0,Célibataire,3,1
21,395000,6.0,Fonctionnaire,8050000,60,0,Mauvais,710000.0,Célibataire,2,1
41,561000,9.0,CDD,20170000,48,0,Moyen,2240000.0,Célibataire,2,1
52,327000,5.0,CDI,3560000,84,0,Bon,880000.0,Marié,0,1
46,183000,2.0,CDI,1150000,24,1,Mauvais,330000.0,Marié,0,0
53,222000,27.0,CDI,3680000,60,1,Bon,690000.0,Célibataire,2,1
29,349000,20.0,CDI,3040000,12,2,Moyen,950000.0,Marié,0,0
37,240000,12.0,Indépendant,5590000,84,0,Bon,2120000.0,Marié,0,1
26,324000,7.0,Indépendant,6430000,24,0,Bon,2450000.0,Célibataire,0,0
27,593000,1.0,CDD,7510000,24,0,Bon,470000.0,Divorcé,2,1
27,357000,1.0,Indépendant,9540000,36,1,Bon,2980000.0,Célibataire,1,0
57,326000,4.0,Indépendant,5940000,12,0,Mauvais,790000.0,Marié,2,0
25,385000,,CDD,11740000,12,1,Bon,1890000.0,Marié,1,0
53,304000,7.0,CDD,11480000,48,0,Bon,2830000.0,Marié,2,0
30,822000,3.0,CDD,7430000,36,0,Moyen,2090000.0,Marié,4,1
37,497000,25.0,CDI,7960000,24,1,Bon,3070000.0,Marié,3,1
60,186000,1.0,CDI,3600000,60,1,Bon,680000.0,Marié,1,1
48,821000,0.0,CDD,14230000,60,0,Bon,940000.0,Divorcé,0,1
42,477000,13.0,CDI,17930000,24,2,Bon,580000.0,Divorcé,0,0
41,163000,27.0,Fonctionnaire,4110000,120,0,Moyen,930000.0,Marié,0,1
52,301000,21.0,Indépendant,6190000,36,0,Bon,1080000.0,Divorcé,1,1
52,153000,10.0,Fonctionnaire,4940000,12,2,Moyen,810000.0,Célibataire,2,0
56,80000,0.0,CDD,2540000,60,2,Bon,10000.0,Célibataire,4,0
51,439000,2.0,Fonctionnaire,16590000,48,5,Moyen,1340000.0,Marié,1,0
26,111000,11.0,CDI,3290000,48,2,Bon,1280000.0,Célibataire,6,0
41,451000,8.0,Indépendant,10590000,36,2,Bon,2680000.0,Célibataire,0,1
55,258000,26.0,CDI,7560000,84,0,Mauvais,1000000.0,Célibataire,2,1
34,390000,6.0,CDD,1970000,12,1,Mauvais,70000.0,Marié,0,0
43,534000,,Indépendant,20970000,12,4,Moyen,3060000.0,Célibataire,2,0
62,335000,7.0,Fonctionnaire,1740000,12,2,Bon,530000.0,Marié,3,1
44,232000,23.0,CDI,8130000,12,2,Bon,2300000.0,Marié,3,0
50,271000,18.0,Fonctionnaire,6610000,120,0,Bon,2430000.0,Marié,1,1
30,312000,11.0,CDD,6360000,12,2,Moyen,350000.0,Marié,3,0
25,447000,20.0,CDI,15770000,84,1,,4270000.0,Marié,1,1
62,309000,29.0,Indépendant,12120000,36,1,Bon,1940000.0,Célibataire,1,0
50,349000,14.0,CDI,2400000,24,1,Bon,280000.0,Marié,0,1
27,494000,5.0,CDI,18540000,120,2,Bon,3650000.0,Marié,0,1
26,696000,3.0,Indépendant,4600000,60,1,Moyen,150000.0,Célibataire,1,1
28,106000,14.0,CDI,1870000,24,2,Mauvais,470000.0,Célibataire,1,0
46,281000,26.0,Indépendant,2870000,36,3,Moyen,310000.0,Divorcé,2,1
38,187000,1.0,CDD,3740000,12,1,Mauvais,1130000.0,Célibataire,2,0
56,669000,6.0,CDI,6420000,60,1,Moyen,340000.0,Célibataire,1,1
46,220000,10.0,CDD,5870000,36,1,Moyen,1690000.0,Marié,3,0
56,84000,5.0,CDI,2330000,48,1,Bon,320000.0,Divorcé,2,0
61,207000,5.0,CDD,4160000,48,2,Mauvais,1500000.0,Célibataire,1,0
24,386000,26.0,Fonctionnaire,12650000,36,0,Mauvais,5040000.0,Célibataire,1,0
33,497000,21.0,Indépendant,8400000,60,0,Bon,2270000.0,Célibataire,0,1
44,524000,28.0,Fonctionnaire,7020000,24,2,Moyen,860000.0,Marié,2,1
51,375000,15.0,CDI,9970000,120,1,Mauvais,1060000.0,Célibataire,3,1
42,125000,12.0,Fonctionnaire,2420000,12,1,Bon,60000.0,Marié,1,0
60,285000,16.0,CDD,7830000,36,3,Bon,2320000.0,Marié,0,1
38,259000,27.0,Indépendant,6600000,84,3,Moyen,380000.0,Marié,4,0
54,514000,13.0,CDI,9680000,12,0,Bon,200000.0,Divorcé,3,0
43,470000,6.0,CDD,11560000,84,1,Bon,1580000.0,Célibataire,0,1
59,332000,11.0,CDI,12780000,120,1,Moyen,4180000.0,Marié,1,1
57,575000,5.0,CDD,13080000,84,1,Bon,430000.0,Divorcé,1,1
21,346000,8.0,CDI,2190000,48,3,Bon,820000.0,Célibataire,1,1
62,224000,21.0,CDI,4850000,24,0,Moyen,1350000.0,Marié,2,0
40,151000,22.0,Indépendant,2700000,12,0,Mauvais,870000.0,Divorcé,0,0
45,233000,7.0,Indépendant,7010000,36,0,Moyen,600000.0,Marié,0,0
26,228000,14.0,CDD,5790000,12,5,Mauvais,630000.0,Divorcé,0,0
50,753000,0.0,CDD,10260000,48,2,Bon,150000.0,Célibataire,1,1
40,147000,17.0,Indépendant,3750000,60,3,Bon,1180000.0,Célibataire,3,0
29,929000,27.0,CDI,34440000,36,0,Bon,,Marié,0,1
38,301000,19.0,Indépendant,2560000,48,1,Bon,990000.0,Marié,1,1
60,80000,26.0,Indépendant,1230000,84,4,Bon,270000.0,Marié,2,1
23,351000,16.0,Indépendant,11870000,36,0,Bon,4550000.0,Marié,1,0
56,275000,2.0,CDI,3870000,36,1,Moyen,250000.0,Marié,1,1
26,347000,0.0,CDI,5980000,36,0,Bon,1420000.0,Célibataire,1,1
64,642000,28.0,CDI,8360000,60,2,Bon,2030000.0,Marié,0,1
58,80000,20.0,Indépendant,1680000,120,2,Bon,400000.0,Marié,2,1
21,320000,27.0,Fonctionnaire,2150000,120,3,Bon,570000.0,Marié,0,1
39,517000,2.0,CDI,3960000,12,0,,1200000.0,Célibataire,1,1
58,426000,10.0,Fonctionnaire,13320000,24,1,Bon,3770000.0,Célibataire,2,0
48,390000,5.0,Fonctionnaire,12100000,12,1,Bon,3780000.0,Célibataire,1,0
29,156000,23.0,Fonctionnaire,5000000,60,0,Moyen,490000.0,Marié,3,1
30,254000,14.0,CDD,2550000,24,3,Bon,400000.0,Célibataire,0,1
44,507000,4.0,Indépendant,3240000,36,0,Moyen,190000.0,Marié,2,1
46,169000,18.0,CDI,4990000,12,1,Moyen,1930000.0,Marié,0,0
28,792000,21.0,CDD,7260000,48,0,Bon,,Célibataire,1,1
25,287000,5.0,Indépendant,7620000,24,1,Bon,1050000.0,Marié,3,0
33,461000,23.0,CDI,17340000,36,1,Bon,2090000.0,Marié,2,1
42,146000,13.0,CDI,5410000,60,0,Bon,700000.0,Célibataire,1,1
54,190000,1.0,Indépendant,4100000,60,1,Moyen,450000.0,Célibataire,3,0
45,168000,12.0,CDI,4820000,120,1,Moyen,290000.0,Célibataire,2,1
43,518000,27.0,CDD,10950000,12,2,Bon,1040000.0,Célibataire,3,0
61,430000,20.0,CDD,6130000,12,2,Moyen,1410000.0,Marié,1,0
41,125000,11.0,CDI,4580000,12,3,Moyen,1360000.0,Marié,4,0
23,546000,29.0,CDI,3460000,36,1,Bon,850000.0,Marié,2,1
28,274000,25.0,Indépendant,2880000,36,3,Moyen,660000.0,Marié,1,1
59,135000,25.0,Fonctionnaire,1980000,60,0,Bon,480000.0,Divorcé,2,1
59,372000,26.0,CDD,9260000,36,2,,290000.0,Divorcé,5,0
42,217000,25.0,CDI,5240000,24,0,Bon,1340000.0,Divorcé,4,1
31,80000,5.0,Fonctionnaire,2560000,48,0,Moyen,750000.0,Marié,2,0
43,133000,20.0,Fonctionnaire,4270000,48,3,Bon,770000.0,Marié,0,0
36,142000,25.0,Indépendant,760000,12,1,Mauvais,130000.0,Marié,4,0
48,186000,8.0,CDI,6770000,60,0,Bon,1310000.0,Célibataire,1,1
55,288000,28.0,CDD,5340000,48,1,Bon,2100000.0,Marié,1,1
62,301000,16.0,Fonctionnaire,10990000,36,0,Moyen,4210000.0,Célibataire,2,0
49,206000,23.0,CDI,1670000,36,1,Bon,470000.0,Marié,1,1
58,392000,29.0,CDD,11080000,24,0,Bon,3650000.0,Célibataire,2,0
26,202000,20.0,Indépendant,2330000,60,0,Moyen,820000.0,Marié,0,1
34,344000,5.0,CDI,10160000,12,2,Bon,1570000.0,Célibataire,0,0
49,392000,11.0,Fonctionnaire,15460000,60,1,Bon,720000.0,Divorcé,3,1
48,499000,2.0,CDI,5260000,84,2,Bon,970000.0,Célibataire,0,1
30,333000,7.0,Fonctionnaire,3740000,84,2,Moyen,100000.0,Marié,3,1
24,458000,24.0,CDI,3490000,84,0,Bon,1240000.0,Célibataire,2,1
44,1045000,19.0,CDI,33750000,36,1,Bon,11900000.0,Célibataire,1,1
22,347000,19.0,Indépendant,9890000,60,3,Bon,1300000.0,Célibataire,2,0
49,1048000,29.0,CDI,20970000,24,0,Moyen,6560000.0,Marié,0,1
45,228000,2.0,Fonctionnaire,3170000,36,3,Bon,130000.0,Célibataire,1,0
51,502000,6.0,CDD,10540000,60,4,Bon,760000.0,Célibataire,4,1
35,171000,29.0,Fonctionnaire,5930000,24,2,Bon,250000.0,Célibataire,0,0
58,537000,22.0,CDI,17200000,84,0,Moyen,3100000.0,Marié,3,1
53,239000,11.0,CDD,6510000,24,2,Mauvais,1600000.0,Marié,2,0
28,128000,11.0,Indépendant,2890000,60,1,Bon,1030000.0,Célibataire,4,1
60,806000,9.0,Indépendant,16760000,48,2,Moyen,1880000.0,Célibataire,2,1
36,844000,7.0,CDI,27300000,36,0,Bon,9070000.0,Divorcé,2,1
58,698000,22.0,CDD,11400000,12,3,Mauvais,1200000.0,Célibataire,2,0
64,144000,25.0,CDI,1960000,36,2,Mauvais,460000.0,Marié,1,0
61,142000,20.0,Fonctionnaire,3260000,36,2,Moyen,60000.0,Célibataire,4,0
54,397000,18.0,CDI,3330000,24,0,Moyen,20000.0,Célibataire,3,1
26,255000,23.0,CDD,1370000,48,0,Moyen,100000.0,Célibataire,0,1
59,752000,14.0,Indépendant,26680000,12,1,Moyen,6540000.0,Divorcé,3,0
60,444000,21.0,CDD,8190000,36,3,Mauvais,2900000.0,Marié,1,0
43,439000,27.0,Indépendant,5790000,48,2,Mauvais,610000.0,Marié,1,1
41,205000,21.0,Indépendant,7770000,84,3,Moyen,2030000.0,Marié,2,0
55,146000,0.0,Indépendant,3130000,12,2,Moyen,950000.0,Célibataire,1,0
49,760000,29.0,Indépendant,17740000,24,1,Bon,1760000.0,Célibataire,1,1
55,400000,17.0,CDD,8300000,84,0,Moyen,220000.0,Marié,1,1
22,445000,17.0,Indépendant,11960000,48,1,Bon,3770000.0,Marié,3,1
53,564000,6.0,Indépendant,18520000,12,2,Bon,4500000.0,Célibataire,3,0
46,407000,29.0,CDI,8280000,120,1,Moyen,1950000.0,Marié,2,1
64,328000,17.0,CDI,10580000,48,1,Bon,2380000.0,Marié,0,1
52,166000,18.0,CDD,4870000,36,0,Moyen,1630000.0,Marié,1,0
38,247000,21.0,CDD,1520000,60,0,Bon,,Marié,1,1
54,994000,10.0,CDI,37540000,84,0,Moyen,2170000.0,Marié,0,1
50,684000,0.0,CDI,9650000,24,2,Moyen,3420000.0,Marié,1,1
64,831000,2.0,Indépendant,24060000,84,2,Moyen,8920000.0,Marié,0,1
43,328000,18.0,Indépendant,10780000,60,2,Moyen,2010000.0,Marié,1,0
40,556000,28.0,CDD,21460000,36,0,Bon,7420000.0,Marié,0,1
43,372000,15.0,Indépendant,6970000,36,1,Bon,40000.0,Divorcé,3,1
60,169000,17.0,CDD,1550000,24,0,Bon,540000.0,Célibataire,3,1
28,285000,25.0,CDD,5800000,24,2,Bon,530000.0,Marié,2,0
34,151000,25.0,CDI,5710000,60,3,Moyen,700000.0,Célibataire,1,0
43,394000,27.0,CDD,5280000,84,2,Moyen,620000.0,Marié,1,1
34,476000,7.0,Indépendant,8240000,24,3,Moyen,2130000.0,Marié,1,0
22,748000,20.0,CDD,5220000,12,0,Bon,440000.0,Divorcé,1,1
24,395000,27.0,CDD,3150000,60,1,Bon,310000.0,Célibataire,1,1
44,167000,22.0,Indépendant,1700000,84,4,Moyen,280000.0,Célibataire,0,1
56,698000,12.0,CDD,13900000,36,1,,3970000.0,Marié,1,1
29,80000,0.0,CDI,920000,24,0,Bon,130000.0,Marié,0,0
36,736000,22.0,CDI,24330000,120,2,Bon,6960000.0,Célibataire,2,1
52,133000,12.0,Indépendant,3890000,24,1,Bon,1330000.0,Marié,2,0
52,328000,18.0,CDD,5410000,12,2,Moyen,2050000.0,Marié,0,0
47,517000,11.0,CDD,7720000,84,0,Moyen,300000.0,Marié,1,1
35,447000,19.0,CDI,2490000,84,0,Bon,120000.0,Marié,2,1
24,185000,24.0,Indépendant,5340000,84,1,Moyen,1590000.0,Célibataire,0,1
56,183000,11.0,Indépendant,5260000,24,2,Moyen,550000.0,Marié,2,0
45,288000,11.0,CDI,5140000,36,1,Bon,2040000.0,Célibataire,5,1
35,176000,,CDI,1630000,24,0,Bon,190000.0,Marié,1,1
32,413000,2.0,CDI,5950000,84,1,Mauvais,520000.0,Marié,0,1
27,415000,1.0,Indépendant,2900000,36,2,Bon,1150000.0,Célibataire,1,1
56,322000,15.0,Fonctionnaire,8470000,60,2,Bon,1580000.0,Célibataire,1,1
44,202000,16.0,Indépendant,2210000,84,0,Bon,470000.0,Marié,1,1
26,80000,11.0,CDI,2950000,24,0,Bon,570000.0,Marié,1,0
61,403000,26.0,CDI,5720000,84,1,Mauvais,2280000.0,Marié,2,1
51,373000,8.0,CDD,10480000,36,1,Bon,2780000.0,Célibataire,1,0
41,980000,11.0,CDI,38870000,120,1,Bon,14230000.0,Célibataire,0,1
31,539000,13.0,CDI,4770000,24,2,Bon,1650000.0,Marié,4,1
36,404000,16.0,CDD,2280000,84,4,Bon,460000.0,Marié,2,1
34,437000,27.0,Indépendant,9330000,60,0,Bon,2680000.0,Célibataire,2,1
45,326000,9.0,CDI,6780000,12,3,Bon,710000.0,Marié,2,0
34,442000,29.0,Indépendant,15150000,24,3,Bon,2280000.0,Marié,3,0
58,833000,18.0,Indépendant,10920000,24,1,Bon,3790000.0,Célibataire,2,1
38,129000,12.0,CDD,2270000,60,3,Bon,490000.0,Célibataire,1,1
34,97000,2.0,CDI,3020000,24,3,Bon,470000.0,Marié,1,0
44,620000,15.0,CDI,22260000,120,1,Bon,8250000.0,Marié,1,1
28,389000,20.0,CDI,11820000,24,1,Bon,1180000.0,Marié,0,0
45,337000,29.0,CDD,5810000,84,0,Moyen,160000.0,Marié,1,1
54,162000,7.0,CDD,2090000,12,2,Bon,520000.0,Marié,0,0
64,787000,26.0,Fonctionnaire,26880000,60,0,Bon,6250000.0,Célibataire,2,1
48,435000,19.0,CDI,3750000,12,1,Moyen,620000.0,Marié,2,1
44,284000,12.0,CDI,2260000,36,0,Bon,140000.0,Marié,1,1
38,226000,20.0,CDI,4440000,24,3,Mauvais,1450000.0,Célibataire,1,0
54,685000,10.0,Indépendant,7360000,24,2,Bon,720000.0,Célibataire,1,1
62,277000,25.0,CDI,9990000,36,0,Moyen,1950000.0,Divorcé,1,0
23,985000,17.0,CDD,21810000,24,0,Bon,4710000.0,Célibataire,1,1
32,320000,25.0,Indépendant,6250000,120,1,Bon,1330000.0,Célibataire,1,1
56,742000,16.0,Indépendant,10320000,60,1,Bon,2840000.0,Marié,1,1
25,257000,5.0,CDD,4640000,60,1,,830000.0,Marié,2,0
39,691000,27.0,CDI,22200000,120,2,Bon,90000.0,Marié,3,1
32,355000,2.0,Indépendant,6310000,48,0,Bon,1160000.0,Célibataire,0,1
47,203000,6.0,CDI,6310000,84,0,Mauvais,1640000.0,Marié,2,0
37,221000,16.0,CDD,3940000,24,0,Mauvais,280000.0,Célibataire,3,0
63,372000,6.0,Fonctionnaire,6510000,48,3,Bon,1370000.0,Célibataire,1,1
48,531000,24.0,Indépendant,11880000,48,0,,2360000.0,Célibataire,4,1
60,775000,29.0,Fonctionnaire,26800000,12,0,Bon,1480000.0,Marié,1,0
42,395000,6.0,CDD,8240000,12,0,Moyen,1100000.0,Marié,1,0
30,324000,1.0,Fonctionnaire,6320000,24,2,Moyen,460000.0,Célibataire,1,0
61,543000,8.0,CDI,17950000,60,1,Moyen,5810000.0,Célibataire,3,1
26,369000,3.0,CDI,12910000,84,0,Moyen,90000.0,Marié,1,1
37,358000,15.0,Fonctionnaire,1960000,120,2,Mauvais,600000.0,Divorcé,6,1
32,164000,12.0,CDD,1950000,12,1,Bon,360000.0,Divorcé,2,0
26,344000,9.0,Indépendant,13000000,24,5,Bon,1570000.0,Marié,1,0
63,818000,15.0,CDI,5320000,24,1,Bon,1290000.0,Marié,0,1
42,719000,0.0,CDI,22510000,120,3,Bon,6820000.0,Marié,2,1
36,325000,22.0,CDD,7250000,48,1,Mauvais,600000.0,Célibataire,1,0
24,346000,15.0,CDD,3860000,120,1,Moyen,1040000.0,Célibataire,1,1
45,483000,18.0,CDI,11800000,24,0,Bon,4270000.0,Divorcé,0,1
53,584000,6.0,CDI,7310000,48,2,Bon,0.0,Célibataire,1,1
21,405000,2.0,CDI,6480000,60,2,Bon,1590000.0,Célibataire,1,1
35,547000,13.0,CDI,17870000,36,1,Bon,4310000.0,Marié,2,1
37,257000,10.0,CDI,1830000,60,3,Bon,700000.0,Marié,0,1
63,164000,1.0,Indépendant,3690000,84,0,Moyen,290000.0,Marié,0,0
39,263000,8.0,CDD,6060000,36,2,Mauvais,340000.0,Célibataire,3,0
39,283000,27.0,CDI,6890000,48,2,Bon,1080000.0,Célibataire,1,1
40,366000,,Fonctionnaire,2440000,24,1,,730000.0,Marié,1,1
21,351000,9.0,CDI,8230000,84,3,Bon,2740000.0,Célibataire,0,1
43,456000,9.0,CDI,14410000,48,1,Moyen,4110000.0,Célibataire,2,1
36,80000,16.0,CDI,1370000,36,4,Moyen,470000.0,Célibataire,2,0
44,875000,12.0,CDI,26290000,84,0,Bon,6530000.0,Célibataire,0,1
40,345000,16.0,Indépendant,11070000,12,0,Bon,3110000.0,Célibataire,3,0
35,150000,21.0,CDI,5630000,120,0,Moyen,2120000.0,Marié,3,1
44,484000,2.0,CDI,6360000,120,0,Bon,1530000.0,Marié,2,1
57,261000,1.0,CDD,4950000,48,1,Mauvais,1340000.0,Célibataire,1,0
61,80000,4.0,CDD,790000,24,2,Bon,,Marié,0,1
53,108000,26.0,Fonctionnaire,1390000,120,1,Bon,220000.0,Marié,1,1
52,341000,7.0,CDD,3420000,120,2,Moyen,940000.0,Célibataire,1,1
51,536000,12.0,Fonctionnaire,14160000,24,2,Moyen,290000.0,Marié,0,0
35,425000,10.0,Fonctionnaire,11990000,24,0,Bon,2580000.0,Célibataire,0,0
21,253000,26.0,CDI,8420000,60,0,Moyen,310000.0,Marié,0,1
32,522000,6.0,Fonctionnaire,19430000,60,2,Mauvais,1100000.0,Célibataire,0,0
55,80000,2.0,Indépendant,2970000,60,1,Bon,280000.0,Célibataire,3,0
57,478000,14.0,Indépendant,16230000,12,2,Bon,,Célibataire,2,0
50,279000,6.0,Fonctionnaire,10760000,12,3,Moyen,3020000.0,Célibataire,3,0
46,272000,5.0,CDI,5460000,84,2,Mauvais,1230000.0,Célibataire,3,0
31,204000,21.0,Indépendant,8090000,120,1,Bon,920000.0,Marié,3,1
52,257000,11.0,CDI,8610000,24,2,Bon,2490000.0,Célibataire,1,0
22,307000,2.0,Fonctionnaire,5060000,12,3,Bon,1490000.0,Célibataire,1,0
30,845000,19.0,Indépendant,27170000,48,2,Mauvais,8850000.0,Marié,0,1
42,427000,7.0,Indépendant,13820000,60,1,Mauvais,1220000.0,Marié,0,0
29,461000,27.0,CDI,10770000,48,2,Moyen,1070000.0,Célibataire,0,1
50,124000,1.0,CDI,2280000,36,0,Mauvais,220000.0,Célibataire,1,0
45,660000,27.0,CDD,5060000,12,1,Bon,1540000.0,Marié,2,1
41,517000,2.0,Fonctionnaire,19720000,60,0,Bon,5800000.0,Marié,0,1
38,217000,3.0,Fonctionnaire,2970000,36,1,Bon,360000.0,Célibataire,4,1
40,326000,,Indépendant,3290000,24,1,Moyen,530000.0,Marié,4,0
60,80000,15.0,Indépendant,620000,24,0,Bon,30000.0,Marié,1,1
36,112000,8.0,CDI,1200000,48,2,Moyen,470000.0,Célibataire,2,1
59,761000,2.0,Indépendant,28800000,48,0,Moyen,6900000.0,Marié,0,1
55,336000,5.0,CDI,10500000,24,0,,190000.0,Marié,2,0
49,675000,22.0,CDD,25670000,60,2,Moyen,9450000.0,Célibataire,4,1
50,297000,19.0,Indépendant,2700000,84,3,Bon,230000.0,Marié,1,1
23,254000,8.0,CDI,4410000,36,1,Mauvais,560000.0,Célibataire,3,0
52,152000,26.0,Fonctionnaire,2070000,120,1,Bon,800000.0,Marié,2,1
34,89000,12.0,CDD,3110000,84,2,Bon,,Marié,1,0
46,773000,28.0,CDI,25680000,84,2,Moyen,560000.0,Célibataire,1,1
25,166000,2.0,Indépendant,1570000,36,1,Mauvais,290000.0,Célibataire,2,0
48,176000,24.0,CDI,1290000,84,2,Bon,390000.0,Marié,0,1
28,156000,12.0,Indépendant,5750000,48,1,Bon,970000.0,Célibataire,6,0
53,80000,16.0,CDD,2840000,84,6,Bon,580000.0,Célibataire,1,0
56,398000,24.0,CDD,2430000,60,0,Bon,760000.0,Célibataire,0,1
33,338000,18.0,CDI,6320000,84,2,Moyen,2480000.0,Divorcé,1,1
40,217000,24.0,CDI,7660000,12,1,Moyen,220000.0,Marié,1,0
38,97000,17.0,CDI,1020000,60,3,Mauvais,170000.0,Célibataire,2,0
40,550000,8.0,Indépendant,21470000,36,0,Moyen,6580000.0,Marié,1,0
63,335000,10.0,CDI,4470000,84,1,Moyen,1310000.0,Célibataire,0,1
53,539000,9.0,CDI,19000000,12,2,Mauvais,5880000.0,Célibataire,6,0
41,280000,1.0,CDI,4880000,60,1,Moyen,1160000.0,Marié,3,1
44,634000,10.0,CDD,23800000,36,1,Moyen,2820000.0,Marié,4,0
48,217000,0.0,CDD,4980000,12,2,Mauvais,130000.0,Marié,0,0
25,113000,20.0,CDD,840000,48,1,Bon,60000.0,Marié,1,1
50,412000,22.0,Indépendant,2170000,48,2,Bon,660000.0,Marié,2,1
63,699000,0.0,Indépendant,6540000,36,2,Mauvais,120000.0,Marié,5,0
44,905000,26.0,CDD,17630000,48,1,Bon,5130000.0,Célibataire,2,1
59,301000,25.0,CDI,10240000,36,1,Moyen,3850000.0,Marié,5,0
34,317000,6.0,CDI,4940000,120,0,Bon,1120000.0,Célibataire,0,1
56,873000,15.0,Indépendant,33050000,36,4,Mauvais,2300000.0,Célibataire,3,0
56,131000,14.0,CDD,700000,12,0,Bon,190000.0,Divorcé,1,1
46,494000,8.0,Fonctionnaire,10600000,120,1,Moyen,,Célibataire,2,1
33,130000,23.0,Indépendant,2560000,24,0,Bon,980000.0,Célibataire,2,0
60,441000,26.0,CDI,9390000,36,1,Bon,870000.0,Marié,0,1
41,685000,6.0,CDD,12020000,120,2,Bon,3730000.0,Marié,1,1
46,246000,2.0,CDI,1850000,84,4,Mauvais,120000.0,Divorcé,2,0
54,397000,1.0,CDI,13480000,48,0,Mauvais,4420000.0,Marié,0,0
60,269000,11.0,CDI,8260000,24,2,Moyen,60000.0,Marié,1,0
34,215000,,Fonctionnaire,2080000,24,3,Moyen,780000.0,Marié,0,1
41,473000,8.0,CDD,4310000,12,1,Bon,1510000.0,Marié,1,1
63,381000,27.0,Indépendant,7050000,12,1,Bon,1210000.0,Marié,1,0
39,204000,16.0,Indépendant,4090000,84,3,Bon,1080000.0,Divorcé,1,1
32,92000,18.0,CDI,1970000,60,0,Mauvais,630000.0,Marié,3,0
56,277000,6.0,Indépendant,5160000,120,0,Bon,1320000.0,Célibataire,1,1
50,294000,29.0,CDI,1830000,60,2,Bon,630000.0,Célibataire,0,1
64,209000,25.0,Indépendant,1210000,36,0,Bon,250000.0,Marié,0,1
53,472000,20.0,Indépendant,11670000,48,1,Bon,2470000.0,Marié,2,1
64,225000,8.0,CDI,2650000,84,2,Bon,870000.0,Marié,4,1
43,264000,19.0,CDD,3120000,48,0,Bon,1220000.0,Célibataire,3,1
61,461000,,CDI,17620000,48,1,Moyen,3100000.0,Divorcé,3,0
33,232000,25.0,Indépendant,8430000,84,2,Moyen,1380000.0,Célibataire,1,1
48,109000,16.0,CDI,3160000,24,3,Mauvais,700000.0,Marié,0,0
48,158000,16.0,Indépendant,980000,84,1,Bon,380000.0,Célibataire,2,1
39,211000,23.0,CDI,3650000,12,0,Moyen,1380000.0,Marié,5,0
57,670000,2.0,CDD,13320000,36,2,Moyen,1190000.0,Marié,2,1
51,797000,26.0,CDD,15900000,120,0,Mauvais,4190000.0,Marié,2,1
62,377000,21.0,Fonctionnaire,7380000,48,1,Mauvais,2190000.0,Célibataire,1,1
59,417000,4.0,CDD,3200000,120,2,,890000.0,Marié,1,1
37,172000,19.0,CDI,4750000,24,1,,420000.0,Célibataire,2,0
48,557000,21.0,Fonctionnaire,14940000,84,2,Moyen,4100000.0,Marié,3,1
24,284000,17.0,CDD,10170000,60,3,Moyen,3200000.0,Célibataire,1,0
26,536000,7.0,Fonctionnaire,14780000,120,1,Bon,4160000.0,Marié,1,1
39,574000,1.0,CDI,9850000,36,3,Bon,40000.0,Marié,0,1
43,298000,20.0,Fonctionnaire,3660000,48,1,Bon,110000.0,Marié,3,1
60,563000,15.0,CDD,18100000,60,1,Bon,900000.0,Célibataire,2,1
62,340000,20.0,CDI,1970000,120,0,Mauvais,500000.0,Célibataire,0,1
26,239000,29.0,Fonctionnaire,3330000,84,1,Bon,490000.0,Célibataire,6,1
44,605000,8.0,CDD,16150000,48,1,Bon,5030000.0,Marié,1,1
42,271000,20.0,Indépendant,2040000,48,1,Moyen,650000.0,Marié,1,1
41,274000,1.0,CDI,10780000,120,0,Moyen,,Célibataire,1,1
34,80000,1.0,Indépendant,2180000,120,2,Bon,500000.0,Célibataire,0,0
44,221000,28.0,CDI,8600000,120,3,Mauvais,1750000.0,Marié,0,0
45,374000,16.0,Indépendant,3340000,48,1,Moyen,690000.0,Divorcé,1,1
37,369000,14.0,CDI,2760000,60,1,Bon,210000.0,Divorcé,1,1
55,80000,1.0,CDI,2670000,36,3,Moyen,1060000.0,Célibataire,1,0
37,168000,17.0,CDI,6300000,84,1,Bon,1060000.0,Marié,0,1
48,326000,9.0,CDI,8740000,84,0,Mauvais,1200000.0,Célibataire,3,1
22,189000,1.0,Indépendant,5570000,48,1,Bon,940000.0,Célibataire,1,0
54,228000,8.0,CDI,4180000,120,2,Bon,420000.0,Marié,4,1
21,293000,20.0,CDD,5550000,120,0,Bon,1910000.0,Célibataire,3,1
23,859000,7.0,Indépendant,15340000,60,0,Bon,2630000.0,Marié,0,1
42,342000,4.0,Indépendant,3510000,36,3,Bon,200000.0,Célibataire,2,1
62,599000,26.0,Indépendant,12080000,36,0,Mauvais,630000.0,Célibataire,2,1
24,461000,25.0,Indépendant,10470000,48,2,Moyen,3800000.0,Célibataire,1,1
35,755000,1.0,CDD,28790000,12,1,Bon,6730000.0,Marié,3,0
56,241000,29.0,Indépendant,2490000,36,2,Moyen,780000.0,Célibataire,3,1
59,108000,,CDI,1340000,84,2,Bon,180000.0,Célibataire,1,1
32,202000,28.0,Fonctionnaire,6150000,84,3,Moyen,1080000.0,Célibataire,2,1
57,236000,24.0,CDD,2420000,60,0,Moyen,240000.0,Marié,2,1
61,633000,1.0,Indépendant,19680000,24,1,Bon,6300000.0,Divorcé,0,0
27,845000,22.0,Indépendant,10380000,84,3,Moyen,1210000.0,Célibataire,1,1
51,198000,7.0,Fonctionnaire,5110000,84,3,Bon,1050000.0,Divorcé,2,1
25,494000,29.0,CDD,8240000,12,1,Moyen,290000.0,Célibataire,2,0
47,163000,25.0,Indépendant,3450000,12,3,Moyen,830000.0,Marié,2,0
45,731000,22.0,Indépendant,7320000,60,1,Bon,520000.0,Célibataire,0,1
37,395000,21.0,CDI,5010000,84,0,Moyen,510000.0,Célibataire,1,1
48,398000,13.0,CDD,15910000,60,1,Mauvais,170000.0,Marié,0,0
47,500000,28.0,CDI,16570000,84,2,Bon,5230000.0,Marié,2,1
46,166000,21.0,CDD,6490000,36,1,Moyen,1140000.0,Marié,2,0
49,346000,25.0,Fonctionnaire,8290000,12,0,Bon,550000.0,Célibataire,0,0
47,209000,1.0,CDD,1330000,84,4,Moyen,170000.0,Célibataire,2,0
37,421000,4.0,Indépendant,16220000,12,2,Moyen,4570000.0,Marié,1,0
58,625000,29.0,Indépendant,9400000,48,0,Bon,100000.0,Célibataire,1,1
36,374000,,CDD,14590000,48,3,Bon,2420000.0,Marié,0,0
29,273000,21.0,Indépendant,3520000,84,0,Bon,,Divorcé,0,1
52,190000,10.0,CDI,6690000,120,2,Moyen,260000.0,Célibataire,3,1
21,214000,7.0,CDI,2070000,120,1,Bon,540000.0,Célibataire,1,1
29,267000,25.0,Indépendant,8250000,12,2,Bon,750000.0,Divorcé,0,0
27,626000,15.0,CDI,21910000,12,0,Moyen,5520000.0,Divorcé,0,0
64,370000,22.0,Indépendant,6680000,48,2,Mauvais,2640000.0,Célibataire,2,0
57,530000,22.0,Indépendant,18420000,12,0,Bon,6670000.0,Divorcé,0,0
60,281000,10.0,Indépendant,6970000,60,3,Bon,70000.0,Divorcé,2,1
26,776000,3.0,CDD,15490000,84,2,Moyen,4970000.0,Divorcé,1,1
57,157000,14.0,CDI,1100000,120,0,Moyen,240000.0,Marié,0,1
59,220000,0.0,CDI,2070000,120,1,Bon,160000.0,Célibataire,1,1
24,244000,14.0,Indépendant,6970000,24,1,,130000.0,Marié,2,0
57,139000,26.0,CDI,2060000,36,0,Moyen,430000.0,Célibataire,2,1
30,463000,18.0,CDD,7800000,48,2,Bon,390000.0,Marié,2,1
30,169000,28.0,Fonctionnaire,3690000,120,1,Bon,1420000.0,Célibataire,3,1
55,108000,17.0,CDD,830000,48,1,Moyen,120000.0,Célibataire,1,1
28,371000,8.0,CDI,10130000,48,0,Moyen,2340000.0,Marié,2,1
43,422000,29.0,CDD,7430000,12,1,Moyen,280000.0,Marié,5,0
27,100000,19.0,Fonctionnaire,1180000,84,0,Bon,30000.0,Marié,2,1
22,80000,22.0,CDI,1030000,120,2,Moyen,0.0,Marié,2,1
58,368000,4.0,CDI,13630000,36,2,Bon,4870000.0,Marié,3,0
40,490000,18.0,Fonctionnaire,17550000,60,0,Mauvais,140000.0,Célibataire,1,1
51,201000,11.0,CDD,1880000,120,0,Bon,240000.0,Célibataire,1,1
50,210000,14.0,Indépendant,1650000,48,0,Moyen,610000.0,Marié,1,1
45,221000,11.0,CDI,3130000,12,3,Bon,480000.0,Marié,0,0
30,533000,19.0,CDI,14660000,120,0,Bon,4950000.0,Marié,0,1
37,271000,23.0,Indépendant,5940000,60,1,Moyen,370000.0,Marié,1,1
29,90000,8.0,CDI,2020000,60,0,Bon,630000.0,Marié,0,1
63,934000,17.0,CDD,6940000,60,0,,2520000.0,Marié,3,1
52,175000,12.0,CDI,4370000,36,1,,420000.0,Marié,2,0
44,497000,17.0,Indépendant,16420000,120,1,Bon,5720000.0,Célibataire,3,1
36,192000,24.0,Indépendant,5510000,12,0,Bon,,Marié,0,0
32,175000,2.0,CDI,6560000,24,0,Moyen,1630000.0,Marié,1,0
55,232000,29.0,CDI,1510000,24,2,Mauvais,120000.0,Célibataire,1,1
63,630000,16.0,Indépendant,13260000,84,1,Bon,190000.0,Marié,2,1
37,745000,1.0,CDI,21940000,48,1,Bon,580000.0,Célibataire,2,1
49,558000,13.0,CDI,4050000,24,0,Bon,530000.0,Célibataire,2,1
56,94000,10.0,Indépendant,3290000,36,0,Bon,,Célibataire,2,0
55,409000,0.0,CDI,13290000,120,1,Bon,4050000.0,Divorcé,3,1
24,156000,3.0,Indépendant,1030000,36,0,Moyen,160000.0,Célibataire,2,1
27,80000,19.0,CDD,600000,24,0,Moyen,180000.0,Marié,1,1
39,301000,22.0,Indépendant,8650000,84,2,,20000.0,Marié,0,1
48,382000,8.0,CDI,15050000,36,3,Bon,6010000.0,Célibataire,1,0
61,538000,9.0,CDI,21310000,12,0,Bon,7460000.0,Divorcé,4,0
42,125000,6.0,Indépendant,2160000,36,0,Moyen,420000.0,Marié,0,0
41,161000,5.0,CDD,4070000,120,2,Bon,840000.0,Marié,1,1
25,221000,13.0,CDD,6290000,84,0,Moyen,2260000.0,Marié,1,1
52,640000,,CDI,18720000,60,1,Bon,5010000.0,Marié,3,1
21,284000,0.0,Indépendant,8190000,24,0,Bon,570000.0,Marié,0,0
40,605000,11.0,CDI,9200000,48,2,Mauvais,1590000.0,Marié,0,1
48,288000,19.0,CDI,3040000,84,1,Moyen,830000.0,Marié,0,1
64,223000,6.0,Indépendant,4050000,24,0,Mauvais,1210000.0,Marié,0,0
57,259000,5.0,CDI,5670000,48,0,Bon,1460000.0,Marié,1,1
32,205000,17.0,Indépendant,7990000,120,2,Moyen,930000.0,Marié,4,0
38,355000,10.0,Indépendant,5010000,36,1,Bon,570000.0,Marié,2,1
25,146000,19.0,Indépendant,4980000,60,1,Moyen,1240000.0,Marié,1,0
51,523000,22.0,CDD,18880000,36,2,Bon,5490000.0,Marié,0,0
22,230000,24.0,CDI,2940000,120,0,Moyen,40000.0,Marié,1,1
29,145000,6.0,Indépendant,5270000,84,2,Bon,20000.0,Marié,2,0
22,541000,24.0,CDD,13770000,84,3,Moyen,1410000.0,Marié,2,1
38,812000,11.0,CDI,20690000,24,2,Bon,7740000.0,Célibataire,3,1
55,558000,17.0,CDD,8570000,60,3,Moyen,1510000.0,Célibataire,1,1
64,356000,19.0,CDD,7580000,120,1,Bon,2230000.0,Marié,1,1
45,238000,23.0,CDI,4200000,36,1,Moyen,1640000.0,Divorcé,3,1
36,336000,2.0,CDD,3750000,84,0,Bon,610000.0,Marié,2,1
61,432000,10.0,CDD,14560000,60,1,Bon,2620000.0,Marié,3,1
64,289000,29.0,Indépendant,2790000,84,0,Bon,1010000.0,Célibataire,0,1
40,407000,19.0,CDI,10820000,12,0,Moyen,1510000.0,Marié,1,0
24,803000,27.0,CDI,31350000,36,2,Bon,6850000.0,Marié,4,1
52,571000,18.0,Indépendant,13380000,84,2,Mauvais,1590000.0,Célibataire,4,1
40,369000,2.0,Indépendant,9880000,60,3,Bon,1770000.0,Divorcé,4,1
59,396000,14.0,Indépendant,9070000,36,2,Bon,2810000.0,Célibataire,2,1
35,242000,4.0,CDI,7690000,120,1,Mauvais,540000.0,Célibataire,0,0
38,406000,7.0,CDD,5370000,60,2,Mauvais,1340000.0,Célibataire,3,1
27,391000,8.0,CDI,11790000,12,3,Moyen,1770000.0,Célibataire,1,0
23,534000,10.0,Fonctionnaire,3780000,24,2,Bon,620000.0,Célibataire,1,1
28,99000,7.0,CDD,2860000,84,1,Bon,530000.0,Marié,0,1
49,163000,18.0,Indépendant,4650000,24,0,Bon,1030000.0,Marié,3,0
28,595000,27.0,CDI,3390000,60,3,Moyen,1180000.0,Divorcé,4,1
21,431000,29.0,CDI,16990000,60,1,Bon,3180000.0,Marié,0,1
63,330000,6.0,CDI,1950000,48,1,Mauvais,310000.0,Marié,1,1
41,833000,28.0,Indépendant,23400000,120,2,Moyen,7500000.0,Célibataire,2,1
59,473000,10.0,Fonctionnaire,18820000,60,0,Mauvais,610000.0,Marié,1,0
22,375000,13.0,CDI,5790000,36,1,Bon,10000.0,Marié,1,1
54,585000,0.0,Fonctionnaire,18130000,60,1,Bon,3140000.0,Célibataire,2,1
41,244000,3.0,CDI,6070000,60,2,Moyen,1210000.0,Marié,1,0
53,428000,5.0,CDI,8760000,24,0,Mauvais,1110000.0,Divorcé,2,0
59,216000,13.0,CDI,5950000,84,3,Moyen,2010000.0,Marié,3,0
60,404000,0.0,CDI,5440000,12,1,Bon,1130000.0,Marié,2,0
27,298000,14.0,CDI,9440000,120,2,Mauvais,2920000.0,Marié,0,0
35,377000,11.0,Fonctionnaire,14510000,120,2,Bon,3430000.0,Marié,1,1
29,462000,16.0,CDD,10440000,24,1,Bon,1640000.0,Célibataire,4,0
50,437000,22.0,CDI,5590000,36,2,Moyen,280000.0,Marié,0,1
64,262000,28.0,CDD,3020000,24,2,Mauvais,280000.0,Célibataire,5,0
37,803000,14.0,Fonctionnaire,28060000,24,0,Bon,4840000.0,Célibataire,1,0
58,543000,21.0,CDD,3480000,48,1,Mauvais,510000.0,Marié,3,1
61,121000,3.0,CDI,3660000,120,1,Bon,1210000.0,Marié,0,1
59,246000,26.0,CDI,8950000,36,1,Mauvais,110000.0,Marié,0,0
41,375000,11.0,CDI,12350000,36,2,Moyen,4260000.0,Marié,1,0
23,415000,8.0,CDI,11800000,60,0,Moyen,4690000.0,Célibataire,2,1
57,136000,20.0,CDD,4540000,84,1,Moyen,870000.0,Célibataire,2,1
37,253000,10.0,Indépendant,9090000,48,1,Mauvais,3100000.0,Divorcé,0,0
37,550000,10.0,CDD,15500000,48,1,Bon,4430000.0,Divorcé,2,1
31,187000,2.0,CDI,2540000,84,1,Bon,930000.0,Marié,2,1
30,151000,23.0,Indépendant,5340000,12,0,Moyen,1950000.0,Célibataire,0,0
21,120000,0.0,CDI,3110000,36,0,Bon,1030000.0,Marié,0,0
30,95000,6.0,Indépendant,2160000,24,0,Moyen,0.0,Marié,3,0
45,571000,14.0,CDI,10660000,48,1,Bon,2030000.0,Marié,1,1
36,404000,8.0,CDD,9020000,36,3,Bon,2000000.0,Divorcé,4,0
58,155000,9.0,Indépendant,3570000,48,2,Bon,210000.0,Marié,0,0
52,617000,12.0,CDI,14330000,120,1,Mauvais,180000.0,Marié,1,1
45,639000,15.0,Indépendant,9520000,84,4,Mauvais,1370000.0,Célibataire,0,1
33,384000,26.0,Fonctionnaire,15320000,84,0,Bon,4240000.0,Marié,2,1
63,104000,3.0,CDI,1360000,120,0,Bon,410000.0,Marié,3,1
36,817000,10.0,CDI,24730000,60,1,Mauvais,6260000.0,Célibataire,2,0
61,496000,11.0,CDI,4150000,48,1,Moyen,1030000.0,Célibataire,2,1
40,175000,6.0,CDI,2820000,60,3,Moyen,290000.0,Célibataire,1,0
48,207000,12.0,Indépendant,2650000,12,1,Bon,160000.0,Célibataire,1,0
28,403000,12.0,CDI,12230000,48,0,Bon,440000.0,Marié,1,1
51,404000,16.0,CDD,10780000,120,1,Bon,440000.0,Célibataire,0,1
48,591000,20.0,CDI,6660000,84,0,Bon,2520000.0,Marié,0,1
49,124000,22.0,CDI,950000,60,1,Bon,350000.0,Célibataire,1,1
62,492000,,Indépendant,17460000,24,2,Moyen,2070000.0,Marié,1,0
54,301000,22.0,Indépendant,10010000,120,0,Moyen,270000.0,Marié,0,1
57,129000,11.0,CDD,2230000,48,4,Bon,410000.0,Marié,1,0
62,335000,6.0,Indépendant,9290000,60,4,Moyen,1100000.0,Divorcé,2,0
40,253000,20.0,Fonctionnaire,2800000,120,0,Mauvais,1080000.0,Célibataire,2,1
25,547000,26.0,CDI,3510000,24,2,Bon,1110000.0,Célibataire,1,1
47,624000,0.0,Fonctionnaire,6620000,84,1,Bon,1380000.0,Célibataire,2,1
57,337000,25.0,CDI,4160000,36,1,Mauvais,580000.0,Marié,2,1
57,326000,4.0,Indépendant,12020000,24,2,Bon,2530000.0,Célibataire,3,0
51,346000,22.0,CDI,9610000,12,0,Mauvais,360000.0,Célibataire,1,0
53,258000,15.0,CDI,7180000,48,2,Mauvais,1030000.0,Marié,1,0
52,657000,15.0,CDD,14220000,60,2,Mauvais,5380000.0,Célibataire,1,1
37,161000,7.0,Indépendant,4700000,120,3,Bon,920000.0,Marié,0,1
63,259000,23.0,Indépendant,1560000,12,0,Bon,590000.0,Marié,2,1
43,87000,29.0,CDD,2340000,24,0,Bon,530000.0,Célibataire,1,0
61,265000,26.0,CDI,4040000,36,1,Bon,600000.0,Célibataire,2,1
57,309000,6.0,Fonctionnaire,8420000,36,1,Mauvais,,Marié,1,0
37,130000,5.0,CDD,1660000,12,2,Bon,220000.0,Marié,2,0
38,512000,13.0,CDI,18230000,120,0,Bon,1800000.0,Célibataire,0,1
34,484000,16.0,Indépendant,13960000,60,2,Bon,4270000.0,Célibataire,1,1
36,111000,27.0,Indépendant,1800000,36,1,Bon,130000.0,Célibataire,1,1
44,1223000,10.0,CDI,23570000,48,3,Moyen,9380000.0,Marié,2,1
59,1050000,21.0,Fonctionnaire,36100000,120,1,Bon,6660000.0,Célibataire,1,1
23,211000,24.0,Fonctionnaire,3300000,84,2,Mauvais,160000.0,Marié,1,1
33,545000,29.0,CDD,7350000,24,0,Bon,1650000.0,Marié,3,1
59,389000,22.0,CDI,15170000,48,2,Mauvais,430000.0,Célibataire,0,0
41,462000,4.0,Indépendant,6880000,48,2,Moyen,810000.0,Divorcé,1,1
39,292000,21.0,CDD,11370000,24,1,Moyen,2570000.0,Célibataire,3,0
36,151000,2.0,Indépendant,5070000,36,0,,480000.0,Marié,1,0
48,386000,8.0,CDD,14870000,60,1,Mauvais,510000.0,Célibataire,2,0
25,521000,,Fonctionnaire,19390000,24,1,Bon,2470000.0,Marié,2,0
28,494000,29.0,CDD,2740000,48,1,Moyen,670000.0,Marié,1,1
35,167000,11.0,CDI,1010000,120,2,Mauvais,290000.0,Divorcé,3,0
29,167000,12.0,CDD,5080000,60,0,Bon,1310000.0,Divorcé,1,1
38,606000,22.0,Indépendant,11970000,120,1,Bon,2330000.0,Marié,1,1
40,167000,21.0,CDD,5540000,120,1,Mauvais,600000.0,Célibataire,0,0
56,136000,9.0,CDI,4930000,36,0,Bon,540000.0,Célibataire,1,0
64,243000,10.0,CDI,5420000,36,1,Bon,1110000.0,Marié,2,1
46,430000,16.0,CDI,9900000,36,2,Moyen,2050000.0,Célibataire,2,1
22,298000,22.0,CDD,11310000,48,2,Moyen,3200000.0,Célibataire,1,0
58,593000,3.0,CDI,21040000,120,2,Bon,5960000.0,Marié,0,1
26,111000,20.0,Indépendant,1670000,84,1,Bon,300000.0,Célibataire,1,1
23,161000,23.0,Fonctionnaire,2710000,84,0,Bon,160000.0,Marié,3,1
41,501000,19.0,CDI,18780000,48,0,Moyen,5470000.0,Marié,3,1
43,380000,7.0,CDD,11910000,60,1,Moyen,1770000.0,Marié,0,0
46,124000,2.0,CDI,3420000,120,2,Moyen,400000.0,Marié,4,0
42,114000,5.0,CDI,2470000,24,1,Moyen,730000.0,Marié,3,0
40,402000,11.0,CDD,3380000,48,0,Moyen,1220000.0,Célibataire,0,1
50,396000,6.0,Indépendant,4490000,24,4,Bon,730000.0,Marié,0,1
52,147000,11.0,CDI,4510000,24,1,Bon,80000.0,Divorcé,0,0
22,180000,7.0,CDI,5500000,84,2,Bon,1370000.0,Marié,4,1
60,201000,18.0,CDI,6610000,84,0,Moyen,1930000.0,Marié,4,1
59,132000,,CDI,2250000,120,0,Bon,370000.0,Divorcé,2,1
58,385000,1.0,Indépendant,2720000,60,3,Bon,770000.0,Marié,0,1
50,324000,24.0,Fonctionnaire,12880000,120,0,Moyen,1090000.0,Marié,3,1
52,436000,19.0,CDI,13110000,12,0,Mauvais,3040000.0,Célibataire,1,0
47,308000,22.0,Fonctionnaire,10920000,120,0,Mauvais,3090000.0,Marié,3,1
32,259000,9.0,Indépendant,8430000,60,0,Mauvais,2420000.0,Célibataire,2,0
43,533000,,CDI,11100000,120,1,,400000.0,Marié,1,1
35,97000,20.0,Indépendant,2890000,84,0,Moyen,920000.0,Célibataire,1,1
55,140000,26.0,Fonctionnaire,3220000,24,4,Bon,1130000.0,Marié,2,0
61,234000,23.0,CDD,5560000,60,2,Bon,1210000.0,Marié,1,1
63,556000,9.0,CDD,21260000,12,1,Bon,6360000.0,Célibataire,1,0
23,358000,0.0,CDI,12380000,84,1,Bon,4890000.0,Marié,0,1
35,355000,1.0,Fonctionnaire,13550000,48,1,Bon,4790000.0,Marié,2,0
25,433000,22.0,Indépendant,13090000,84,1,Mauvais,180000.0,Marié,0,1
48,372000,12.0,Indépendant,9280000,48,1,Bon,3250000.0,Marié,0,1
60,108000,21.0,CDI,3610000,24,1,Moyen,320000.0,Marié,1,0
30,543000,29.0,CDD,19390000,120,3,Moyen,2070000.0,Marié,1,1
42,344000,27.0,CDD,3820000,60,0,Moyen,1210000.0,Divorcé,2,1
23,170000,15.0,Indépendant,5360000,84,2,Moyen,780000.0,Marié,0,0
59,259000,5.0,Indépendant,3530000,36,4,Moyen,1240000.0,Marié,3,0
58,187000,6.0,Indépendant,3260000,84,1,Bon,300000.0,Marié,4,1
56,274000,3.0,Indépendant,7180000,24,2,Moyen,270000.0,Célibataire,2,0
64,812000,28.0,CDD,9030000,36,0,Bon,2060000.0,Marié,0,1
22,529000,23.0,CDI,16380000,60,2,Bon,6140000.0,Célibataire,2,1
45,254000,18.0,CDI,6660000,36,0,Bon,400000.0,Divorcé,0,1
58,105000,12.0,Indépendant,2860000,48,0,Moyen,340000.0,Célibataire,1,0
50,751000,15.0,CDI,12650000,120,1,Bon,130000.0,Divorcé,1,1
26,398000,4.0,CDD,14050000,60,3,Bon,2120000.0,Célibataire,0,0
35,855000,8.0,Fonctionnaire,4320000,60,0,Bon,940000.0,Célibataire,2,1
41,459000,29.0,CDD,10420000,36,1,Moyen,1590000.0,Marié,0,1
40,150000,22.0,Indépendant,4200000,120,0,Moyen,970000.0,Célibataire,6,1
33,248000,12.0,Fonctionnaire,5350000,60,2,Moyen,390000.0,Marié,1,1
31,581000,2.0,CDI,17990000,48,0,Bon,5790000.0,Célibataire,2,1
24,923000,5.0,Indépendant,16410000,120,1,,1360000.0,Divorcé,1,1
54,145000,13.0,CDI,2420000,36,3,Mauvais,480000.0,Marié,0,0
34,324000,18.0,CDD,5310000,24,0,Moyen,1760000.0,Marié,1,0
58,443000,8.0,Fonctionnaire,9600000,84,4,Bon,510000.0,Marié,3,1
32,473000,3.0,CDI,2890000,84,2,Bon,290000.0,Célibataire,1,1
34,244000,13.0,CDI,9510000,24,2,Mauvais,780000.0,Célibataire,1,0
34,281000,24.0,Indépendant,1930000,24,2,Bon,680000.0,Marié,0,1
45,185000,0.0,CDI,1650000,60,3,Bon,630000.0,Marié,1,1
39,248000,27.0,CDI,3250000,12,0,Moyen,990000.0,Célibataire,1,0
38,479000,9.0,Indépendant,17430000,48,1,Moyen,5100000.0,Marié,2,0
32,134000,23.0,Fonctionnaire,3020000,36,0,Moyen,410000.0,Célibataire,1,1
23,80000,,CDD,2940000,24,1,Moyen,250000.0,Marié,2,0
57,490000,3.0,CDI,5960000,48,2,Bon,1580000.0,Célibataire,1,1
29,435000,8.0,Indépendant,5350000,120,0,Mauvais,2070000.0,Célibataire,2,1
49,340000,4.0,Indépendant,7250000,12,0,Bon,1920000.0,Célibataire,3,0
48,227000,23.0,Fonctionnaire,7030000,84,1,Bon,850000.0,Marié,0,1
42,278000,1.0,CDI,9010000,84,0,Mauvais,1040000.0,Marié,1,0
21,80000,8.0,CDI,1200000,84,1,Bon,130000.0,Divorcé,0,1
32,255000,1.0,CDD,2880000,120,2,Moyen,510000.0,Marié,1,0
24,304000,14.0,CDI,10310000,36,1,Bon,890000.0,Célibataire,1,0
44,601000,17.0,Indépendant,9920000,120,1,Moyen,2790000.0,Marié,1,1
23,398000,12.0,CDI,13610000,48,0,Moyen,170000.0,Célibataire,2,0
26,428000,21.0,Fonctionnaire,14990000,60,0,Moyen,4230000.0,Célibataire,0,1
21,588000,11.0,CDD,10810000,60,0,Moyen,510000.0,Marié,1,1
37,977000,,Indépendant,33450000,60,0,Bon,1680000.0,Célibataire,0,1
23,133000,7.0,Indépendant,3900000,36,2,Bon,1060000.0,Divorcé,1,0
23,221000,10.0,CDI,7180000,84,4,Moyen,1030000.0,Marié,1,0
29,517000,14.0,CDI,15440000,24,0,Mauvais,5110000.0,Célibataire,1,0
38,218000,4.0,CDI,4000000,36,3,Moyen,830000.0,Marié,1,0
53,156000,1.0,Fonctionnaire,1350000,120,1,Bon,440000.0,Célibataire,2,1
63,440000,2.0,CDI,9510000,120,0,Moyen,3120000.0,Divorcé,0,1
46,339000,15.0,Indépendant,7620000,84,0,Bon,1010000.0,Célibataire,1,1
42,653000,13.0,CDD,4730000,120,0,Mauvais,940000.0,Célibataire,3,1
21,460000,8.0,CDI,12510000,84,2,Moyen,4670000.0,Marié,0,1
39,429000,14.0,CDD,6630000,48,1,Bon,1550000.0,Divorcé,0,1
26,377000,6.0,Indépendant,13570000,12,4,,4490000.0,Marié,1,0
46,303000,17.0,CDD,10790000,36,1,Mauvais,990000.0,Marié,1,0
41,301000,10.0,Fonctionnaire,5360000,84,1,Mauvais,780000.0,Marié,3,0
25,523000,21.0,CDD,9640000,24,0,Bon,1310000.0,Marié,4,1
38,227000,13.0,Indépendant,1140000,60,0,Bon,360000.0,Célibataire,1,1
35,195000,21.0,CDD,6410000,36,2,Bon,620000.0,Marié,2,0
40,279000,25.0,CDI,5250000,120,1,Mauvais,210000.0,Marié,3,1
48,216000,17.0,CDD,7350000,12,0,Moyen,1040000.0,Célibataire,2,0
57,620000,29.0,Indépendant,17080000,48,1,Moyen,4050000.0,Célibataire,0,1
29,378000,,CDI,11030000,48,1,Bon,820000.0,Marié,3,1
46,241000,21.0,CDI,7030000,48,0,Mauvais,180000.0,Célibataire,1,0
40,184000,25.0,Fonctionnaire,3690000,12,0,Mauvais,310000.0,Divorcé,4,0
63,163000,28.0,CDI,1760000,24,1,Mauvais,280000.0,Marié,1,0
27,607000,27.0,CDI,12610000,120,2,Bon,3620000.0,Marié,1,1
29,443000,,Indépendant,5440000,84,3,Moyen,1920000.0,Marié,0,1
53,682000,24.0,Fonctionnaire,14620000,120,1,Bon,5310000.0,Divorcé,2,1
42,80000,0.0,CDD,970000,48,0,,330000.0,Marié,2,1
21,207000,3.0,CDI,5110000,84,0,Moyen,1910000.0,Marié,1,1
28,136000,3.0,Indépendant,2420000,24,1,Moyen,870000.0,Marié,2,0
54,471000,2.0,CDD,2920000,120,0,Moyen,950000.0,Célibataire,1,1
59,123000,11.0,Fonctionnaire,2590000,60,1,Bon,220000.0,Célibataire,2,1
45,170000,9.0,CDD,5220000,60,0,Bon,1740000.0,Célibataire,1,1
53,318000,23.0,Fonctionnaire,9680000,36,2,Bon,3680000.0,Célibataire,0,1
29,131000,20.0,Fonctionnaire,4070000,84,2,Bon,950000.0,Célibataire,2,1
64,235000,,Fonctionnaire,7960000,60,1,,460000.0,Marié,1,1
64,223000,3.0,CDI,4820000,36,0,Moyen,600000.0,Marié,1,0
37,80000,21.0,Indépendant,3010000,120,2,Moyen,1060000.0,Marié,3,1
31,355000,19.0,CDD,2660000,60,1,Moyen,760000.0,Marié,1,1
39,514000,6.0,CDD,2640000,84,0,Moyen,940000.0,Célibataire,4,1
42,100000,8.0,Indépendant,3190000,120,0,Bon,310000.0,Célibataire,2,1
29,108000,10.0,CDI,3680000,36,1,Moyen,1350000.0,Marié,5,0
30,302000,7.0,CDI,10020000,48,2,Bon,840000.0,Célibataire,1,0
45,347000,9.0,Indépendant,2400000,48,3,Moyen,920000.0,Célibataire,1,1
41,411000,,CDD,15200000,12,2,Bon,1870000.0,Célibataire,1,0
31,857000,27.0,CDI,14180000,24,3,Moyen,4200000.0,Célibataire,1,1
40,312000,27.0,CDD,10010000,84,3,Mauvais,1850000.0,Marié,0,1
32,247000,8.0,Indépendant,9880000,84,1,Bon,3620000.0,Marié,2,1
59,338000,13.0,CDD,8280000,60,3,Bon,1680000.0,Célibataire,1,1
35,228000,23.0,Indépendant,6460000,12,2,Moyen,1680000.0,Marié,2,0
26,305000,16.0,Indépendant,3950000,12,0,Bon,1420000.0,Marié,1,0
37,423000,16.0,CDD,2330000,60,2,Bon,390000.0,Marié,4,1
25,273000,11.0,CDD,5690000,24,1,Bon,1050000.0,Divorcé,1,0
35,151000,25.0,CDI,5130000,60,0,Moyen,790000.0,Divorcé,1,1
52,156000,10.0,Indépendant,2830000,84,0,Mauvais,370000.0,Marié,3,0
23,353000,15.0,CDI,12720000,120,1,Bon,730000.0,Marié,2,1
23,198000,27.0,Indépendant,7170000,60,1,Bon,2680000.0,Marié,1,1
35,356000,14.0,CDI,4170000,84,4,Bon,260000.0,Célibataire,0,1
52,218000,2.0,Indépendant,5990000,120,1,Bon,1630000.0,Célibataire,1,1
28,186000,12.0,CDI,3420000,84,0,Moyen,60000.0,Marié,2,1
26,137000,6.0,CDI,3450000,120,2,Bon,1340000.0,Marié,0,1
25,296000,13.0,Fonctionnaire,9370000,120,1,Bon,1760000.0,Marié,2,1
36,253000,24.0,CDI,3820000,36,0,Bon,330000.0,Marié,1,1
37,342000,8.0,Indépendant,3070000,84,3,Bon,910000.0,Célibataire,1,1
59,936000,28.0,Indépendant,22570000,12,1,Moyen,1420000.0,Célibataire,0,0
25,160000,1.0,CDD,3200000,12,2,Moyen,600000.0,Marié,3,0
44,565000,24.0,CDI,20570000,24,1,Bon,620000.0,Célibataire,2,0
47,387000,7.0,CDI,3270000,60,4,Moyen,90000.0,Marié,3,1
45,103000,8.0,CDI,2660000,12,0,Bon,870000.0,Marié,0,0
41,488000,3.0,Indépendant,3190000,48,0,Mauvais,540000.0,Marié,1,0
28,228000,3.0,CDD,3730000,48,1,Moyen,80000.0,Célibataire,2,0
54,446000,15.0,Indépendant,8930000,84,1,Moyen,2260000.0,Marié,2,1
35,358000,25.0,Fonctionnaire,7090000,120,0,Mauvais,1260000.0,Célibataire,3,1
55,340000,11.0,CDI,2980000,60,0,Bon,1180000.0,Marié,1,1
46,224000,20.0,Indépendant,7830000,48,1,Bon,780000.0,Célibataire,0,1
56,439000,10.0,CDD,14960000,12,2,Moyen,5020000.0,Célibataire,0,0
54,420000,22.0,Fonctionnaire,10190000,12,2,Bon,2050000.0,Célibataire,0,0
55,457000,0.0,Fonctionnaire,4630000,120,3,Moyen,240000.0,Marié,2,1
35,521000,6.0,CDI,5130000,24,2,Moyen,1650000.0,Célibataire,0,1
23,330000,14.0,Indépendant,12910000,48,1,Bon,2390000.0,Célibataire,2,0
61,260000,28.0,CDD,3560000,12,0,Bon,1400000.0,Marié,2,0
29,388000,29.0,Indépendant,11570000,84,1,Mauvais,3810000.0,Célibataire,0,1
56,240000,8.0,CDD,7990000,60,0,Bon,2620000.0,Marié,3,1
63,144000,18.0,Fonctionnaire,5690000,36,0,Bon,550000.0,Marié,2,0
46,608000,26.0,CDD,4970000,36,2,Bon,1170000.0,Marié,5,1
30,254000,19.0,CDI,7160000,60,1,Mauvais,620000.0,Marié,1,0
50,88000,6.0,CDI,690000,120,0,Bon,120000.0,Marié,0,1
62,150000,10.0,CDI,1830000,48,2,Mauvais,320000.0,Célibataire,0,0
56,400000,0.0,CDI,2060000,12,1,Moyen,430000.0,Marié,2,1
37,273000,7.0,Indépendant,3660000,36,3,Bon,520000.0,Célibataire,2,0
45,264000,27.0,CDI,2970000,84,0,Bon,1180000.0,Célibataire,1,1
31,483000,14.0,CDD,14660000,84,1,Moyen,5680000.0,Marié,2,1
51,116000,27.0,Indépendant,3490000,36,2,Moyen,520000.0,Marié,0,0
32,372000,21.0,Indépendant,12380000,24,0,Moyen,940000.0,Célibataire,2,0
45,98000,27.0,CDI,3380000,24,1,Bon,280000.0,Célibataire,2,0
46,747000,15.0,CDI,11810000,12,1,Moyen,2040000.0,Marié,1,0
59,257000,25.0,CDI,8470000,36,0,Mauvais,930000.0,Marié,2,0
33,479000,26.0,CDD,10730000,36,1,Mauvais,300000.0,Marié,2,0
50,243000,14.0,Indépendant,2570000,48,2,Mauvais,40000.0,Marié,1,0
23,365000,20.0,CDI,13210000,12,3,Moyen,4990000.0,Célibataire,0,0
51,363000,29.0,CDI,4390000,36,2,Mauvais,270000.0,Marié,1,1
41,384000,21.0,Indépendant,6500000,84,1,Moyen,2090000.0,Marié,2,1
55,469000,,CDI,15020000,120,0,Moyen,5160000.0,Célibataire,2,1
49,944000,14.0,Fonctionnaire,30590000,36,1,Moyen,5220000.0,Marié,2,1
33,545000,9.0,Indépendant,21190000,36,1,Mauvais,7670000.0,Marié,3,0
50,179000,6.0,CDD,980000,48,1,Bon,60000.0,Marié,1,1
26,349000,19.0,Indépendant,7910000,24,0,Bon,1920000.0,Marié,1,0
31,116000,16.0,CDI,1940000,60,1,Moyen,10000.0,Célibataire,3,1
31,588000,21.0,Indépendant,10750000,12,0,Moyen,1910000.0,Célibataire,1,0
24,320000,16.0,Indépendant,6340000,12,2,Moyen,2080000.0,Marié,4,0
42,370000,22.0,Indépendant,4340000,24,2,Mauvais,740000.0,Marié,1,0
54,530000,10.0,CDI,14330000,12,1,Bon,3020000.0,Marié,3,0
50,376000,18.0,Indépendant,11450000,60,1,Bon,1560000.0,Marié,1,1
25,1281000,16.0,Indépendant,9380000,48,0,Bon,3720000.0,Marié,0,1
51,409000,14.0,Indépendant,5460000,24,2,Bon,2020000.0,Célibataire,1,1
48,252000,,CDD,4000000,12,4,Bon,1210000.0,Marié,2,0
51,80000,21.0,Indépendant,1790000,84,1,Moyen,310000.0,Célibataire,3,1
43,404000,3.0,CDI,11810000,12,0,Bon,1040000.0,Divorcé,1,0
23,1073000,19.0,Indépendant,26950000,60,2,Mauvais,9050000.0,Divorcé,0,1
55,449000,12.0,CDD,16620000,120,0,Bon,20000.0,Marié,0,1
41,121000,16.0,CDI,2530000,60,1,Mauvais,370000.0,Divorcé,0,0
41,451000,13.0,Fonctionnaire,2380000,60,3,Mauvais,870000.0,Marié,3,1
30,154000,19.0,Indépendant,870000,24,1,Mauvais,80000.0,Marié,3,0
32,463000,6.0,CDD,8740000,12,1,Moyen,920000.0,Célibataire,1,0
47,289000,10.0,Indépendant,10170000,120,4,Bon,2250000.0,Marié,2,1
57,116000,20.0,CDI,4250000,48,2,Mauvais,840000.0,Célibataire,4,0
32,366000,25.0,Fonctionnaire,12760000,60,2,Bon,1890000.0,Célibataire,0,1
43,143000,16.0,CDI,4580000,60,1,Bon,620000.0,Marié,1,1
42,202000,12.0,CDI,1990000,84,1,Moyen,640000.0,Marié,2,1
43,571000,16.0,CDI,15650000,60,1,Bon,2330000.0,Marié,3,1
43,406000,20.0,CDD,14090000,12,1,Bon,2280000.0,Marié,0,0
35,211000,7.0,Fonctionnaire,6830000,12,2,Bon,90000.0,Marié,2,0
46,519000,18.0,CDI,17000000,36,4,Bon,2760000.0,Marié,3,0
48,80000,27.0,Indépendant,2530000,48,0,Mauvais,430000.0,Célibataire,0,0
33,84000,,Fonctionnaire,720000,36,1,Moyen,90000.0,Célibataire,3,1
55,128000,13.0,CDI,3260000,120,0,Mauvais,900000.0,Célibataire,2,1
57,266000,17.0,Fonctionnaire,7380000,120,1,Bon,290000.0,Marié,0,1
64,242000,3.0,Fonctionnaire,4920000,120,2,Bon,440000.0,Célibataire,2,1
58,300000,10.0,CDD,3820000,60,1,Moyen,1310000.0,Célibataire,0,1
24,327000,22.0,Indépendant,5000000,36,2,Moyen,600000.0,Divorcé,1,0
34,178000,12.0,Indépendant,3150000,48,1,Bon,560000.0,Marié,3,1
57,388000,4.0,CDI,11790000,60,1,Moyen,3260000.0,Marié,1,1
28,445000,16.0,CDI,7870000,84,2,Bon,,Célibataire,3,1
54,244000,22.0,CDI,5730000,12,2,Bon,680000.0,Célibataire,2,0
22,181000,8.0,Indépendant,6480000,12,2,Moyen,1870000.0,Marié,2,0
28,361000,6.0,CDD,3420000,84,1,Mauvais,940000.0,Divorcé,3,1
45,338000,27.0,CDD,3090000,60,2,Bon,220000.0,Marié,1,1
47,643000,18.0,Fonctionnaire,15750000,84,1,,370000.0,Marié,4,1
31,262000,7.0,CDD,4320000,12,1,Mauvais,280000.0,Célibataire,1,0
37,291000,14.0,CDI,8190000,36,2,Bon,2480000.0,Célibataire,2,0
50,89000,1.0,Fonctionnaire,1600000,84,1,Mauvais,520000.0,Marié,1,0
58,769000,18.0,CDI,17680000,84,3,Moyen,1450000.0,Marié,0,1
30,583000,27.0,CDI,5050000,12,0,Bon,1410000.0,Célibataire,1,1
54,308000,18.0,Fonctionnaire,8730000,60,0,Bon,2280000.0,Marié,3,1
35,80000,13.0,CDI,2990000,12,0,Bon,350000.0,Divorcé,2,0
42,247000,6.0,CDD,4800000,36,1,Bon,1910000.0,Célibataire,1,1
45,546000,20.0,CDD,4760000,60,1,Mauvais,810000.0,Marié,0,1
34,181000,10.0,Indépendant,4410000,12,1,Bon,770000.0,Célibataire,2,0
45,403000,4.0,CDD,15980000,24,3,Moyen,130000.0,Marié,0,0
37,402000,19.0,CDD,7020000,12,0,Bon,2580000.0,Marié,2,0
63,1043000,3.0,CDD,6230000,12,1,Mauvais,2390000.0,Marié,1,1
22,613000,11.0,CDI,7180000,60,2,Bon,280000.0,Marié,3,1
49,282000,18.0,CDI,3320000,120,0,Mauvais,190000.0,Marié,2,1
41,427000,22.0,Indépendant,12820000,24,1,Bon,4690000.0,Marié,2,0
22,247000,6.0,Fonctionnaire,8820000,24,0,Bon,1150000.0,Divorcé,0,0
52,577000,3.0,Indépendant,13770000,24,0,Bon,730000.0,Célibataire,1,0
28,323000,10.0,CDD,12170000,12,0,Moyen,1650000.0,Marié,1,0
56,366000,27.0,CDD,14040000,48,0,Moyen,2870000.0,Marié,1,0
47,393000,29.0,CDD,2940000,60,3,Bon,910000.0,Célibataire,3,1
47,106000,4.0,Fonctionnaire,790000,120,1,Mauvais,120000.0,Célibataire,1,0
62,217000,23.0,CDI,7460000,120,1,Mauvais,2220000.0,Célibataire,0,1
43,148000,4.0,CDI,3100000,84,1,Bon,640000.0,Célibataire,0,1
32,480000,5.0,Indépendant,7920000,24,3,Bon,2050000.0,Célibataire,4,0
26,176000,14.0,CDD,2900000,24,0,Bon,80000.0,Marié,4,0
63,348000,20.0,Indépendant,7080000,12,2,Mauvais,150000.0,Marié,2,0
44,83000,14.0,CDI,1810000,60,1,Mauvais,120000.0,Marié,0,0
57,187000,3.0,Indépendant,4240000,84,0,Bon,1090000.0,Célibataire,1,1
45,89000,9.0,CDI,1740000,12,4,Bon,630000.0,Célibataire,1,0
40,110000,1.0,Indépendant,3350000,120,3,Bon,1260000.0,Marié,2,0
57,191000,26.0,CDI,6670000,60,1,Mauvais,2270000.0,Marié,1,0
26,117000,19.0,Fonctionnaire,3060000,84,2,Bon,30000.0,Célibataire,0,1
41,246000,14.0,CDD,7450000,60,0,Bon,100000.0,Marié,3,1
51,277000,,Indépendant,1400000,24,3,Bon,60000.0,Célibataire,1,1
53,326000,23.0,Fonctionnaire,10900000,48,0,Bon,2160000.0,Célibataire,2,1
37,413000,13.0,Fonctionnaire,15250000,120,2,Bon,,Marié,0,1
53,274000,1.0,Indépendant,8390000,60,0,Mauvais,990000.0,Célibataire,1,0
22,451000,15.0,Indépendant,4860000,24,3,Moyen,1250000.0,Marié,2,0
60,207000,19.0,Indépendant,5060000,36,0,Bon,1330000.0,Célibataire,0,1
53,98000,28.0,CDD,580000,120,2,Mauvais,230000.0,Célibataire,2,1
22,548000,8.0,Fonctionnaire,12170000,48,4,Bon,1240000.0,Célibataire,1,1
34,80000,10.0,CDI,2390000,12,0,Moyen,390000.0,Marié,5,0
23,211000,15.0,CDI,5420000,36,1,,1070000.0,Célibataire,1,1
46,209000,21.0,Indépendant,6650000,12,2,Moyen,1970000.0,Marié,2,0
44,317000,20.0,CDD,4790000,84,2,Bon,680000.0,Célibataire,1,1
32,158000,18.0,CDI,1090000,24,1,Moyen,110000.0,Divorcé,3,0
29,520000,1.0,CDI,19870000,24,1,Bon,,Marié,0,0
24,411000,4.0,Fonctionnaire,5130000,24,0,Bon,1490000.0,Marié,3,1
25,227000,17.0,Indépendant,5880000,24,1,Moyen,1340000.0,Marié,2,0
25,472000,3.0,CDD,12220000,48,0,Moyen,1560000.0,Marié,2,1
32,195000,11.0,CDD,4410000,84,0,Moyen,1350000.0,Divorcé,1,1
31,658000,24.0,CDI,9400000,36,1,Moyen,1060000.0,Célibataire,3,1
48,310000,28.0,Indépendant,12240000,84,3,Bon,4520000.0,Marié,3,1
47,349000,2.0,CDI,7180000,12,0,Moyen,1750000.0,Divorcé,2,0
42,189000,15.0,Indépendant,6750000,84,1,Mauvais,1610000.0,Marié,0,0
23,351000,3.0,Fonctionnaire,6240000,12,4,Moyen,1750000.0,Célibataire,1,0
41,590000,22.0,CDI,21590000,60,1,Moyen,860000.0,Célibataire,0,1
31,232000,,CDI,5390000,24,2,Moyen,1970000.0,Marié,3,0
48,451000,7.0,Fonctionnaire,15500000,36,2,Moyen,4650000.0,Marié,3,0
49,284000,15.0,CDD,7490000,84,2,Bon,2610000.0,Célibataire,1,1
37,176000,,CDD,2770000,12,3,Bon,1110000.0,Célibataire,3,0
30,80000,3.0,Fonctionnaire,830000,84,1,Mauvais,130000.0,Marié,3,0
35,312000,11.0,Fonctionnaire,9870000,60,3,Bon,2200000.0,Marié,2,1
64,106000,15.0,CDI,4110000,84,1,Bon,1450000.0,Marié,2,1
49,222000,10.0,CDI,8780000,48,0,Moyen,1230000.0,Célibataire,0,0
24,373000,23.0,Fonctionnaire,11560000,60,0,Mauvais,2370000.0,Célibataire,1,1
59,402000,22.0,Indépendant,5880000,84,1,Bon,1340000.0,Célibataire,2,1
44,227000,21.0,CDD,1780000,36,1,Bon,10000.0,Célibataire,2,1
44,405000,13.0,CDI,4820000,12,2,Bon,570000.0,Célibataire,0,0
34,364000,5.0,CDD,5040000,84,1,Moyen,1470000.0,Marié,0,1
46,285000,15.0,Fonctionnaire,2360000,60,0,Bon,540000.0,Marié,3,1
31,580000,15.0,CDI,14970000,60,1,Bon,1990000.0,Célibataire,1,1
23,914000,24.0,CDI,30310000,60,1,Bon,9590000.0,Marié,7,1
31,143000,4.0,CDD,790000,36,1,Bon,250000.0,Marié,1,1
26,245000,11.0,Indépendant,9250000,84,3,Moyen,1410000.0,Marié,4,0
53,378000,27.0,CDD,6890000,84,1,Moyen,2620000.0,Célibataire,1,1
37,385000,20.0,Fonctionnaire,14960000,60,2,Moyen,4070000.0,Divorcé,2,0
60,258000,13.0,CDD,2420000,60,0,Bon,910000.0,Divorcé,2,1
38,230000,26.0,CDI,6660000,24,1,Bon,470000.0,Marié,5,0
64,469000,2.0,Fonctionnaire,17820000,60,0,Moyen,4720000.0,Marié,0,1
24,375000,22.0,CDI,9710000,48,1,Moyen,2090000.0,Célibataire,2,1
56,599000,8.0,CDI,18830000,12,0,Moyen,7040000.0,Marié,2,0
59,269000,25.0,Indépendant,4450000,60,1,Mauvais,1470000.0,Marié,0,1
35,509000,22.0,CDD,6110000,12,4,Mauvais,2330000.0,Marié,1,0
61,147000,19.0,CDI,2730000,84,0,Bon,170000.0,Célibataire,0,1
46,378000,25.0,Indépendant,6370000,12,2,Moyen,1180000.0,Marié,0,0
53,117000,28.0,CDI,4140000,24,0,Bon,750000.0,Célibataire,3,0
48,750000,0.0,CDD,11490000,36,1,Bon,2760000.0,Célibataire,0,1
50,791000,13.0,Indépendant,29110000,36,1,Moyen,5930000.0,Marié,2,0
48,240000,18.0,CDI,1740000,36,0,Bon,370000.0,Marié,1,1
60,186000,9.0,Indépendant,5310000,84,3,Bon,610000.0,Marié,3,0
54,303000,24.0,CDD,3240000,12,3,Moyen,80000.0,Marié,2,0
30,440000,24.0,CDD,7760000,60,0,Bon,760000.0,Marié,0,1
59,218000,22.0,CDI,6340000,24,1,Bon,2520000.0,Divorcé,2,0
35,516000,3.0,CDD,12730000,60,2,Bon,1180000.0,Marié,1,1
64,231000,26.0,CDD,7670000,120,2,Bon,590000.0,Marié,2,1
50,350000,20.0,CDI,2220000,24,2,Moyen,80000.0,Marié,0,1
48,468000,12.0,CDI,15150000,24,1,Moyen,4360000.0,Célibataire,2,0
59,124000,8.0,CDI,4450000,36,2,Mauvais,1140000.0,Marié,2,0
46,80000,0.0,Indépendant,620000,60,1,Moyen,210000.0,Marié,0,0
46,219000,28.0,CDD,5810000,48,2,Bon,830000.0,Marié,0,1
64,359000,15.0,Indépendant,8470000,120,1,Bon,570000.0,Marié,3,1
21,124000,5.0,CDD,2790000,48,0,Bon,140000.0,Marié,0,0
42,100000,20.0,CDI,660000,36,0,Moyen,170000.0,Divorcé,2,1
43,201000,1.0,Fonctionnaire,5860000,48,0,Moyen,1550000.0,Divorcé,5,0
45,330000,4.0,Fonctionnaire,7980000,84,0,Moyen,350000.0,Célibataire,0,1
28,110000,4.0,CDI,3040000,12,1,Bon,1140000.0,Célibataire,2,0
54,266000,0.0,CDD,5790000,36,3,Bon,1840000.0,Célibataire,2,0
35,340000,25.0,CDI,6660000,12,3,Bon,40000.0,Célibataire,0,0
22,158000,4.0,Indépendant,2040000,48,1,Moyen,450000.0,Célibataire,3,0
32,502000,,Indépendant,3490000,60,0,Moyen,170000.0,Célibataire,0,1
38,113000,8.0,CDI,3010000,120,2,Moyen,360000.0,Célibataire,1,0
27,328000,24.0,CDD,11580000,60,1,Moyen,1520000.0,Marié,1,0
62,840000,20.0,CDI,12670000,24,2,Bon,3760000.0,Marié,2,1
47,251000,8.0,Fonctionnaire,4540000,36,1,Bon,220000.0,Marié,1,1
22,336000,18.0,CDD,11570000,84,0,Mauvais,1370000.0,Marié,0,1
55,674000,26.0,Fonctionnaire,5890000,60,2,Bon,840000.0,Marié,4,1
33,141000,5.0,CDD,5310000,84,2,Bon,1910000.0,Célibataire,2,0
24,299000,16.0,Indépendant,5560000,84,1,Moyen,900000.0,Célibataire,2,1
48,295000,11.0,Indépendant,10550000,12,0,,4220000.0,Célibataire,2,0
43,528000,14.0,CDD,4820000,24,1,Bon,1560000.0,Célibataire,0,1
38,347000,6.0,CDI,10590000,60,2,Moyen,2800000.0,Célibataire,2,0
41,415000,17.0,CDD,10980000,48,1,Bon,970000.0,Marié,1,1
59,319000,29.0,CDD,10990000,60,1,Bon,3190000.0,Divorcé,1,1
34,338000,13.0,CDD,7470000,12,3,,670000.0,Marié,1,0
33,196000,0.0,CDD,6510000,84,0,Bon,1460000.0,Marié,1,0
40,234000,12.0,Indépendant,5810000,60,0,Moyen,610000.0,Marié,2,1
33,328000,25.0,CDI,2670000,60,0,Mauvais,30000.0,Marié,2,1
28,248000,7.0,CDI,2410000,48,2,Mauvais,280000.0,Marié,0,0
24,138000,0.0,Indépendant,5240000,84,0,Bon,1460000.0,Célibataire,1,1
26,215000,11.0,Fonctionnaire,1370000,36,2,,270000.0,Célibataire,4,1
44,549000,2.0,CDD,8060000,12,1,Moyen,2970000.0,Marié,3,0
44,205000,27.0,CDD,3180000,60,0,Moyen,180000.0,Célibataire,2,1
40,322000,9.0,CDI,1890000,60,1,Bon,30000.0,Divorcé,0,1
33,207000,25.0,CDD,3600000,84,1,Mauvais,,Célibataire,1,1
54,232000,18.0,CDI,2060000,48,0,Bon,610000.0,Célibataire,0,1
28,368000,9.0,Fonctionnaire,3950000,48,0,Mauvais,520000.0,Marié,1,1
54,326000,23.0,CDI,12670000,60,2,Moyen,1020000.0,Marié,2,0
25,388000,3.0,Indépendant,12780000,60,1,Bon,20000.0,Marié,2,0
36,121000,29.0,CDI,4120000,120,1,Bon,180000.0,Célibataire,1,1
36,124000,12.0,CDD,3260000,60,1,Bon,70000.0,Célibataire,1,0
34,190000,23.0,CDD,3660000,120,0,Bon,10000.0,Marié,1,1
47,657000,13.0,CDD,3480000,36,0,Moyen,1090000.0,Marié,1,1
62,377000,21.0,CDD,3750000,120,6,Moyen,810000.0,Marié,2,1
62,243000,28.0,CDI,6110000,24,1,Bon,150000.0,Célibataire,0,0
51,216000,1.0,Indépendant,2090000,48,3,Moyen,590000.0,Marié,2,0
34,239000,21.0,CDI,4910000,12,2,Bon,1940000.0,Célibataire,1,0
51,80000,21.0,CDD,2730000,84,0,Bon,960000.0,Divorcé,2,1
34,276000,17.0,CDI,5930000,120,0,Bon,120000.0,Marié,0,1
44,427000,,Indépendant,8990000,12,1,Bon,150000.0,Célibataire,1,0
55,243000,7.0,CDI,6860000,48,2,Bon,1020000.0,Marié,2,0
35,342000,2.0,CDD,5620000,24,1,Mauvais,1080000.0,Divorcé,2,0
40,358000,15.0,CDI,2720000,120,0,Bon,720000.0,Célibataire,0,1
48,475000,13.0,CDI,8020000,60,1,Bon,1560000.0,Célibataire,1,1
58,532000,21.0,Indépendant,14310000,36,3,Mauvais,5430000.0,Marié,1,0
47,377000,25.0,CDI,12890000,84,3,Moyen,460000.0,Marié,2,1
21,259000,18.0,CDI,2410000,120,2,Moyen,470000.0,Marié,0,1
32,377000,23.0,Fonctionnaire,12820000,12,3,Bon,2690000.0,Marié,1,0
59,656000,13.0,CDD,7410000,12,3,Mauvais,1280000.0,Célibataire,1,0
47,685000,26.0,CDD,10270000,12,0,Mauvais,3860000.0,Célibataire,2,0
56,817000,20.0,CDD,21280000,12,1,Bon,7820000.0,Célibataire,1,0
51,309000,8.0,CDI,3010000,84,2,Bon,980000.0,Divorcé,3,1
44,559000,8.0,CDD,13680000,36,2,Mauvais,750000.0,Marié,0,0
52,80000,,Indépendant,960000,48,2,Moyen,130000.0,Marié,2,0
40,272000,28.0,CDD,4580000,24,0,Moyen,1790000.0,Marié,1,1
43,169000,12.0,CDI,1150000,60,1,Bon,80000.0,Divorcé,1,1
23,1051000,4.0,CDI,27510000,60,2,Moyen,7500000.0,Marié,0,1
36,80000,4.0,CDI,2130000,36,0,Bon,720000.0,Célibataire,1,0
22,887000,2.0,CDD,26470000,120,1,Bon,6280000.0,Célibataire,4,1
57,306000,24.0,Indépendant,7280000,48,1,Bon,1640000.0,Célibataire,0,1
41,418000,17.0,Indépendant,15010000,120,1,Bon,1980000.0,Divorcé,0,1
23,207000,12.0,Indépendant,7790000,120,0,Bon,2530000.0,Marié,0,1
32,433000,5.0,CDD,13470000,84,2,Bon,4530000.0,Marié,1,1
48,274000,18.0,CDI,5700000,36,1,Bon,1460000.0,Célibataire,1,1
45,147000,21.0,CDD,2640000,60,2,Mauvais,590000.0,Marié,4,0
36,483000,26.0,CDD,17490000,24,0,Moyen,,Marié,1,0
32,444000,16.0,Indépendant,10830000,120,1,Mauvais,,Marié,2,1
41,114000,5.0,CDD,2540000,60,1,Bon,70000.0,Célibataire,1,1
42,448000,22.0,CDI,13790000,12,1,Moyen,5390000.0,Marié,1,0
39,87000,7.0,CDI,3460000,60,0,Moyen,1360000.0,Divorcé,0,0
32,354000,4.0,Indépendant,12180000,36,0,Bon,170000.0,Marié,1,0
32,432000,2.0,Indépendant,7130000,60,1,Moyen,2490000.0,Célibataire,1,1
43,371000,15.0,Fonctionnaire,13550000,120,1,Mauvais,1400000.0,Célibataire,1,1
62,510000,8.0,Fonctionnaire,17270000,120,1,Bon,6430000.0,Marié,1,1
55,405000,0.0,CDI,4060000,48,3,Bon,770000.0,Divorcé,2,1
29,305000,14.0,CDI,9160000,84,2,Mauvais,1200000.0,Divorcé,0,0
41,208000,27.0,CDD,3140000,12,2,Bon,840000.0,Célibataire,1,0
37,368000,18.0,Indépendant,9440000,48,1,Bon,,Divorcé,0,1
22,449000,9.0,CDD,6070000,24,0,Moyen,2390000.0,Célibataire,2,1
57,345000,23.0,CDD,4320000,24,0,Bon,1190000.0,Marié,5,1
31,300000,28.0,Indépendant,5880000,24,1,Bon,1660000.0,Marié,1,1
41,123000,1.0,Indépendant,1510000,60,3,Mauvais,410000.0,Célibataire,3,0
25,116000,18.0,CDI,1630000,120,3,Bon,,Célibataire,3,1
54,245000,28.0,Indépendant,3040000,60,0,Bon,760000.0,Célibataire,0,1
57,398000,13.0,CDI,13990000,60,0,Moyen,2910000.0,Marié,4,0
52,134000,7.0,CDI,4020000,120,1,Bon,510000.0,Marié,1,1
30,225000,12.0,Fonctionnaire,5810000,36,1,Bon,590000.0,Marié,2,0
59,652000,29.0,CDD,12590000,60,0,Moyen,4040000.0,Célibataire,0,1
33,328000,27.0,CDI,5040000,36,2,Moyen,840000.0,Divorcé,1,1
22,688000,3.0,CDI,26270000,36,0,Bon,6200000.0,Marié,5,0
43,419000,23.0,CDD,13230000,60,2,Moyen,3940000.0,Divorcé,2,1
60,80000,12.0,CDD,3170000,24,1,Bon,1170000.0,Célibataire,2,0
23,326000,23.0,CDD,9060000,36,3,Bon,570000.0,Célibataire,3,0
41,80000,7.0,CDD,2600000,60,2,Bon,520000.0,Marié,0,0
30,226000,4.0,CDI,2120000,36,1,Bon,310000.0,Célibataire,1,1
23,174000,13.0,Indépendant,5310000,84,1,Moyen,490000.0,Divorcé,1,1
35,572000,27.0,CDI,5730000,84,1,Bon,1820000.0,Marié,3,1
30,354000,6.0,CDI,7250000,48,1,Bon,2460000.0,Marié,1,1
29,197000,1.0,Fonctionnaire,1180000,12,0,Moyen,290000.0,Célibataire,0,1
36,354000,28.0,CDI,10960000,12,0,Bon,510000.0,Marié,4,0
44,361000,18.0,CDD,10250000,12,1,Bon,670000.0,Marié,3,0
40,285000,,CDD,1740000,48,1,Bon,260000.0,Marié,2,1
50,399000,4.0,CDD,5130000,48,1,Bon,1170000.0,Célibataire,1,1
33,491000,1.0,CDD,19000000,24,1,Moyen,3560000.0,Célibataire,1,0
21,567000,5.0,CDD,17960000,36,3,Bon,860000.0,Marié,4,0
24,318000,15.0,CDI,11530000,48,2,Moyen,1010000.0,Marié,0,0
27,327000,14.0,Indépendant,10000000,24,0,Bon,1650000.0,Divorcé,0,0
56,230000,27.0,CDI,7440000,12,1,Bon,,Marié,2,0
41,434000,7.0,CDD,15780000,12,2,Bon,,Divorcé,1,0
50,416000,15.0,Indépendant,13480000,36,3,Mauvais,1400000.0,Marié,2,0
59,279000,26.0,CDI,10710000,60,2,Moyen,2610000.0,Divorcé,1,1
47,245000,5.0,Indépendant,4070000,84,1,Bon,1380000.0,Marié,0,1
46,776000,29.0,CDI,30770000,48,0,Moyen,11270000.0,Marié,0,1
39,80000,7.0,Fonctionnaire,3190000,36,1,Bon,720000.0,Marié,4,0
34,288000,5.0,Indépendant,3470000,48,2,Moyen,990000.0,Marié,0,1
60,397000,26.0,Indépendant,5810000,48,2,Mauvais,130000.0,Célibataire,1,1
62,158000,6.0,Indépendant,4500000,24,0,Mauvais,1800000.0,Célibataire,1,0
51,268000,8.0,CDI,10430000,120,1,Moyen,2080000.0,Célibataire,3,1
27,390000,27.0,CDI,3730000,60,0,Mauvais,,Célibataire,1,1
53,436000,9.0,Indépendant,8200000,12,2,Bon,430000.0,Marié,0,0
29,80000,19.0,CDD,540000,60,0,Mauvais,210000.0,Célibataire,1,1
22,109000,20.0,CDD,3190000,48,2,Moyen,1280000.0,Marié,3,0
56,105000,18.0,CDI,970000,48,0,Mauvais,370000.0,Marié,1,1
27,374000,1.0,CDI,10320000,84,1,Mauvais,3870000.0,Marié,2,0
25,678000,27.0,Indépendant,5200000,48,2,Moyen,560000.0,Célibataire,1,1
42,172000,14.0,CDD,5330000,120,1,Moyen,330000.0,Marié,3,1
54,240000,21.0,CDD,5650000,24,0,Moyen,2090000.0,Marié,1,0
36,775000,16.0,CDI,24610000,120,1,Moyen,2080000.0,Marié,2,1
34,578000,9.0,CDI,21150000,36,1,Bon,7400000.0,Célibataire,0,0
29,690000,0.0,Fonctionnaire,13780000,60,0,Moyen,2680000.0,Divorcé,1,1
26,442000,13.0,CDI,7500000,84,0,Moyen,10000.0,Célibataire,1,1
57,150000,9.0,Fonctionnaire,4060000,120,1,Moyen,1100000.0,Marié,1,1
61,161000,17.0,Indépendant,3330000,60,2,Bon,730000.0,Divorcé,1,0
22,157000,5.0,Indépendant,3770000,36,1,Bon,830000.0,Célibataire,2,0
57,80000,4.0,Indépendant,2200000,24,0,Moyen,150000.0,Célibataire,1,0
64,285000,15.0,CDI,4680000,120,3,Moyen,1080000.0,Marié,1,1
62,339000,9.0,Indépendant,9330000,36,1,Bon,3140000.0,Marié,2,0
62,460000,27.0,CDI,10670000,60,0,Mauvais,2160000.0,Marié,2,1
39,243000,23.0,CDI,6470000,36,1,Bon,1170000.0,Célibataire,1,1
63,300000,16.0,Fonctionnaire,10320000,36,2,Mauvais,60000.0,Célibataire,0,0
64,277000,24.0,Indépendant,6220000,12,1,Bon,1080000.0,Célibataire,0,0
37,241000,5.0,CDI,5690000,60,0,Moyen,,Célibataire,2,1
21,468000,21.0,Indépendant,16060000,120,1,Bon,2660000.0,Célibataire,2,1
24,235000,14.0,Indépendant,5630000,60,0,Mauvais,180000.0,Marié,2,0
57,228000,,Fonctionnaire,2130000,60,3,Moyen,610000.0,Célibataire,2,1
50,341000,,CDD,12080000,120,4,Bon,2170000.0,Célibataire,3,1
50,133000,9.0,Indépendant,760000,36,2,Bon,250000.0,Marié,1,1
49,157000,18.0,CDI,4990000,120,0,Bon,80000.0,Marié,2,1
41,168000,20.0,CDD,1640000,36,1,Bon,650000.0,Célibataire,0,1
23,448000,24.0,CDD,3690000,48,3,Moyen,1470000.0,Marié,2,1
45,265000,11.0,Indépendant,8220000,48,2,Bon,70000.0,Célibataire,1,0
23,300000,4.0,CDD,3880000,84,1,Bon,1360000.0,Célibataire,3,1
31,333000,28.0,Indépendant,8830000,84,0,Bon,1480000.0,Marié,3,1
59,675000,13.0,Indépendant,5000000,24,3,Bon,1630000.0,Célibataire,2,1
57,303000,17.0,Fonctionnaire,2620000,48,1,Bon,260000.0,Célibataire,1,1
41,273000,2.0,CDD,5950000,84,1,Bon,1550000.0,Célibataire,0,1
34,644000,6.0,CDD,19130000,84,0,Mauvais,6450000.0,Marié,2,1
59,568000,29.0,Indépendant,22540000,120,0,Bon,5720000.0,Célibataire,1,1
62,277000,6.0,CDD,3550000,12,1,Mauvais,100000.0,Marié,1,0
51,412000,5.0,Fonctionnaire,6800000,24,0,Bon,940000.0,Célibataire,3,1
60,461000,29.0,CDI,2840000,24,1,Bon,30000.0,Célibataire,0,1
47,443000,16.0,Indépendant,14660000,60,2,Bon,5560000.0,Marié,3,1
37,389000,19.0,CDD,12200000,12,2,Mauvais,550000.0,Marié,2,0
44,615000,10.0,CDI,22250000,120,0,Mauvais,5060000.0,Marié,5,1
55,207000,25.0,CDD,1600000,12,0,Moyen,110000.0,Divorcé,3,0
39,379000,19.0,Indépendant,7220000,120,1,Moyen,1160000.0,Marié,0,1
54,314000,9.0,CDI,3460000,84,2,Bon,460000.0,Célibataire,3,1
23,370000,26.0,Fonctionnaire,10780000,120,0,Mauvais,1550000.0,Célibataire,2,1
38,285000,22.0,Fonctionnaire,8520000,120,1,Moyen,790000.0,Marié,1,1
51,174000,4.0,Fonctionnaire,6610000,84,1,Bon,2090000.0,Célibataire,1,1
35,416000,10.0,CDI,9110000,12,1,Mauvais,1200000.0,Divorcé,1,0
46,410000,3.0,Indépendant,9740000,120,0,Bon,3180000.0,Marié,2,1
61,832000,10.0,Fonctionnaire,18350000,48,1,,1890000.0,Marié,1,1
37,141000,17.0,Indépendant,3370000,120,2,Bon,440000.0,Divorcé,2,1
33,226000,,Fonctionnaire,7020000,24,1,Bon,1240000.0,Célibataire,1,0
38,343000,12.0,Indépendant,10680000,24,1,Bon,810000.0,Célibataire,2,0
32,504000,25.0,CDD,17230000,120,0,Moyen,5640000.0,Célibataire,2,1
42,115000,5.0,CDD,4140000,12,2,Bon,1590000.0,Divorcé,3,0
57,159000,23.0,Indépendant,5870000,48,2,Bon,800000.0,Célibataire,1,0
31,195000,27.0,Fonctionnaire,6550000,120,3,Bon,1110000.0,Marié,3,1
33,478000,0.0,CDD,5020000,60,0,Mauvais,990000.0,Marié,2,1
56,126000,19.0,Indépendant,920000,60,4,Bon,20000.0,Marié,1,1
45,292000,23.0,CDI,10510000,84,4,,690000.0,Célibataire,2,1
39,313000,1.0,Fonctionnaire,3870000,48,2,Bon,620000.0,Célibataire,0,1
21,662000,15.0,CDD,10340000,36,1,Mauvais,3760000.0,Marié,2,1
34,571000,5.0,CDI,8450000,12,1,Bon,760000.0,Marié,1,0
22,697000,27.0,CDI,6820000,36,1,Moyen,1790000.0,Marié,4,1
25,293000,7.0,CDI,10370000,12,0,Mauvais,3210000.0,Célibataire,4,0
27,748000,18.0,CDI,22540000,84,1,Moyen,6510000.0,Marié,2,1
47,200000,0.0,CDI,7930000,48,1,Bon,2410000.0,Marié,3,0
51,241000,28.0,Indépendant,2310000,84,0,Bon,740000.0,Divorcé,1,1
61,432000,23.0,CDI,12800000,36,0,Bon,910000.0,Marié,2,1
36,203000,2.0,CDD,5440000,12,0,Moyen,2170000.0,Marié,0,0
44,327000,,CDI,11480000,12,3,Bon,1480000.0,Marié,1,0
53,140000,24.0,CDD,2150000,24,2,Bon,850000.0,Marié,0,0
54,247000,11.0,Indépendant,5310000,24,1,Moyen,1400000.0,Marié,1,0
26,457000,,Indépendant,10870000,36,1,Bon,920000.0,Célibataire,1,1
23,398000,8.0,CDI,12930000,24,0,Moyen,520000.0,Célibataire,0,0
54,332000,7.0,Indépendant,7960000,60,2,Bon,240000.0,Divorcé,0,1
31,597000,12.0,Fonctionnaire,11290000,24,0,Bon,1300000.0,Marié,1,1
41,247000,13.0,Fonctionnaire,1440000,84,0,Moyen,400000.0,Célibataire,3,1
59,865000,16.0,CDI,19540000,120,0,Bon,520000.0,Célibataire,2,1
62,486000,22.0,CDI,16560000,36,2,Moyen,4430000.0,Marié,1,0
44,432000,5.0,CDI,16250000,120,0,Bon,3730000.0,Marié,2,1
22,241000,8.0,CDI,6220000,120,1,Bon,1450000.0,Célibataire,2,1
56,279000,16.0,Indépendant,6300000,12,2,Moyen,480000.0,Marié,1,0
50,117000,26.0,Indépendant,4620000,120,1,Moyen,1010000.0,Marié,0,1
47,469000,29.0,CDI,7400000,36,2,Bon,,Marié,1,1
27,475000,0.0,CDI,15250000,48,0,Bon,,Marié,3,1
21,301000,21.0,Fonctionnaire,3960000,84,0,Moyen,950000.0,Célibataire,1,1
60,269000,13.0,CDI,10010000,48,1,Moyen,1320000.0,Divorcé,3,0
43,241000,6.0,Indépendant,4430000,84,2,Bon,450000.0,Marié,2,1
27,324000,17.0,CDI,8060000,84,1,Moyen,1340000.0,Marié,0,1
37,251000,14.0,CDD,6410000,24,0,,230000.0,Célibataire,1,0
48,532000,15.0,Indépendant,11870000,12,0,Bon,3100000.0,Marié,3,0
40,249000,0.0,Fonctionnaire,8270000,60,0,Bon,400000.0,Célibataire,0,1
51,710000,10.0,Indépendant,27740000,60,2,Moyen,8670000.0,Divorcé,0,1
52,239000,24.0,CDI,6810000,24,1,Bon,540000.0,Célibataire,3,0
58,167000,9.0,CDD,5900000,120,1,Bon,2270000.0,Célibataire,0,1
23,89000,10.0,CDI,710000,36,1,Moyen,250000.0,Célibataire,2,1
37,518000,15.0,Fonctionnaire,6020000,24,1,Bon,,Célibataire,0,1
63,151000,19.0,CDI,1680000,120,0,Bon,150000.0,Marié,1,1
40,199000,7.0,Indépendant,7150000,12,2,Moyen,2150000.0,Célibataire,3,0
51,247000,9.0,Indépendant,9700000,84,0,Bon,980000.0,Célibataire,2,1
29,682000,3.0,CDD,6440000,36,2,Bon,1270000.0,Célibataire,2,1
43,376000,15.0,Indépendant,10020000,24,1,Bon,3510000.0,Marié,0,0
52,463000,14.0,CDI,4430000,36,1,Mauvais,650000.0,Célibataire,2,1
44,80000,6.0,CDI,810000,24,0,Bon,150000.0,Célibataire,2,1
29,312000,11.0,CDD,4670000,60,2,Bon,1720000.0,Célibataire,2,1
50,553000,26.0,CDI,9650000,12,1,Bon,1070000.0,Célibataire,2,0
41,502000,6.0,CDI,4300000,120,2,Moyen,860000.0,Célibataire,1,1
43,268000,0.0,CDI,10300000,12,2,Mauvais,1280000.0,Célibataire,2,0
48,206000,6.0,Fonctionnaire,6260000,36,4,Bon,2220000.0,Marié,1,0
26,309000,1.0,Indépendant,1900000,48,2,Bon,250000.0,Célibataire,1,1
40,349000,8.0,CDI,10090000,84,1,Bon,2490000.0,Marié,0,1
35,614000,17.0,CDI,17040000,48,4,Moyen,530000.0,Célibataire,0,1
47,144000,24.0,Indépendant,3820000,36,1,Moyen,1450000.0,Célibataire,3,0
55,387000,8.0,Indépendant,2770000,60,0,Moyen,,Célibataire,6,1
41,169000,2.0,Indépendant,2900000,36,0,Bon,750000.0,Marié,2,1
60,305000,13.0,CDI,6360000,24,2,Bon,1090000.0,Marié,2,0
32,324000,22.0,CDD,7210000,12,1,Mauvais,1910000.0,Marié,3,0
42,206000,23.0,CDI,6600000,36,1,Bon,2600000.0,Célibataire,1,1
25,102000,26.0,CDD,1050000,120,1,Bon,40000.0,Marié,2,1
21,766000,11.0,CDI,19980000,120,1,Bon,2840000.0,Marié,2,1
61,202000,20.0,CDD,4770000,36,1,Moyen,610000.0,Célibataire,6,0
48,371000,15.0,Indépendant,13440000,60,3,Bon,5000000.0,Célibataire,1,0
23,283000,7.0,Indépendant,3290000,60,1,Moyen,1300000.0,Célibataire,1,1
52,133000,16.0,Indépendant,4630000,48,3,Bon,1330000.0,Célibataire,1,0
58,196000,23.0,CDD,5590000,12,1,Bon,1310000.0,Marié,1,0
32,516000,24.0,Indépendant,20140000,84,0,Moyen,,Célibataire,3,1
26,214000,26.0,Indépendant,7970000,36,0,Bon,2780000.0,Célibataire,0,0
56,119000,17.0,Indépendant,1420000,48,2,Mauvais,230000.0,Marié,1,0
41,361000,10.0,CDD,9740000,48,3,Bon,2030000.0,Marié,1,1
46,450000,2.0,CDD,6240000,60,1,Bon,1190000.0,Marié,2,1
23,471000,1.0,Fonctionnaire,12130000,120,2,Moyen,1300000.0,Célibataire,0,1
22,267000,26.0,CDI,6350000,60,2,Bon,240000.0,Marié,0,1
63,1116000,19.0,Indépendant,12870000,120,1,Moyen,3910000.0,Célibataire,2,1
29,336000,17.0,Fonctionnaire,12370000,84,2,Bon,3980000.0,Célibataire,0,1
58,168000,23.0,CDI,4790000,12,2,Moyen,540000.0,Marié,3,0
61,184000,28.0,CDI,3860000,36,0,Moyen,390000.0,Divorcé,2,1
37,254000,0.0,Indépendant,4520000,84,1,Moyen,750000.0,Divorcé,1,0
41,218000,18.0,Indépendant,2740000,48,0,Bon,740000.0,Marié,3,1
41,239000,0.0,Indépendant,3270000,60,1,Moyen,750000.0,Célibataire,1,0
63,162000,17.0,Indépendant,4510000,48,0,Moyen,1710000.0,Marié,0,0
61,427000,26.0,Fonctionnaire,16180000,24,1,Bon,1540000.0,Célibataire,2,0
55,151000,15.0,Indépendant,5430000,120,1,Moyen,640000.0,Célibataire,1,0
54,157000,24.0,CDI,5490000,12,3,Bon,1240000.0,Marié,3,0
23,112000,19.0,CDD,3640000,60,1,Bon,1370000.0,Marié,0,0
40,274000,14.0,CDI,5450000,24,1,Moyen,1740000.0,Marié,4,0
42,372000,,CDI,8360000,60,2,Mauvais,2370000.0,Marié,0,1
44,210000,28.0,Indépendant,7470000,24,0,Bon,2690000.0,Marié,2,0
63,80000,27.0,Fonctionnaire,2980000,120,0,Bon,1080000.0,Célibataire,1,1
49,337000,24.0,Indépendant,2330000,12,2,Bon,60000.0,Marié,2,1
32,172000,16.0,Fonctionnaire,3360000,48,1,Bon,1310000.0,Marié,0,1
55,368000,2.0,CDI,3570000,60,0,Bon,690000.0,Célibataire,4,1
43,425000,10.0,Indépendant,8950000,120,1,Moyen,3350000.0,Marié,1,1
34,113000,2.0,CDD,3310000,48,0,Mauvais,990000.0,Marié,1,0
51,333000,26.0,Indépendant,6480000,24,3,Moyen,1640000.0,Marié,2,0
59,336000,26.0,Indépendant,5810000,24,2,Bon,1650000.0,Marié,1,1
44,251000,0.0,CDI,4120000,48,0,Bon,690000.0,Marié,0,1
60,468000,10.0,CDI,16970000,48,2,Bon,4630000.0,Célibataire,4,0
54,318000,2.0,Fonctionnaire,11200000,36,1,Mauvais,1440000.0,Marié,0,0
59,457000,11.0,Fonctionnaire,16640000,120,2,Bon,240000.0,Marié,0,1
36,241000,5.0,CDI,2750000,120,1,Bon,960000.0,Marié,1,1
21,127000,24.0,Fonctionnaire,2730000,60,1,Mauvais,520000.0,Célibataire,2,0
42,554000,22.0,Indépendant,5260000,12,2,Bon,390000.0,Marié,1,1
34,320000,28.0,CDI,5460000,120,0,Moyen,280000.0,Célibataire,3,1
55,520000,2.0,Indépendant,9520000,36,2,Moyen,90000.0,Marié,0,0
34,140000,5.0,CDD,1610000,12,2,Mauvais,190000.0,Marié,1,0
23,224000,29.0,CDI,6760000,36,1,Moyen,680000.0,Célibataire,0,0
26,120000,21.0,CDD,2330000,12,2,Bon,650000.0,Célibataire,2,0
31,547000,9.0,CDI,21540000,24,2,Bon,6950000.0,Célibataire,2,0
57,296000,26.0,CDD,11460000,12,3,Mauvais,3040000.0,Divorcé,1,0
47,376000,3.0,CDI,3420000,84,1,Mauvais,280000.0,Marié,1,1
49,535000,28.0,Indépendant,8760000,120,1,Bon,1010000.0,Célibataire,1,1
31,83000,5.0,Fonctionnaire,2410000,36,0,Moyen,730000.0,Marié,2,0
22,418000,26.0,Fonctionnaire,10060000,12,0,Bon,2030000.0,Marié,3,0
32,471000,9.0,Fonctionnaire,18280000,48,1,Bon,3240000.0,Marié,1,1
44,830000,5.0,Fonctionnaire,6430000,60,0,Bon,1170000.0,Célibataire,4,1
44,166000,9.0,CDI,1950000,120,1,Bon,750000.0,Marié,2,1
53,258000,23.0,Indépendant,3980000,36,2,Moyen,180000.0,Marié,0,0
38,207000,3.0,Indépendant,4400000,24,1,Bon,1520000.0,Célibataire,0,0
60,128000,19.0,CDI,1100000,36,0,Moyen,40000.0,Célibataire,1,1
41,674000,3.0,CDD,9250000,60,1,Moyen,3290000.0,Célibataire,3,1
42,207000,9.0,Indépendant,5720000,60,0,Bon,470000.0,Divorcé,2,1
39,279000,20.0,CDI,9330000,36,0,Moyen,1630000.0,Célibataire,0,0
22,491000,25.0,Indépendant,18010000,60,0,Bon,4670000.0,Célibataire,2,1
37,186000,15.0,CDI,5190000,120,1,Bon,1610000.0,Marié,2,1
60,360000,4.0,Fonctionnaire,13600000,36,3,Moyen,1560000.0,Marié,2,0
24,450000,18.0,Indépendant,6890000,60,1,Bon,2320000.0,Célibataire,1,1
30,644000,26.0,CDI,19620000,120,1,Bon,1100000.0,Marié,2,1
63,373000,21.0,CDD,11790000,24,1,Moyen,2680000.0,Divorcé,1,0
34,357000,17.0,Fonctionnaire,8040000,12,0,Bon,280000.0,Marié,3,0
34,321000,21.0,Fonctionnaire,7710000,24,1,Bon,560000.0,Célibataire,0,0
46,275000,23.0,CDI,8300000,120,3,Moyen,2200000.0,Marié,1,1
31,655000,,CDI,4190000,60,3,Bon,200000.0,Marié,6,1
45,508000,22.0,CDI,9430000,36,3,Bon,160000.0,Divorcé,2,1
51,224000,6.0,CDD,8000000,12,2,Bon,1410000.0,Célibataire,1,0
51,161000,26.0,CDI,2920000,36,1,Bon,,Marié,3,1
51,326000,6.0,CDD,10020000,48,3,Bon,3810000.0,Marié,2,0
63,526000,3.0,Fonctionnaire,3190000,36,1,Mauvais,740000.0,Marié,2,1
56,144000,5.0,CDI,3160000,60,3,Mauvais,1050000.0,Célibataire,1,0
45,160000,5.0,CDI,3520000,84,0,Bon,600000.0,Marié,1,1
51,639000,4.0,CDD,12870000,24,0,Bon,2640000.0,Célibataire,0,0
43,115000,22.0,CDI,3080000,48,1,Bon,320000.0,Célibataire,2,1
62,518000,5.0,Fonctionnaire,2980000,120,4,Moyen,690000.0,Marié,1,1
34,226000,20.0,CDD,4680000,48,0,Bon,580000.0,Marié,4,1
37,435000,25.0,CDD,6710000,24,1,Bon,,Marié,2,1
26,347000,5.0,CDD,1990000,120,0,Bon,330000.0,Célibataire,1,1
25,172000,16.0,CDD,1900000,84,0,Bon,520000.0,Marié,2,1
39,489000,19.0,CDI,11660000,24,0,Bon,1600000.0,Marié,0,1
58,80000,13.0,Indépendant,2940000,84,2,Bon,50000.0,Marié,2,0
63,323000,7.0,CDD,11170000,60,0,Bon,2000000.0,Marié,1,1
32,192000,1.0,Indépendant,2010000,60,1,Moyen,510000.0,Divorcé,3,0
55,592000,25.0,Indépendant,12570000,120,0,Bon,1320000.0,Célibataire,1,1
35,313000,20.0,Fonctionnaire,8820000,84,3,Mauvais,2090000.0,Marié,2,1
56,429000,13.0,Indépendant,4690000,84,1,Moyen,1120000.0,Marié,1,1
42,194000,29.0,Fonctionnaire,4270000,84,3,,1220000.0,Marié,3,1
33,196000,14.0,Fonctionnaire,5170000,12,0,Moyen,2040000.0,Marié,1,0
34,684000,,CDD,4390000,36,0,Bon,1730000.0,Célibataire,3,1
26,427000,4.0,Indépendant,3010000,48,0,Bon,770000.0,Marié,0,1
31,217000,18.0,Fonctionnaire,6950000,12,1,Mauvais,180000.0,Marié,2,0
50,289000,21.0,CDD,7200000,120,1,Bon,570000.0,Célibataire,1,1
23,139000,29.0,CDD,3030000,36,0,Mauvais,330000.0,Marié,1,0
29,384000,9.0,CDD,12250000,48,0,Moyen,3740000.0,Divorcé,1,1
35,536000,21.0,CDD,12600000,60,1,Mauvais,470000.0,Célibataire,1,1
27,145000,18.0,CDI,3300000,60,1,Bon,190000.0,Célibataire,1,1
24,80000,3.0,CDI,1140000,24,2,Moyen,410000.0,Marié,1,0
52,639000,23.0,CDD,10990000,60,1,Bon,4100000.0,Marié,0,1
32,198000,27.0,Fonctionnaire,1290000,84,0,Bon,20000.0,Marié,4,1
45,298000,5.0,CDD,3340000,36,0,Bon,790000.0,Célibataire,1,1
52,277000,8.0,CDD,2470000,36,0,Moyen,290000.0,Marié,1,1
35,240000,27.0,CDI,5030000,36,1,Bon,30000.0,Célibataire,0,1
50,202000,16.0,Fonctionnaire,6770000,24,3,Bon,,Célibataire,2,0
47,601000,1.0,CDD,23770000,84,3,Bon,3900000.0,Célibataire,0,1
28,501000,4.0,Indépendant,11620000,24,0,Mauvais,3380000.0,Célibataire,0,0
47,364000,16.0,CDD,10210000,12,4,Bon,3570000.0,Divorcé,0,0
35,80000,15.0,CDI,1290000,48,1,Mauvais,340000.0,Marié,4,0
26,88000,8.0,Fonctionnaire,2890000,36,3,Moyen,760000.0,Marié,2,0
53,550000,18.0,CDI,6370000,84,3,Bon,1450000.0,Célibataire,2,1
41,176000,26.0,CDD,2950000,24,1,Bon,630000.0,Marié,0,1
44,175000,29.0,Indépendant,6700000,24,1,Bon,2150000.0,Marié,1,0
43,198000,27.0,CDI,4380000,24,2,Bon,250000.0,Marié,0,0
60,263000,13.0,Fonctionnaire,5180000,24,0,Bon,480000.0,Célibataire,0,1
34,177000,4.0,CDI,2280000,60,1,Bon,790000.0,Marié,1,1
59,389000,14.0,CDD,13890000,120,2,Moyen,380000.0,Célibataire,3,1
44,705000,18.0,Fonctionnaire,17660000,60,1,Moyen,260000.0,Célibataire,1,1
61,289000,24.0,CDD,11490000,24,3,Bon,1820000.0,Célibataire,0,0
51,392000,19.0,Indépendant,8650000,48,1,Bon,,Célibataire,1,1
63,160000,27.0,CDI,2340000,60,2,Bon,800000.0,Célibataire,2,1
23,218000,9.0,Fonctionnaire,4970000,60,1,Bon,1320000.0,Marié,3,1
41,565000,13.0,Indépendant,13300000,12,2,Bon,5050000.0,Divorcé,1,0
40,373000,17.0,CDI,5410000,60,2,Moyen,1730000.0,Marié,1,1
48,652000,3.0,Indépendant,4120000,12,1,Mauvais,1620000.0,Marié,3,0
57,505000,29.0,Indépendant,5640000,84,0,Moyen,370000.0,Marié,2,1
25,181000,27.0,Indépendant,4470000,84,0,Bon,310000.0,Célibataire,3,1
36,353000,16.0,CDI,5210000,24,4,Bon,1510000.0,Marié,2,0
47,164000,28.0,CDI,850000,120,0,Bon,260000.0,Marié,2,1
43,373000,21.0,CDD,2950000,24,1,Bon,610000.0,Marié,3,1
52,801000,17.0,CDD,5270000,48,0,Bon,660000.0,Célibataire,2,1
50,248000,4.0,CDD,1950000,36,1,Bon,600000.0,Célibataire,0,1
26,496000,2.0,CDD,14230000,36,3,Mauvais,3830000.0,Célibataire,3,0
27,189000,28.0,Fonctionnaire,2670000,120,0,Bon,500000.0,Divorcé,1,1
35,407000,22.0,CDI,4090000,24,5,Bon,1070000.0,Marié,2,1
38,811000,29.0,Indépendant,24500000,48,1,Moyen,6120000.0,Divorcé,1,1
61,452000,16.0,CDI,2530000,12,1,Bon,770000.0,Marié,3,1
35,211000,8.0,Fonctionnaire,4410000,120,0,Mauvais,1080000.0,Célibataire,0,1
23,214000,12.0,CDI,2680000,12,0,Bon,50000.0,Marié,0,0
27,371000,21.0,Fonctionnaire,12780000,12,3,Bon,2460000.0,Marié,1,0
63,80000,11.0,Fonctionnaire,1180000,84,2,Moyen,360000.0,Divorcé,1,1
54,80000,24.0,Indépendant,2810000,24,0,Bon,1070000.0,Marié,2,0
51,605000,11.0,CDD,15710000,24,2,Bon,2220000.0,Divorcé,1,0
21,407000,18.0,CDI,5340000,12,1,Mauvais,1210000.0,Marié,1,0
26,284000,19.0,CDD,8550000,24,1,Bon,1380000.0,Célibataire,1,0
50,459000,4.0,Indépendant,17080000,12,0,Bon,2310000.0,Célibataire,1,0
23,726000,4.0,Indépendant,14590000,24,0,Moyen,5700000.0,Célibataire,2,1
34,386000,17.0,CDI,14500000,12,2,Bon,3500000.0,Célibataire,0,0
25,126000,14.0,Indépendant,2720000,84,2,Bon,590000.0,Marié,1,1
63,370000,7.0,Indépendant,4880000,12,3,Bon,410000.0,Marié,2,0
43,389000,9.0,CDI,2600000,36,3,,270000.0,Célibataire,1,1
47,142000,13.0,CDI,2370000,120,3,Moyen,570000.0,Divorcé,1,1
24,462000,20.0,CDD,9960000,24,1,Moyen,2270000.0,Marié,2,0
25,446000,14.0,Indépendant,16580000,12,4,Moyen,430000.0,Marié,2,0
32,434000,13.0,CDI,14290000,12,1,Mauvais,,Marié,3,0
35,562000,13.0,CDI,8230000,84,3,Bon,2120000.0,Divorcé,0,1
53,536000,13.0,CDD,14730000,120,1,Bon,2930000.0,Célibataire,1,1
46,327000,25.0,Indépendant,2860000,60,2,Moyen,950000.0,Divorcé,0,1
27,453000,22.0,CDD,9860000,36,1,Mauvais,3780000.0,Marié,1,0
44,126000,9.0,CDI,2380000,48,3,Moyen,300000.0,Marié,2,0
40,240000,4.0,Indépendant,5300000,60,0,Moyen,280000.0,Marié,2,1
61,237000,1.0,Indépendant,8660000,60,1,Bon,1970000.0,Célibataire,2,0
45,1271000,8.0,CDD,50600000,24,1,Mauvais,9110000.0,Célibataire,1,0
40,455000,20.0,Indépendant,14570000,120,0,Bon,3230000.0,Divorcé,1,1
37,189000,18.0,Indépendant,1540000,48,1,Bon,40000.0,Célibataire,1,1
47,418000,25.0,CDI,4690000,12,2,Moyen,840000.0,Marié,2,0
56,470000,16.0,CDD,11840000,12,2,Mauvais,80000.0,Célibataire,1,0
55,204000,10.0,CDD,4010000,60,3,Moyen,940000.0,Célibataire,1,0
29,106000,20.0,CDD,3650000,36,1,Mauvais,1280000.0,Marié,1,0
49,250000,25.0,Fonctionnaire,8450000,12,0,Bon,800000.0,Célibataire,1,0
37,111000,3.0,CDI,2230000,24,2,Bon,70000.0,Célibataire,0,0
27,158000,26.0,Indépendant,3930000,48,2,Bon,420000.0,Marié,1,0
33,392000,4.0,Fonctionnaire,6770000,48,1,Moyen,1120000.0,Marié,6,1
38,172000,9.0,CDD,1350000,36,2,Moyen,140000.0,Marié,0,1
60,318000,1.0,CDD,11300000,60,0,Bon,3060000.0,Marié,1,0
54,386000,10.0,CDD,7160000,36,1,Mauvais,220000.0,Célibataire,0,0
31,540000,17.0,CDD,6860000,120,0,Bon,1170000.0,Marié,1,1
34,307000,4.0,CDI,3730000,36,2,Bon,1320000.0,Célibataire,0,1
36,188000,2.0,CDI,1610000,120,3,Moyen,150000.0,Célibataire,2,1
63,255000,17.0,CDI,6950000,24,0,Bon,530000.0,Marié,2,0
39,80000,13.0,Indépendant,2480000,84,0,Bon,50000.0,Marié,0,0
29,1172000,10.0,Indépendant,32630000,120,3,Bon,4670000.0,Marié,3,1
49,271000,2.0,CDI,6850000,24,0,Bon,,Célibataire,2,0
29,198000,16.0,CDI,4600000,48,3,Moyen,910000.0,Marié,0,0
22,445000,1.0,CDI,5520000,12,0,Mauvais,2150000.0,Marié,2,0
60,177000,1.0,Fonctionnaire,1250000,60,1,Moyen,80000.0,Célibataire,1,1
27,630000,28.0,CDD,8400000,60,1,Bon,3340000.0,Célibataire,0,1
56,894000,15.0,CDI,31140000,84,1,Bon,1100000.0,Marié,2,1
41,206000,12.0,CDI,3970000,48,0,Bon,,Marié,0,1
43,538000,16.0,Indépendant,18420000,84,5,Bon,770000.0,Célibataire,2,1
56,207000,9.0,CDD,7480000,48,1,Mauvais,2330000.0,Marié,0,0
51,451000,25.0,Fonctionnaire,14000000,24,2,Bon,4990000.0,Marié,1,1
48,404000,7.0,Indépendant,3800000,24,0,Moyen,440000.0,Célibataire,3,1
36,1000000,28.0,Indépendant,38660000,60,1,Bon,6760000.0,Marié,2,1
45,80000,3.0,CDD,1810000,60,0,Mauvais,190000.0,Célibataire,3,0
56,185000,13.0,CDD,1370000,120,0,Moyen,340000.0,Marié,0,1
29,584000,16.0,Fonctionnaire,9610000,12,2,Bon,3450000.0,Marié,1,0
23,320000,21.0,Fonctionnaire,8730000,24,1,Moyen,2930000.0,Célibataire,0,0
30,209000,21.0,CDD,3970000,84,0,Bon,1270000.0,Marié,2,1
56,197000,9.0,CDI,4860000,48,2,Mauvais,640000.0,Célibataire,1,0
29,152000,3.0,CDD,2830000,36,2,Mauvais,1040000.0,Marié,0,0
21,320000,16.0,Indépendant,2210000,60,0,Bon,10000.0,Marié,1,1
21,293000,27.0,Indépendant,1900000,24,1,Moyen,580000.0,Marié,1,1
29,153000,,CDI,2260000,24,0,Bon,420000.0,Marié,6,0
47,96000,22.0,CDI,3690000,84,1,Bon,100000.0,Marié,1,1
51,196000,9.0,CDD,5840000,84,2,,2070000.0,Marié,0,1
23,287000,4.0,Fonctionnaire,3810000,120,0,Bon,980000.0,Célibataire,2,1
63,361000,11.0,Indépendant,13630000,36,1,Bon,5340000.0,Marié,2,0
39,410000,3.0,CDI,16270000,12,1,Moyen,1800000.0,Célibataire,1,0
53,412000,11.0,CDD,13200000,36,1,,1470000.0,Célibataire,0,0
26,237000,20.0,CDI,8400000,24,0,Moyen,1010000.0,Marié,2,0
46,147000,11.0,Indépendant,3070000,84,0,Mauvais,580000.0,Marié,1,0
63,598000,6.0,Fonctionnaire,6990000,48,1,Bon,1380000.0,Célibataire,1,1
44,195000,22.0,CDD,3850000,84,1,Moyen,510000.0,Divorcé,1,1
40,619000,15.0,CDI,21780000,120,2,Moyen,820000.0,Marié,1,1
62,337000,21.0,Indépendant,7820000,84,1,Mauvais,2170000.0,Marié,3,1
33,289000,20.0,CDD,8510000,12,2,Bon,1240000.0,Marié,3,0
38,184000,26.0,Indépendant,4170000,120,2,Mauvais,380000.0,Célibataire,3,0
49,562000,8.0,CDI,4510000,48,1,Bon,200000.0,Marié,2,1
49,278000,2.0,Fonctionnaire,3770000,84,3,Moyen,1030000.0,Divorcé,2,1
61,310000,2.0,CDD,11930000,84,1,Bon,3300000.0,Marié,2,1
36,589000,28.0,Indépendant,21420000,36,2,Moyen,5880000.0,Célibataire,1,0
24,226000,28.0,CDD,6600000,36,2,Moyen,1270000.0,Marié,1,0
64,118000,22.0,CDI,3500000,120,2,Bon,660000.0,Marié,1,1
50,275000,29.0,CDD,10220000,24,1,Bon,3270000.0,Célibataire,1,0
31,162000,27.0,Indépendant,5030000,60,1,Moyen,310000.0,Célibataire,1,1
21,264000,12.0,Indépendant,7270000,84,0,Moyen,1140000.0,Divorcé,0,1
48,336000,0.0,Fonctionnaire,9670000,36,3,Moyen,2270000.0,Marié,0,0
28,321000,13.0,Indépendant,2100000,24,2,Bon,710000.0,Marié,0,1
30,448000,1.0,CDI,13590000,60,1,Bon,20000.0,Célibataire,2,1
26,521000,13.0,CDI,10580000,60,0,Bon,3070000.0,Marié,2,1
59,409000,14.0,CDD,12630000,48,0,Bon,3040000.0,Divorcé,1,1
48,626000,27.0,Fonctionnaire,4250000,60,0,Bon,880000.0,Célibataire,0,1
58,296000,26.0,CDI,11670000,36,1,Moyen,2780000.0,Marié,4,0
35,669000,1.0,CDI,6440000,120,1,Mauvais,1060000.0,Célibataire,1,1
64,100000,6.0,CDD,1940000,120,1,Bon,410000.0,Célibataire,4,1
46,353000,27.0,Indépendant,2120000,120,1,Moyen,80000.0,Marié,1,1
59,464000,21.0,Indépendant,5630000,36,0,Bon,,Marié,1,1
25,675000,3.0,CDD,4850000,120,2,Moyen,1770000.0,Marié,0,1
23,488000,2.0,CDI,7380000,84,0,Bon,540000.0,Divorcé,1,1
60,495000,18.0,CDI,2960000,84,1,Moyen,740000.0,Marié,1,1
33,478000,8.0,CDD,5330000,48,3,Mauvais,1090000.0,Célibataire,3,0
38,498000,10.0,CDI,14230000,84,3,Moyen,1570000.0,Marié,1,1
49,102000,1.0,Fonctionnaire,1870000,24,0,Mauvais,380000.0,Célibataire,0,0
44,484000,11.0,Indépendant,17570000,36,2,Moyen,4040000.0,Marié,1,0
38,490000,9.0,CDD,2920000,36,0,Bon,430000.0,Célibataire,0,1
37,610000,11.0,CDI,9180000,84,2,Moyen,2600000.0,Divorcé,0,1
60,668000,27.0,CDI,13930000,24,0,Mauvais,2370000.0,Marié,0,1
52,319000,27.0,Indépendant,2770000,120,0,Mauvais,530000.0,Marié,1,1
56,197000,20.0,Fonctionnaire,5800000,24,3,Bon,10000.0,Marié,0,0
26,316000,4.0,Indépendant,5660000,84,1,Bon,350000.0,Divorcé,0,1
42,633000,29.0,CDI,14720000,48,1,Bon,3390000.0,Marié,3,1
36,433000,11.0,CDI,4300000,24,0,Bon,1430000.0,Célibataire,2,1
57,82000,3.0,CDD,2600000,48,0,Bon,960000.0,Célibataire,1,0
30,686000,2.0,CDI,23870000,36,1,,4250000.0,Marié,2,0
62,304000,7.0,CDD,9490000,84,1,Moyen,,Divorcé,3,1
48,1042000,12.0,CDI,15550000,84,0,Bon,120000.0,Célibataire,3,1
63,402000,7.0,Indépendant,10760000,24,2,Bon,2940000.0,Célibataire,1,0
28,227000,8.0,Fonctionnaire,6960000,120,1,Bon,1250000.0,Marié,0,1
47,407000,5.0,Fonctionnaire,12700000,60,2,Moyen,4480000.0,Marié,1,0
57,469000,0.0,CDI,12260000,84,3,Bon,1960000.0,Célibataire,1,1
62,827000,12.0,Indépendant,9360000,48,2,Bon,2140000.0,Marié,0,1
63,547000,13.0,CDD,8140000,60,1,Bon,780000.0,Divorcé,2,1
45,106000,22.0,Fonctionnaire,730000,84,0,Bon,20000.0,Célibataire,1,1
62,339000,26.0,Indépendant,4870000,60,1,Bon,0.0,Célibataire,1,1
47,112000,11.0,Indépendant,1360000,36,0,Bon,40000.0,Marié,2,1
38,164000,19.0,CDD,2430000,120,0,Moyen,150000.0,Divorcé,3,1
23,195000,15.0,CDI,6280000,60,0,Bon,1300000.0,Marié,1,1
54,966000,17.0,CDD,12280000,120,0,Bon,1160000.0,Divorcé,3,1
33,330000,19.0,Fonctionnaire,3610000,120,0,Moyen,380000.0,Célibataire,1,1
51,498000,28.0,Indépendant,12920000,60,1,Bon,1080000.0,Célibataire,4,1
34,166000,23.0,Fonctionnaire,1580000,120,2,Moyen,580000.0,Célibataire,2,1
55,353000,12.0,Indépendant,10390000,84,0,Moyen,1160000.0,Marié,2,1
49,911000,12.0,CDD,30150000,120,0,Bon,6000000.0,Marié,0,1
35,340000,27.0,CDD,10740000,12,4,Mauvais,3970000.0,Marié,3,0
50,607000,28.0,CDI,6190000,12,4,Mauvais,1380000.0,Marié,2,0
33,191000,25.0,Fonctionnaire,2750000,12,0,Moyen,250000.0,Célibataire,0,0
64,408000,1.0,CDI,8750000,24,0,Bon,2760000.0,Célibataire,0,0
32,351000,13.0,CDD,10450000,12,1,Moyen,3220000.0,Célibataire,2,0
42,80000,21.0,Fonctionnaire,1180000,84,0,Bon,270000.0,Marié,2,1
26,81000,29.0,CDD,780000,60,1,Bon,170000.0,Marié,2,1
27,515000,2.0,Indépendant,9730000,24,1,Mauvais,2870000.0,Célibataire,2,0
50,251000,4.0,CDD,8530000,48,0,Mauvais,2150000.0,Marié,3,0
52,202000,25.0,Indépendant,6300000,12,0,Bon,1590000.0,Marié,1,0
58,401000,0.0,Fonctionnaire,6800000,48,0,Bon,1820000.0,Marié,1,1
21,268000,18.0,CDD,7160000,24,2,Bon,900000.0,Marié,3,0
56,250000,5.0,CDD,4240000,36,0,Bon,1430000.0,Célibataire,2,1
47,568000,0.0,CDD,10070000,36,0,Moyen,580000.0,Marié,1,1
59,735000,10.0,CDD,17070000,36,0,Moyen,5000000.0,Célibataire,4,1
64,303000,3.0,CDI,9430000,36,2,Moyen,1210000.0,Marié,2,0
32,440000,21.0,CDI,13380000,12,0,Bon,3650000.0,Célibataire,0,0
59,263000,26.0,Fonctionnaire,4910000,24,1,Moyen,1670000.0,Marié,1,1
26,226000,17.0,CDI,3120000,60,3,Bon,700000.0,Marié,4,1
59,250000,25.0,CDI,1530000,12,3,Moyen,50000.0,Marié,1,1
44,121000,6.0,CDD,1780000,120,0,Bon,270000.0,Marié,1,1
24,108000,25.0,CDI,2510000,24,2,Bon,950000.0,Marié,3,0
24,328000,6.0,Indépendant,6950000,36,0,Bon,2430000.0,Marié,0,0
60,295000,17.0,Fonctionnaire,11260000,120,1,Bon,3960000.0,Marié,3,1
24,205000,23.0,Fonctionnaire,3320000,12,1,Moyen,100000.0,Marié,1,0
37,304000,,CDI,3550000,36,0,Bon,1080000.0,Célibataire,1,1
42,217000,0.0,CDI,6510000,48,1,Mauvais,,Marié,1,0
47,307000,11.0,Fonctionnaire,1910000,120,0,Bon,480000.0,Célibataire,1,1
29,552000,27.0,CDI,20930000,36,0,Bon,3270000.0,Célibataire,0,1
45,416000,29.0,CDI,3540000,60,4,Bon,1280000.0,Marié,1,1
56,260000,24.0,Indépendant,5510000,24,0,Bon,1700000.0,Célibataire,0,1
62,355000,12.0,CDI,3770000,48,0,Bon,1410000.0,Célibataire,1,1
58,380000,11.0,Fonctionnaire,9780000,36,3,Mauvais,3170000.0,Célibataire,5,0
58,714000,11.0,CDI,13180000,120,1,Moyen,3660000.0,Divorcé,0,1
49,453000,6.0,Fonctionnaire,3240000,84,2,,30000.0,Marié,2,1
24,178000,19.0,CDI,6130000,36,2,Mauvais,570000.0,Célibataire,3,0
38,353000,20.0,Indépendant,4560000,24,2,Bon,1310000.0,Marié,2,1
35,278000,3.0,CDD,4530000,60,1,Mauvais,920000.0,Marié,2,0
47,211000,3.0,CDD,4440000,36,1,Moyen,1500000.0,Marié,2,0
55,80000,25.0,Indépendant,600000,36,4,Moyen,20000.0,Célibataire,4,0
31,94000,7.0,Indépendant,2260000,36,2,Bon,740000.0,Marié,2,0
56,378000,9.0,Indépendant,8740000,36,1,Mauvais,390000.0,Marié,2,0
28,354000,23.0,CDD,10230000,48,2,Moyen,3060000.0,Marié,2,1
48,191000,19.0,CDI,3760000,60,2,Bon,0.0,Marié,2,1
58,637000,29.0,CDI,23510000,84,2,Moyen,5650000.0,Divorcé,1,1
21,481000,6.0,CDD,11670000,120,0,Moyen,2830000.0,Marié,0,1
48,743000,12.0,CDI,12820000,48,2,Moyen,1500000.0,Célibataire,4,1
25,794000,25.0,CDD,31010000,120,0,Bon,4970000.0,Marié,0,1
33,448000,17.0,CDI,11740000,60,1,Moyen,3070000.0,Célibataire,2,1
64,531000,20.0,CDI,13780000,60,0,Moyen,1570000.0,Marié,3,1
25,482000,29.0,CDD,16390000,12,1,Mauvais,1290000.0,Célibataire,2,0
38,303000,28.0,Fonctionnaire,6020000,120,1,Bon,1310000.0,Divorcé,3,1
53,223000,29.0,CDI,4700000,12,5,Moyen,1330000.0,Célibataire,1,0
22,529000,26.0,CDI,7840000,36,3,Bon,2200000.0,Marié,1,1
43,543000,25.0,CDI,3480000,48,0,Moyen,20000.0,Marié,0,1
23,519000,22.0,Indépendant,6580000,60,1,Moyen,1870000.0,Divorcé,2,1
37,80000,23.0,CDD,1220000,120,2,Bon,100000.0,Marié,2,1
50,741000,7.0,Indépendant,4210000,84,1,Mauvais,1120000.0,Marié,2,1
51,248000,9.0,Fonctionnaire,5540000,12,0,Bon,360000.0,Célibataire,0,0
29,410000,17.0,Indépendant,10990000,12,0,Bon,2800000.0,Marié,1,0
30,154000,1.0,CDI,3190000,84,2,Bon,1210000.0,Célibataire,1,1
29,659000,15.0,Indépendant,4950000,120,0,Mauvais,1650000.0,Célibataire,0,1
50,375000,4.0,Indépendant,14390000,24,2,Bon,,Célibataire,1,0
40,105000,5.0,CDD,3730000,84,1,Moyen,1220000.0,Célibataire,3,0
26,333000,28.0,CDI,4770000,12,2,Bon,450000.0,Célibataire,0,1
58,407000,22.0,CDI,11720000,36,0,Mauvais,60000.0,Célibataire,2,0
52,194000,27.0,CDI,3960000,12,1,Bon,180000.0,Célibataire,3,0
41,503000,20.0,Fonctionnaire,9940000,120,1,Bon,3280000.0,Marié,3,1
46,256000,2.0,CDD,8390000,12,0,Bon,540000.0,Marié,3,0
40,845000,6.0,CDI,20490000,60,3,Mauvais,5930000.0,Célibataire,4,1
55,397000,14.0,CDI,13350000,60,0,Bon,4460000.0,Marié,3,1
32,667000,18.0,CDI,7100000,60,1,Bon,2280000.0,Divorcé,0,1
56,642000,1.0,CDI,15530000,48,2,Bon,1830000.0,Marié,1,1
51,231000,24.0,Fonctionnaire,1230000,24,1,Bon,290000.0,Marié,1,1
23,603000,4.0,Fonctionnaire,19700000,48,1,Moyen,310000.0,Marié,0,1
28,305000,9.0,Indépendant,2430000,84,1,Bon,710000.0,Divorcé,0,1
40,524000,24.0,CDI,11520000,12,2,,2950000.0,Marié,3,0
39,468000,27.0,Fonctionnaire,8350000,24,1,Bon,1540000.0,Célibataire,1,1
26,153000,29.0,CDI,4500000,36,0,Mauvais,1280000.0,Marié,2,0
23,656000,18.0,CDI,19240000,24,3,Mauvais,4720000.0,Célibataire,0,0
51,242000,3.0,CDI,5370000,120,2,Moyen,30000.0,Célibataire,1,1
50,228000,14.0,CDI,1950000,48,0,,120000.0,Marié,1,1
61,362000,15.0,CDD,9030000,48,0,,2860000.0,Marié,2,0
29,305000,12.0,CDD,5020000,60,2,,760000.0,Célibataire,2,1
50,526000,0.0,CDD,12370000,60,0,Bon,2460000.0,Célibataire,1,1
24,360000,12.0,CDI,2380000,24,1,,70000.0,Célibataire,0,1
38,146000,18.0,CDD,4740000,24,1,Moyen,530000.0,Célibataire,1,0
39,447000,20.0,Fonctionnaire,8320000,12,0,Bon,240000.0,Marié,3,0
34,351000,23.0,Indépendant,12980000,120,0,Bon,440000.0,Marié,0,1
58,123000,29.0,CDD,4500000,12,1,Mauvais,1270000.0,Marié,1,0
22,142000,5.0,CDI,2490000,84,3,Moyen,620000.0,Marié,4,0
31,408000,0.0,CDI,3760000,120,1,Moyen,180000.0,Marié,0,1
49,728000,15.0,Indépendant,24170000,12,0,Moyen,9320000.0,Célibataire,0,0
57,518000,16.0,Indépendant,2810000,12,0,Bon,220000.0,Marié,1,1
62,100000,10.0,CDD,1700000,84,0,Bon,600000.0,Marié,4,1
48,404000,29.0,Indépendant,6200000,36,1,Bon,890000.0,Célibataire,0,1
41,504000,4.0,Indépendant,18430000,120,1,Mauvais,7080000.0,Célibataire,1,1
45,485000,29.0,CDD,11130000,24,2,Mauvais,810000.0,Célibataire,2,0
33,284000,22.0,CDI,1810000,36,0,Bon,400000.0,Célibataire,2,1
40,559000,,CDI,6670000,120,3,Bon,460000.0,Marié,0,1
59,308000,3.0,CDI,11490000,120,0,Mauvais,4000000.0,Marié,3,0
54,482000,22.0,CDI,16760000,48,1,Mauvais,1430000.0,Célibataire,0,0
59,278000,20.0,CDD,9740000,12,2,Mauvais,3580000.0,Célibataire,3,0
28,774000,11.0,CDI,10800000,60,1,Moyen,2570000.0,Marié,3,1
39,797000,19.0,Indépendant,4380000,24,0,Bon,,Célibataire,0,1
25,269000,14.0,Indépendant,6320000,24,0,Moyen,1650000.0,Marié,2,0
59,194000,5.0,CDD,2810000,36,2,Moyen,20000.0,Marié,0,0
44,321000,24.0,CDD,2030000,36,2,Moyen,730000.0,Marié,3,1
51,425000,2.0,Fonctionnaire,9950000,24,2,Moyen,460000.0,Célibataire,2,0
42,511000,10.0,Indépendant,11560000,24,1,Bon,4530000.0,Célibataire,2,0
59,197000,25.0,Indépendant,6400000,84,1,Mauvais,1930000.0,Marié,0,1
56,173000,16.0,Indépendant,2280000,24,1,Bon,640000.0,Marié,0,0
40,650000,23.0,CDI,5360000,24,0,Bon,2060000.0,Marié,1,1
64,228000,3.0,Indépendant,7030000,48,1,Bon,830000.0,Célibataire,1,0
58,337000,4.0,CDI,7020000,24,1,Mauvais,600000.0,Marié,1,0
35,1009000,19.0,CDI,22560000,24,2,Bon,6560000.0,Marié,0,1
21,427000,27.0,CDI,6580000,36,5,Bon,2380000.0,Marié,0,1
21,414000,28.0,Fonctionnaire,14480000,12,0,Bon,1970000.0,Marié,2,0
24,653000,12.0,CDI,16380000,36,1,Bon,1410000.0,Marié,1,1
50,440000,0.0,CDI,5330000,60,0,Moyen,860000.0,Célibataire,2,1
37,377000,4.0,Fonctionnaire,11570000,84,0,,750000.0,Divorcé,1,0
27,906000,,CDD,7650000,120,0,Bon,180000.0,Célibataire,3,1
64,435000,2.0,Indépendant,16630000,36,4,Bon,,Célibataire,0,0
47,211000,20.0,CDD,5670000,84,2,Moyen,1000000.0,Célibataire,1,1
61,523000,18.0,Fonctionnaire,12850000,48,0,Bon,2280000.0,Célibataire,0,1
43,807000,0.0,CDD,5500000,60,0,Bon,2120000.0,Célibataire,1,1
50,80000,29.0,CDI,1050000,36,0,Bon,350000.0,Célibataire,2,1
21,263000,20.0,Fonctionnaire,8920000,84,1,Bon,470000.0,Divorcé,0,1
46,257000,23.0,CDD,2210000,60,0,Moyen,730000.0,Célibataire,3,1
64,110000,24.0,CDD,3300000,84,2,Mauvais,1270000.0,Marié,1,0
38,394000,23.0,Indépendant,6870000,48,3,Moyen,2190000.0,Marié,4,1
49,1239000,28.0,Indépendant,37830000,48,0,Bon,4560000.0,Marié,0,1
39,578000,8.0,Fonctionnaire,4400000,48,1,Mauvais,10000.0,Marié,1,1
29,851000,5.0,Indépendant,24930000,12,1,Bon,6910000.0,Célibataire,2,0
29,189000,13.0,CDI,2910000,120,1,Mauvais,40000.0,Divorcé,2,0
40,435000,12.0,CDI,15710000,60,1,Bon,2740000.0,Marié,1,1
30,185000,5.0,CDI,1860000,36,0,Bon,500000.0,Célibataire,2,1
62,327000,2.0,CDI,8350000,12,3,Mauvais,2780000.0,Célibataire,0,0
48,355000,7.0,Indépendant,5160000,84,0,Mauvais,250000.0,Célibataire,0,1
43,447000,8.0,CDD,8020000,60,0,Bon,2580000.0,Marié,0,1
38,694000,22.0,CDI,5780000,48,1,Mauvais,140000.0,Célibataire,1,1
29,719000,5.0,CDI,5820000,24,2,Moyen,70000.0,Marié,3,1
39,526000,7.0,Indépendant,18570000,84,1,Bon,3450000.0,Marié,2,1
46,369000,26.0,Indépendant,8820000,84,1,Bon,740000.0,Célibataire,0,1
53,537000,20.0,Fonctionnaire,9440000,120,0,Bon,2060000.0,Célibataire,0,1
63,256000,3.0,CDD,8570000,120,2,Mauvais,3380000.0,Divorcé,1,0
61,82000,4.0,CDI,720000,12,0,Moyen,120000.0,Célibataire,1,0
25,243000,13.0,CDI,2020000,12,2,Bon,410000.0,Divorcé,4,0
26,361000,9.0,Indépendant,10260000,120,1,,150000.0,Célibataire,1,1
24,645000,22.0,CDI,18460000,84,1,Moyen,5560000.0,Marié,2,1
45,377000,19.0,CDI,6090000,24,1,Moyen,200000.0,Marié,2,0
33,519000,14.0,Indépendant,6310000,12,2,Bon,1490000.0,Divorcé,0,0
48,336000,14.0,CDD,10450000,120,2,Bon,1070000.0,Célibataire,2,1
27,156000,4.0,CDI,2020000,60,2,Moyen,600000.0,Célibataire,2,1
24,648000,25.0,CDD,8600000,120,1,Bon,2790000.0,Marié,1,1
25,265000,12.0,CDI,6770000,12,1,Mauvais,2510000.0,Marié,0,0
32,287000,3.0,Fonctionnaire,4790000,60,1,Moyen,1790000.0,Célibataire,2,1
37,583000,23.0,CDI,5730000,48,2,Bon,410000.0,Marié,1,1
60,531000,17.0,Indépendant,19580000,60,4,Moyen,960000.0,Célibataire,1,1
58,384000,20.0,CDI,2840000,84,2,Bon,1130000.0,Célibataire,3,1
47,854000,17.0,CDI,16670000,60,1,Moyen,6520000.0,Marié,2,1
44,473000,4.0,Indépendant,6180000,120,0,Bon,2110000.0,Divorcé,1,1
57,346000,17.0,CDD,11710000,12,0,Bon,2510000.0,Célibataire,1,0
32,457000,8.0,CDI,13700000,36,3,Bon,4940000.0,Marié,2,0
39,292000,10.0,CDD,4820000,24,1,Moyen,480000.0,Divorcé,5,0
36,245000,,CDD,9590000,84,1,Moyen,200000.0,Célibataire,0,0
58,202000,28.0,CDD,1430000,120,1,Bon,30000.0,Marié,1,1
43,292000,1.0,Fonctionnaire,8600000,60,0,Mauvais,920000.0,Divorcé,0,0
54,305000,29.0,CDI,10910000,60,1,Bon,2570000.0,Marié,0,1
54,550000,25.0,Indépendant,15660000,84,2,Bon,1390000.0,Célibataire,2,1
31,689000,17.0,CDI,3910000,84,3,Moyen,1500000.0,Célibataire,1,1
34,469000,8.0,CDI,5160000,24,0,Moyen,310000.0,Marié,2,1
45,194000,29.0,Fonctionnaire,4810000,48,1,Moyen,1630000.0,Célibataire,1,1
24,187000,15.0,CDD,1330000,84,0,Moyen,140000.0,Marié,4,1
57,227000,4.0,CDI,7840000,12,0,Moyen,2700000.0,Marié,1,0
62,307000,14.0,CDI,5400000,24,1,Moyen,770000.0,Célibataire,1,0
38,94000,19.0,CDI,2540000,24,4,Moyen,880000.0,Marié,0,0
31,178000,1.0,Indépendant,1810000,120,1,Moyen,680000.0,Célibataire,2,1
52,149000,16.0,CDI,1900000,36,4,Bon,620000.0,Marié,2,1
30,807000,9.0,CDI,24580000,12,1,Bon,1530000.0,Marié,3,0
37,525000,25.0,Indépendant,7650000,60,5,Moyen,2170000.0,Célibataire,0,1
34,365000,8.0,Indépendant,12540000,24,0,Moyen,4480000.0,Marié,2,0
37,222000,23.0,CDI,5370000,84,1,Bon,1960000.0,Marié,2,1
26,137000,4.0,CDD,4030000,24,0,Bon,410000.0,Marié,1,0
24,201000,25.0,CDI,5140000,36,3,Bon,2030000.0,Marié,1,1
21,708000,18.0,CDI,22370000,120,1,Bon,8260000.0,Divorcé,1,1
63,240000,20.0,Indépendant,8620000,48,0,,2580000.0,Célibataire,3,0
56,407000,,CDD,9990000,60,2,Mauvais,240000.0,Célibataire,0,0
63,169000,24.0,CDD,6360000,48,1,Bon,1240000.0,Célibataire,2,0
49,284000,15.0,CDI,5570000,36,0,Moyen,1210000.0,Célibataire,0,1
57,796000,19.0,Indépendant,9230000,24,2,Moyen,1870000.0,Divorcé,0,1
51,432000,11.0,Fonctionnaire,15480000,120,3,Bon,1380000.0,Célibataire,1,1
64,232000,4.0,Indépendant,3350000,60,1,Bon,670000.0,Marié,0,1
29,274000,6.0,CDD,10610000,12,2,Bon,2060000.0,Divorcé,3,0
62,339000,,CDI,5160000,36,2,Bon,1040000.0,Divorcé,3,1
46,277000,27.0,CDD,6350000,60,1,Moyen,570000.0,Marié,1,1
36,220000,24.0,Indépendant,3980000,60,3,Bon,1210000.0,Marié,5,1
60,175000,25.0,Indépendant,1810000,120,3,Bon,430000.0,Célibataire,0,1
51,615000,6.0,CDI,8020000,48,0,Mauvais,1300000.0,Célibataire,0,1
47,348000,5.0,CDI,10890000,24,1,Mauvais,3860000.0,Marié,1,0
61,251000,8.0,Indépendant,9960000,24,0,Moyen,3150000.0,Célibataire,3,0
42,694000,16.0,CDI,12900000,36,0,Bon,4960000.0,Célibataire,1,1
30,634000,12.0,Indépendant,17070000,84,3,Bon,310000.0,Célibataire,1,1
43,405000,2.0,Indépendant,14120000,60,1,Bon,2310000.0,Marié,1,0
25,819000,15.0,CDI,28170000,36,0,Bon,6900000.0,Célibataire,0,1
57,495000,15.0,CDD,12470000,12,0,Moyen,1960000.0,Marié,0,0
30,226000,13.0,CDD,1960000,12,1,Bon,130000.0,Célibataire,0,0
33,116000,3.0,CDI,1030000,24,0,Bon,60000.0,Divorcé,2,1
53,246000,15.0,CDI,4250000,24,1,Bon,1580000.0,Célibataire,2,1
57,199000,15.0,CDD,1350000,12,1,Moyen,270000.0,Divorcé,3,0
26,151000,25.0,Indépendant,4380000,48,0,Mauvais,1610000.0,Marié,1,0
64,319000,5.0,Indépendant,9100000,12,0,Mauvais,3550000.0,Marié,0,0
55,295000,21.0,CDI,9890000,36,1,Moyen,1040000.0,Marié,2,0
54,558000,29.0,CDD,17540000,120,1,Moyen,5970000.0,Célibataire,0,1
40,80000,19.0,Fonctionnaire,640000,60,0,Moyen,180000.0,Marié,1,1
22,133000,20.0,CDD,1170000,84,3,Moyen,310000.0,Célibataire,0,1
44,334000,20.0,CDI,6880000,84,1,Bon,1460000.0,Célibataire,2,1
38,143000,18.0,Fonctionnaire,3220000,84,3,,770000.0,Marié,3,0
30,80000,12.0,CDD,1050000,24,1,Bon,0.0,Célibataire,1,0
52,417000,18.0,CDI,10620000,48,1,Bon,3570000.0,Célibataire,1,1
32,475000,10.0,CDI,16190000,24,3,,,Célibataire,0,0
22,382000,19.0,Fonctionnaire,5320000,84,4,Moyen,720000.0,Marié,1,1
25,337000,11.0,CDD,3500000,36,1,Bon,890000.0,Marié,3,1
52,152000,6.0,CDD,3960000,24,0,Bon,300000.0,Célibataire,3,0
47,473000,15.0,Indépendant,15280000,12,0,Bon,3830000.0,Célibataire,1,0
34,979000,29.0,CDD,13670000,24,2,Mauvais,3870000.0,Marié,3,1
31,687000,21.0,Indépendant,14890000,48,0,Moyen,1650000.0,Marié,4,1
48,353000,25.0,CDI,12180000,120,0,Bon,4240000.0,Marié,2,1
52,250000,28.0,CDI,3590000,120,0,Mauvais,1340000.0,Célibataire,3,1
39,481000,23.0,CDI,11600000,120,1,Bon,2080000.0,Marié,2,1
33,416000,5.0,Indépendant,5780000,60,2,Bon,,Célibataire,2,1
37,288000,,Indépendant,10850000,120,0,Bon,70000.0,Marié,0,1
49,428000,19.0,CDI,13720000,48,0,Bon,5100000.0,Célibataire,2,1
39,80000,15.0,CDI,2220000,12,4,Bon,810000.0,Célibataire,0,0
45,448000,8.0,Fonctionnaire,13690000,36,0,Bon,4120000.0,Célibataire,1,1
37,561000,18.0,CDI,16770000,36,1,Bon,3440000.0,Divorcé,1,1
34,305000,20.0,CDI,11760000,120,1,Bon,1510000.0,Marié,1,1
40,320000,23.0,CDD,3380000,60,0,Bon,510000.0,Célibataire,2,1
57,895000,29.0,CDI,32490000,36,0,Moyen,4930000.0,Célibataire,1,1
51,292000,25.0,CDI,5090000,60,1,Bon,1640000.0,Marié,3,1
26,80000,27.0,Indépendant,1410000,48,1,Moyen,110000.0,Célibataire,1,1
32,255000,21.0,Fonctionnaire,8100000,48,0,Bon,2610000.0,Célibataire,1,1
46,527000,5.0,CDD,14550000,60,3,Moyen,3480000.0,Marié,1,0
47,95000,23.0,CDI,2750000,120,1,Bon,940000.0,Célibataire,0,1
35,872000,10.0,CDD,13140000,84,3,Bon,4480000.0,Célibataire,3,1
31,260000,14.0,Fonctionnaire,6870000,84,0,Moyen,1540000.0,Marié,1,1
46,282000,20.0,CDI,6590000,36,1,Bon,1580000.0,Marié,3,1
27,362000,6.0,Fonctionnaire,2060000,60,0,Bon,770000.0,Célibataire,2,1
58,252000,23.0,Fonctionnaire,7080000,12,0,Bon,1230000.0,Marié,1,0
44,324000,28.0,CDI,5270000,24,1,Bon,1990000.0,Marié,1,1
47,493000,3.0,CDD,7000000,48,1,Moyen,1610000.0,Marié,0,1
43,321000,20.0,CDI,12730000,84,0,Moyen,1570000.0,Célibataire,1,1
23,536000,13.0,CDD,8690000,120,1,Bon,3160000.0,Célibataire,3,1
38,259000,24.0,CDD,4520000,120,2,Moyen,240000.0,Marié,1,1
32,673000,29.0,CDI,17950000,36,1,Mauvais,5640000.0,Célibataire,0,1
24,297000,11.0,CDI,5760000,60,1,Bon,1920000.0,Marié,3,1
38,260000,8.0,Indépendant,4150000,60,0,Mauvais,740000.0,Marié,1,1
41,318000,23.0,Fonctionnaire,11670000,60,3,Bon,470000.0,Marié,4,1
43,258000,10.0,Indépendant,3360000,24,3,Moyen,560000.0,Célibataire,2,0
35,426000,22.0,Indépendant,8710000,12,2,Mauvais,2240000.0,Célibataire,0,0
43,222000,25.0,CDD,7820000,24,2,Bon,450000.0,Marié,1,0
45,352000,10.0,Indépendant,3780000,60,1,Bon,740000.0,Marié,1,1
34,394000,4.0,CDI,4280000,120,1,Moyen,1310000.0,Célibataire,5,1
23,428000,1.0,CDI,12930000,120,0,Bon,490000.0,Marié,2,1
43,141000,15.0,CDD,4440000,12,0,Moyen,1770000.0,Célibataire,1,0
35,490000,2.0,Indépendant,19520000,36,1,Bon,4070000.0,Marié,2,0
57,99000,23.0,CDD,2880000,60,0,Moyen,720000.0,Marié,1,1
26,139000,29.0,Indépendant,1200000,24,2,Moyen,400000.0,Marié,0,1
59,149000,2.0,CDI,1970000,60,2,Moyen,660000.0,Divorcé,0,1
28,296000,21.0,CDI,11020000,48,3,Bon,430000.0,Célibataire,0,1
31,80000,4.0,Indépendant,830000,84,0,Moyen,290000.0,Célibataire,2,1
43,287000,26.0,CDD,5060000,84,2,Mauvais,370000.0,Marié,0,1
37,247000,,Indépendant,4350000,36,0,Moyen,700000.0,Marié,2,0
48,352000,28.0,CDD,3650000,84,0,Bon,1370000.0,Célibataire,2,1
63,393000,2.0,CDD,2500000,120,0,Mauvais,380000.0,Marié,2,1
43,182000,11.0,CDD,1930000,120,0,Mauvais,710000.0,Célibataire,3,0
37,382000,13.0,CDI,7740000,12,0,Bon,2860000.0,Marié,1,0
25,502000,1.0,Indépendant,13790000,24,3,Bon,5300000.0,Célibataire,1,0
30,352000,16.0,CDD,3150000,120,2,Moyen,160000.0,Célibataire,6,1
38,643000,7.0,Indépendant,17770000,24,3,Moyen,4630000.0,Marié,1,0
43,367000,14.0,Indépendant,5590000,24,1,Bon,1770000.0,Célibataire,0,1
48,369000,3.0,CDI,12770000,84,1,Bon,3140000.0,Marié,0,1
62,379000,2.0,CDD,10630000,84,0,Moyen,590000.0,Marié,1,1
41,414000,13.0,Indépendant,4030000,24,2,Moyen,460000.0,Célibataire,2,1
64,623000,2.0,CDD,9540000,12,1,Bon,1900000.0,Marié,2,0
32,559000,,CDD,14230000,12,1,Bon,4980000.0,Célibataire,1,0
22,91000,,CDI,2790000,24,2,Moyen,610000.0,Célibataire,1,0
59,252000,22.0,CDD,9810000,36,0,Moyen,2860000.0,Célibataire,3,0
44,286000,26.0,CDD,5180000,60,0,Bon,1610000.0,Marié,2,1
29,240000,6.0,Indépendant,2710000,24,1,Bon,540000.0,Marié,4,1
45,316000,7.0,Indépendant,6030000,84,1,Bon,260000.0,Marié,0,1
29,550000,17.0,CDD,4640000,120,0,Bon,1330000.0,Marié,1,1
44,153000,8.0,Indépendant,2400000,60,1,Bon,950000.0,Célibataire,4,1
35,232000,10.0,CDD,5980000,84,1,Moyen,1620000.0,Célibataire,1,1
43,272000,19.0,CDD,7650000,120,0,Bon,2670000.0,Célibataire,3,1
38,407000,22.0,CDD,6810000,60,0,Mauvais,820000.0,Marié,3,1
50,322000,14.0,CDI,11890000,60,2,Moyen,2340000.0,Célibataire,3,0
29,258000,14.0,Indépendant,8310000,60,0,Mauvais,990000.0,Célibataire,0,0
48,819000,15.0,Indépendant,30920000,84,2,Bon,11400000.0,Marié,2,1
46,154000,6.0,CDD,5780000,12,1,Bon,90000.0,Divorcé,0,0
31,273000,15.0,Fonctionnaire,5070000,36,2,Bon,490000.0,Marié,1,1
47,149000,29.0,CDI,1260000,12,1,Bon,250000.0,Célibataire,1,1
32,210000,27.0,CDD,8160000,12,0,Bon,490000.0,Célibataire,1,0
49,423000,10.0,Fonctionnaire,14340000,60,3,Bon,5210000.0,Marié,0,1
63,185000,17.0,Fonctionnaire,5200000,48,0,Moyen,30000.0,Marié,0,1
59,768000,8.0,Fonctionnaire,29050000,120,0,Mauvais,8450000.0,Marié,3,1
30,90000,13.0,CDI,2460000,60,1,Mauvais,190000.0,Divorcé,1,0
58,569000,29.0,Indépendant,21530000,120,1,Moyen,6420000.0,Divorcé,1,1
56,185000,22.0,Indépendant,7050000,84,1,Bon,1200000.0,Marié,3,1
41,158000,15.0,CDI,5510000,36,5,Bon,690000.0,Célibataire,3,0
63,355000,0.0,Indépendant,3020000,12,3,Bon,720000.0,Marié,1,0
26,297000,5.0,Indépendant,7590000,36,1,Bon,220000.0,Célibataire,3,0
41,317000,27.0,CDI,6680000,12,1,Moyen,2110000.0,Célibataire,2,0
61,342000,7.0,Indépendant,10790000,84,0,Mauvais,2040000.0,Célibataire,2,0
53,642000,2.0,Indépendant,6550000,120,3,Bon,1220000.0,Célibataire,1,1
31,427000,5.0,CDD,13150000,48,3,Bon,4940000.0,Marié,4,0
57,292000,6.0,Fonctionnaire,8040000,60,3,Bon,120000.0,Marié,0,1
43,233000,0.0,CDD,8490000,36,0,Bon,790000.0,Marié,2,0
50,240000,22.0,CDI,3530000,120,0,Bon,1150000.0,Divorcé,0,1
39,423000,19.0,CDI,11830000,36,0,Bon,3800000.0,Marié,3,1
25,190000,15.0,CDI,5890000,24,0,Bon,20000.0,Célibataire,2,0
35,80000,0.0,CDI,2740000,36,0,Bon,240000.0,Marié,3,0
46,451000,13.0,CDI,8340000,120,1,Moyen,2830000.0,Marié,2,1
55,301000,1.0,CDI,4840000,84,0,Bon,1380000.0,Marié,2,1
54,402000,21.0,Indépendant,8850000,36,3,Bon,2030000.0,Divorcé,2,1
36,167000,22.0,CDD,5890000,84,0,Mauvais,310000.0,Marié,0,0
36,280000,17.0,Fonctionnaire,6230000,60,0,Moyen,420000.0,Célibataire,2,1
55,377000,25.0,Indépendant,12090000,120,2,Bon,2430000.0,Marié,1,1
34,397000,29.0,CDI,9310000,84,1,Moyen,530000.0,Divorcé,3,1
48,132000,25.0,CDD,2720000,12,3,Bon,440000.0,Célibataire,1,0
54,450000,24.0,Indépendant,17080000,60,2,Moyen,1420000.0,Divorcé,2,1
61,318000,9.0,CDD,7070000,36,1,Bon,2220000.0,Célibataire,1,1
64,380000,15.0,CDI,12600000,60,5,Mauvais,700000.0,Marié,2,0
37,169000,14.0,CDD,1080000,120,1,Mauvais,50000.0,Célibataire,0,1
28,100000,12.0,Fonctionnaire,1050000,120,2,Bon,300000.0,Célibataire,1,1
46,223000,25.0,Indépendant,4920000,36,2,Bon,1150000.0,Célibataire,2,1
63,531000,21.0,CDI,11340000,60,1,Mauvais,190000.0,Célibataire,1,1
43,330000,11.0,CDI,6370000,120,1,Bon,230000.0,Marié,3,1
28,229000,10.0,CDI,9090000,60,1,Mauvais,1750000.0,Célibataire,4,0
21,341000,1.0,Indépendant,8870000,84,3,Moyen,1600000.0,Marié,1,0
39,184000,3.0,Indépendant,3260000,24,6,Bon,910000.0,Marié,1,0
24,356000,29.0,CDD,14180000,120,1,Bon,1170000.0,Célibataire,2,1
47,155000,28.0,Indépendant,1010000,24,4,Mauvais,80000.0,Célibataire,1,0
33,227000,28.0,CDI,8510000,84,1,Bon,1570000.0,Marié,3,1
38,198000,2.0,Fonctionnaire,2720000,12,0,Moyen,460000.0,Célibataire,1,0
25,546000,9.0,CDI,9260000,48,0,Mauvais,620000.0,Marié,2,1
64,557000,4.0,CDI,6210000,120,1,Mauvais,1770000.0,Célibataire,1,1
38,253000,3.0,CDI,10040000,24,1,Bon,1590000.0,Marié,1,0
41,553000,14.0,CDD,18750000,48,2,Bon,760000.0,Marié,1,1
21,458000,16.0,Indépendant,4140000,60,1,Bon,370000.0,Marié,2,1
41,295000,8.0,CDD,1810000,60,1,Bon,550000.0,Célibataire,3,1
47,678000,24.0,Indépendant,22300000,84,0,Moyen,4790000.0,Divorcé,1,1
52,598000,24.0,Fonctionnaire,15330000,24,1,Bon,40000.0,Marié,2,1
40,211000,0.0,CDI,4630000,84,2,Moyen,1700000.0,Célibataire,0,1
21,565000,17.0,CDD,14110000,12,2,Moyen,4400000.0,Célibataire,1,0
40,428000,,CDI,8370000,24,2,Mauvais,3130000.0,Marié,2,0
50,697000,7.0,CDI,15150000,36,0,Moyen,2150000.0,Marié,1,1
24,519000,25.0,Indépendant,14430000,60,0,Moyen,2800000.0,Célibataire,2,1
38,917000,13.0,Fonctionnaire,17840000,84,2,Bon,1960000.0,Marié,1,1
27,164000,17.0,Fonctionnaire,1100000,36,0,Bon,230000.0,Marié,2,1
36,293000,17.0,CDI,3880000,24,1,Moyen,640000.0,Célibataire,3,0
38,1115000,23.0,CDI,12140000,24,0,Bon,1320000.0,Divorcé,4,1
53,307000,14.0,CDD,3630000,12,4,Mauvais,1150000.0,Marié,2,0
48,245000,14.0,CDD,2500000,12,2,Bon,320000.0,Marié,3,0
56,418000,17.0,CDD,8310000,48,2,Mauvais,50000.0,Marié,0,0
38,307000,24.0,CDD,8510000,12,2,Bon,1840000.0,Marié,0,0
47,231000,27.0,CDI,6040000,48,2,Bon,210000.0,Marié,1,1
43,485000,3.0,CDD,7040000,24,1,Moyen,1340000.0,Célibataire,0,1
54,145000,24.0,CDI,2570000,36,1,Mauvais,830000.0,Marié,2,0
31,177000,,CDD,4450000,24,1,Mauvais,1230000.0,Célibataire,1,0
57,539000,12.0,Indépendant,17630000,48,3,,490000.0,Célibataire,2,0
63,613000,12.0,CDD,18490000,120,3,Bon,2300000.0,Marié,2,1
26,120000,28.0,CDI,700000,60,1,Bon,260000.0,Marié,1,1
42,447000,26.0,Indépendant,14240000,24,1,Bon,630000.0,Divorcé,1,0
54,125000,21.0,Indépendant,3250000,120,3,Bon,860000.0,Célibataire,0,1
53,598000,25.0,Fonctionnaire,19940000,48,3,Bon,4350000.0,Célibataire,0,1
64,535000,21.0,CDI,4190000,12,1,Moyen,660000.0,Marié,1,1
51,545000,19.0,CDI,15130000,12,1,Moyen,3290000.0,Marié,0,0
54,774000,18.0,Indépendant,6350000,36,1,Mauvais,1920000.0,Marié,1,1
61,339000,29.0,CDD,4720000,120,2,Moyen,790000.0,Marié,1,1
31,157000,14.0,CDI,5980000,60,0,Bon,1170000.0,Célibataire,0,1
52,199000,11.0,CDD,4410000,60,3,Bon,1040000.0,Marié,3,0
30,315000,21.0,Indépendant,3580000,84,0,,410000.0,Marié,2,1
26,139000,21.0,Fonctionnaire,3480000,120,2,Mauvais,430000.0,Marié,0,1
40,226000,5.0,CDI,4270000,36,1,Bon,630000.0,Marié,3,0
47,428000,12.0,CDI,5580000,84,1,Mauvais,1540000.0,Célibataire,2,1
33,249000,26.0,CDI,6870000,60,0,Bon,1950000.0,Marié,2,1
25,397000,29.0,Fonctionnaire,4890000,12,2,Bon,1640000.0,Marié,0,1
63,592000,0.0,CDI,17840000,24,5,Bon,3760000.0,Marié,0,0
22,217000,23.0,CDD,8320000,84,2,Mauvais,230000.0,Marié,0,0
47,80000,26.0,CDD,2990000,48,0,Moyen,970000.0,Marié,2,0
59,149000,20.0,Indépendant,1380000,24,1,Bon,180000.0,Marié,0,1
22,810000,27.0,CDD,14530000,120,2,Bon,4310000.0,Marié,3,1
37,314000,2.0,Indépendant,2700000,120,2,Bon,940000.0,Marié,2,1
43,167000,22.0,CDI,4570000,24,0,Moyen,620000.0,Célibataire,2,0
31,263000,,CDD,1700000,84,1,Moyen,170000.0,Divorcé,3,1
55,182000,0.0,Indépendant,5800000,12,2,Bon,650000.0,Célibataire,1,0
44,449000,13.0,CDD,15410000,36,0,Bon,220000.0,Marié,1,1
36,536000,8.0,CDI,20950000,60,0,Moyen,990000.0,Marié,1,0
27,572000,26.0,Fonctionnaire,20890000,12,1,Bon,8280000.0,Célibataire,1,0
31,746000,6.0,CDI,8500000,120,3,,2200000.0,Célibataire,4,1
56,412000,13.0,CDI,10700000,84,1,Bon,430000.0,Marié,1,1
28,647000,20.0,Indépendant,18520000,24,2,Mauvais,3650000.0,Marié,3,0
47,213000,14.0,CDI,5650000,60,0,Bon,2090000.0,Marié,2,1
64,344000,1.0,Fonctionnaire,2970000,36,3,Bon,880000.0,Marié,2,1
47,105000,25.0,CDI,3190000,60,0,Bon,530000.0,Marié,4,1
27,290000,,CDD,5450000,12,0,Bon,330000.0,Célibataire,1,0
23,265000,23.0,CDI,6510000,24,0,Moyen,460000.0,Célibataire,1,0
26,80000,9.0,Fonctionnaire,2240000,84,0,Moyen,640000.0,Marié,0,1
38,404000,10.0,CDD,2610000,36,1,Mauvais,920000.0,Marié,1,1
21,957000,2.0,CDI,18620000,36,1,Bon,4080000.0,Célibataire,1,1
23,378000,24.0,Fonctionnaire,3100000,12,4,Moyen,570000.0,Marié,1,0
23,516000,23.0,CDD,7100000,84,0,Bon,1320000.0,Célibataire,0,1
41,582000,0.0,Fonctionnaire,13340000,48,4,Mauvais,580000.0,Marié,0,0
22,345000,15.0,CDD,12130000,48,0,Bon,2370000.0,Marié,5,0
59,80000,8.0,CDD,1290000,60,0,Bon,180000.0,Divorcé,1,1
29,667000,18.0,CDI,20350000,36,0,Bon,7920000.0,Marié,3,1
31,318000,0.0,CDI,3860000,60,0,Bon,910000.0,Célibataire,3,1
60,147000,23.0,CDI,3160000,84,1,Moyen,430000.0,Marié,4,1
31,669000,3.0,Indépendant,24090000,36,2,Bon,1200000.0,Célibataire,2,0
34,664000,2.0,Indépendant,16010000,84,0,Moyen,1010000.0,Marié,3,1
62,80000,12.0,CDD,680000,36,2,Moyen,240000.0,Célibataire,1,1
51,145000,,Fonctionnaire,2850000,84,1,Bon,950000.0,Marié,0,1
21,323000,,CDD,6720000,120,1,Mauvais,1520000.0,Célibataire,2,1
61,120000,26.0,Indépendant,4470000,60,1,Moyen,1780000.0,Marié,3,0
41,83000,9.0,Indépendant,2440000,24,2,Moyen,740000.0,Marié,3,0
38,562000,24.0,Indépendant,5440000,12,0,Bon,1490000.0,Marié,3,1
39,139000,21.0,CDI,4680000,84,2,Bon,610000.0,Marié,3,1
64,290000,2.0,Indépendant,2090000,60,3,Mauvais,740000.0,Célibataire,2,0
62,193000,27.0,CDD,1290000,84,4,,140000.0,Célibataire,2,1
28,324000,10.0,Fonctionnaire,7740000,120,0,Moyen,290000.0,Célibataire,0,1
25,1092000,27.0,Indépendant,24540000,120,2,Bon,330000.0,Célibataire,0,1
31,314000,25.0,CDD,6820000,60,1,Bon,1220000.0,Marié,1,1
39,608000,20.0,Fonctionnaire,12790000,120,0,Bon,480000.0,Célibataire,0,1
21,625000,14.0,CDI,20160000,60,2,Bon,7490000.0,Divorcé,1,1
21,363000,17.0,Indépendant,6250000,36,1,Mauvais,370000.0,Marié,4,0
39,138000,12.0,CDD,5330000,120,0,Moyen,1810000.0,Marié,1,1
32,100000,17.0,Fonctionnaire,1000000,24,2,Bon,360000.0,Marié,2,1
53,376000,7.0,CDD,8140000,60,1,Bon,1700000.0,Marié,1,1
46,526000,14.0,Fonctionnaire,14190000,60,0,Mauvais,3930000.0,Marié,5,1
60,522000,4.0,Indépendant,11270000,84,2,Bon,2380000.0,Célibataire,3,1
33,80000,23.0,CDI,2840000,84,1,Moyen,810000.0,Marié,1,0
41,477000,20.0,CDI,17710000,48,2,Moyen,5500000.0,Marié,1,1
21,394000,28.0,Indépendant,6600000,48,0,Bon,1500000.0,Marié,1,1
32,484000,22.0,CDI,4740000,12,2,Moyen,1460000.0,Divorcé,0,1
52,763000,18.0,CDI,28480000,12,3,Bon,1890000.0,Marié,1,0
63,500000,10.0,CDI,15030000,84,2,Moyen,540000.0,Célibataire,1,1
37,188000,19.0,Indépendant,1540000,48,1,Moyen,80000.0,Divorcé,1,1
45,80000,14.0,Indépendant,3110000,36,1,Bon,90000.0,Célibataire,0,0
63,806000,19.0,Indépendant,12430000,24,2,Bon,4120000.0,Divorcé,1,1
55,195000,11.0,Indépendant,6790000,120,0,Bon,960000.0,Marié,2,1
57,167000,20.0,CDD,3730000,12,2,Moyen,370000.0,Marié,1,0
46,237000,28.0,CDI,3200000,60,0,Moyen,230000.0,Divorcé,3,1
32,172000,6.0,Indépendant,1710000,36,1,Bon,530000.0,Célibataire,5,1
60,490000,10.0,Fonctionnaire,16480000,12,5,Bon,4230000.0,Marié,0,0
33,328000,7.0,CDD,6370000,12,3,Bon,1050000.0,Marié,0,0
40,576000,17.0,CDI,11630000,84,1,Bon,2420000.0,Marié,1,1
61,174000,22.0,Indépendant,2790000,48,1,Moyen,210000.0,Divorcé,1,1
50,148000,10.0,Indépendant,5230000,60,1,Moyen,1490000.0,Marié,2,0
49,922000,0.0,Indépendant,30890000,12,1,Mauvais,830000.0,Marié,4,0
52,316000,6.0,Fonctionnaire,2160000,36,1,Bon,480000.0,Marié,3,1
53,478000,20.0,Fonctionnaire,12320000,120,2,Bon,1080000.0,Divorcé,1,1
26,80000,3.0,Indépendant,1220000,24,1,Bon,250000.0,Célibataire,0,0
35,505000,24.0,Indépendant,13450000,60,1,Mauvais,4740000.0,Marié,1,1
24,195000,15.0,Fonctionnaire,2290000,60,3,Moyen,320000.0,Célibataire,1,1
51,202000,8.0,Indépendant,1590000,24,1,Bon,70000.0,Célibataire,3,0
35,880000,5.0,CDD,28110000,60,1,Moyen,10720000.0,Marié,0,1
53,506000,4.0,Fonctionnaire,12320000,24,2,Mauvais,3960000.0,Célibataire,5,0
40,228000,16.0,CDI,5020000,24,2,Bon,830000.0,Marié,2,0
53,114000,15.0,Indépendant,1500000,84,2,Bon,190000.0,Célibataire,4,1
38,296000,4.0,CDD,5220000,84,2,Bon,1380000.0,Marié,0,1
59,182000,17.0,CDD,2860000,84,2,Mauvais,20000.0,Célibataire,2,0
30,336000,0.0,CDI,11250000,36,2,Bon,4320000.0,Célibataire,1,0
23,315000,21.0,CDI,3330000,60,1,,580000.0,Célibataire,0,1
54,321000,7.0,CDD,2520000,84,3,Mauvais,590000.0,Célibataire,0,1
45,141000,1.0,CDD,5350000,120,1,Bon,1730000.0,Célibataire,0,1
48,191000,,CDD,3580000,120,0,Bon,840000.0,Marié,1,1
41,325000,22.0,Fonctionnaire,3060000,84,0,Moyen,540000.0,Célibataire,1,1
35,342000,10.0,CDD,1990000,36,2,Bon,190000.0,Célibataire,2,1
24,283000,29.0,CDI,8490000,12,0,Mauvais,20000.0,Célibataire,2,0
47,321000,1.0,Indépendant,10600000,48,0,Moyen,2340000.0,Marié,1,0
56,154000,3.0,CDI,4490000,84,1,Bon,1330000.0,Célibataire,2,1
50,287000,16.0,CDD,4100000,120,0,Bon,1310000.0,Célibataire,3,1
31,152000,2.0,CDI,1040000,24,1,Bon,290000.0,Marié,2,1
64,531000,14.0,Indépendant,8700000,12,0,Mauvais,2400000.0,Marié,2,0
45,88000,27.0,CDI,640000,12,2,Moyen,30000.0,Célibataire,1,0
50,300000,28.0,Indépendant,11340000,36,2,Bon,890000.0,Célibataire,1,0
55,489000,16.0,Indépendant,19120000,84,1,Moyen,3360000.0,Marié,3,1
48,87000,12.0,CDI,1910000,36,2,Bon,430000.0,Célibataire,1,0
50,425000,19.0,CDI,12020000,60,0,Bon,1880000.0,Divorcé,1,1
33,80000,22.0,CDD,1500000,60,1,Bon,450000.0,Divorcé,1,1
64,354000,24.0,CDD,4020000,48,0,Moyen,1600000.0,Divorcé,0,1
45,700000,,CDD,21540000,120,1,Bon,7490000.0,Célibataire,1,1
26,274000,10.0,CDI,2160000,24,1,Bon,760000.0,Marié,1,1
52,913000,14.0,CDI,25480000,120,1,Bon,2520000.0,Célibataire,3,1
30,299000,1.0,Indépendant,7020000,36,0,Bon,2440000.0,Divorcé,1,1
55,227000,9.0,CDI,1360000,24,1,Mauvais,540000.0,Célibataire,1,1
59,355000,16.0,Indépendant,7170000,12,1,Bon,2230000.0,Marié,3,0
40,380000,4.0,Indépendant,10590000,24,2,Mauvais,100000.0,Célibataire,1,0
36,400000,0.0,CDI,14820000,24,0,Moyen,3880000.0,Célibataire,0,0
27,550000,3.0,Fonctionnaire,5570000,120,1,Moyen,730000.0,Marié,1,1
23,556000,9.0,Indépendant,3660000,12,2,Bon,1410000.0,Divorcé,1,1
60,240000,20.0,CDD,7230000,24,1,Bon,2680000.0,Célibataire,2,0
48,588000,1.0,Indépendant,13550000,12,0,Bon,1430000.0,Célibataire,1,0
52,120000,2.0,Indépendant,2650000,84,3,Bon,1020000.0,Marié,2,0
60,156000,9.0,CDI,4340000,120,2,Mauvais,1190000.0,Célibataire,4,0
24,601000,21.0,CDI,23420000,84,2,Moyen,6540000.0,Célibataire,1,1
59,214000,25.0,Indépendant,3620000,120,1,Moyen,570000.0,Célibataire,2,1
35,404000,5.0,CDI,3570000,36,1,Bon,390000.0,Marié,0,1
39,220000,28.0,Indépendant,5960000,120,0,Bon,1930000.0,Célibataire,1,1
25,547000,26.0,CDI,19980000,36,0,Moyen,5620000.0,Marié,3,0
50,303000,24.0,CDI,2410000,60,0,Bon,420000.0,Marié,0,1
64,415000,18.0,CDD,4290000,60,1,Moyen,1040000.0,Marié,1,1
24,199000,22.0,CDD,6560000,60,3,Bon,860000.0,Marié,0,1
51,135000,15.0,CDI,1010000,36,1,Bon,350000.0,Marié,2,1
48,392000,13.0,CDI,15160000,48,1,Mauvais,4820000.0,Célibataire,3,0
43,161000,1.0,CDI,920000,60,0,Bon,290000.0,Marié,1,1
49,419000,1.0,CDI,12200000,36,0,Mauvais,190000.0,Célibataire,0,0
50,551000,27.0,Indépendant,8700000,48,0,Bon,2840000.0,Célibataire,0,1
63,185000,22.0,Indépendant,6480000,60,1,Bon,260000.0,Divorcé,1,1
44,418000,21.0,Fonctionnaire,14610000,120,1,Bon,4100000.0,Marié,1,1
30,137000,12.0,CDD,4880000,84,2,Moyen,1460000.0,Marié,2,1
50,666000,0.0,Indépendant,13220000,24,0,Moyen,1890000.0,Marié,0,1
43,213000,14.0,CDD,8260000,48,0,Moyen,1140000.0,Marié,1,0
59,343000,18.0,CDI,12020000,84,0,Bon,890000.0,Célibataire,3,1
41,552000,12.0,CDI,9450000,48,2,Bon,1970000.0,Célibataire,2,1
21,489000,14.0,CDI,7550000,120,0,Mauvais,1650000.0,Marié,2,1
60,199000,13.0,CDD,3910000,60,1,Mauvais,1270000.0,Marié,1,0
30,100000,18.0,CDD,1900000,120,0,Mauvais,180000.0,Marié,1,1
49,454000,22.0,Fonctionnaire,12040000,12,0,Bon,2160000.0,Célibataire,0,0
51,270000,17.0,CDI,10240000,36,2,Bon,470000.0,Célibataire,0,0
50,240000,1.0,CDI,7000000,84,0,,,Célibataire,0,1
59,157000,9.0,Fonctionnaire,5460000,84,4,Bon,1210000.0,Marié,1,0
31,530000,23.0,Fonctionnaire,11870000,48,2,Bon,3630000.0,Marié,1,1
63,99000,11.0,Indépendant,2980000,12,0,Bon,850000.0,Célibataire,2,0
42,806000,15.0,Indépendant,14720000,12,1,Moyen,5150000.0,Marié,2,0
45,172000,17.0,CDD,5430000,36,0,Bon,1840000.0,Célibataire,0,0
45,272000,3.0,Fonctionnaire,2010000,84,0,Bon,480000.0,Divorcé,1,1
45,197000,0.0,CDD,3200000,12,1,Moyen,700000.0,Marié,0,0
55,832000,28.0,Fonctionnaire,26520000,12,0,Moyen,9090000.0,Célibataire,2,0
55,486000,20.0,Fonctionnaire,5730000,84,0,Moyen,70000.0,Célibataire,4,1
55,730000,9.0,Indépendant,6200000,36,0,Mauvais,1540000.0,Célibataire,1,1
64,400000,15.0,CDD,5090000,36,1,Bon,1760000.0,Marié,0,1
37,319000,1.0,CDI,8490000,120,2,Moyen,2190000.0,Célibataire,3,1
29,765000,18.0,CDD,27730000,84,0,Moyen,6400000.0,Célibataire,1,1
31,139000,29.0,Indépendant,5070000,120,2,Moyen,1390000.0,Marié,0,1
59,385000,26.0,Fonctionnaire,9650000,120,1,Moyen,3320000.0,Marié,1,1
32,328000,9.0,Indépendant,11640000,120,1,Mauvais,1320000.0,Marié,4,0
44,217000,13.0,CDI,3360000,60,2,Bon,480000.0,Marié,1,1
47,363000,29.0,Indépendant,5440000,12,2,Bon,1920000.0,Marié,2,0
42,829000,17.0,CDI,12770000,120,2,Bon,850000.0,Divorcé,0,1
26,164000,8.0,CDD,3260000,48,0,Moyen,770000.0,Marié,2,0
25,623000,24.0,Indépendant,22630000,84,2,Bon,1620000.0,Marié,0,1
52,329000,,CDI,7270000,60,1,Mauvais,1630000.0,Marié,0,0
29,690000,27.0,Indépendant,16100000,60,1,Bon,1370000.0,Marié,3,1
51,495000,20.0,Indépendant,6990000,48,2,Bon,460000.0,Célibataire,0,1
36,267000,17.0,CDI,9040000,36,2,Moyen,,Célibataire,2,0
57,96000,7.0,Indépendant,1040000,84,4,Bon,40000.0,Célibataire,2,0
39,80000,5.0,CDD,1800000,24,0,Moyen,390000.0,Marié,2,0
44,300000,12.0,CDI,6980000,120,1,Moyen,450000.0,Marié,2,1
32,527000,24.0,CDI,5110000,12,1,Bon,920000.0,Marié,0,1
61,325000,29.0,CDI,3510000,24,1,Moyen,1130000.0,Célibataire,1,1
31,976000,23.0,CDD,28500000,120,0,Bon,7660000.0,Marié,2,1
45,177000,1.0,CDI,2610000,12,5,Bon,850000.0,Célibataire,0,0
43,478000,29.0,CDD,3530000,60,2,Bon,1040000.0,Célibataire,0,1
54,307000,12.0,CDI,10840000,24,1,Bon,590000.0,Marié,1,0
35,80000,1.0,CDI,3150000,84,0,Bon,700000.0,Divorcé,1,0
63,228000,26.0,CDD,7170000,36,0,Bon,1270000.0,Marié,1,0
23,247000,4.0,Fonctionnaire,1420000,36,2,Bon,,Célibataire,2,1
34,358000,11.0,CDI,6230000,60,1,Mauvais,1320000.0,Célibataire,2,1
40,340000,28.0,CDD,1840000,24,0,Bon,370000.0,Divorcé,1,1
46,175000,13.0,CDI,5520000,36,2,Bon,1290000.0,Marié,2,0
64,519000,24.0,CDI,11890000,48,2,Mauvais,4100000.0,Divorcé,2,1
57,288000,29.0,CDD,3300000,60,1,Bon,1130000.0,Divorcé,4,1
24,80000,23.0,CDD,2370000,84,0,Moyen,360000.0,Célibataire,3,1
60,217000,24.0,Fonctionnaire,8660000,84,2,Moyen,280000.0,Marié,0,1
55,977000,24.0,CDI,5520000,12,1,Moyen,,Marié,1,1
43,283000,8.0,CDD,3050000,36,0,Bon,170000.0,Divorcé,2,1
45,436000,23.0,Indépendant,6030000,84,0,Bon,2230000.0,Célibataire,0,1
56,326000,25.0,CDD,7800000,60,0,Mauvais,2360000.0,Célibataire,2,1
33,562000,6.0,Indépendant,5740000,36,1,Moyen,850000.0,Divorcé,0,1
48,80000,19.0,Indépendant,2290000,84,0,Bon,290000.0,Célibataire,1,1
30,277000,16.0,CDD,8560000,60,1,Bon,2440000.0,Marié,3,1
33,181000,2.0,Indépendant,7130000,48,2,Moyen,1170000.0,Marié,0,0
64,369000,13.0,CDI,3030000,24,1,Bon,1090000.0,Marié,1,1
23,225000,29.0,CDD,1130000,36,1,Bon,300000.0,Marié,3,1
39,300000,15.0,CDI,5510000,120,1,Moyen,1540000.0,Divorcé,1,1
38,298000,0.0,CDD,11160000,60,0,Bon,120000.0,Divorcé,2,0
63,406000,21.0,Indépendant,8120000,36,0,,540000.0,Marié,2,1
58,473000,12.0,CDI,15950000,48,0,Moyen,3590000.0,Célibataire,0,1
40,140000,15.0,CDI,1510000,12,1,Bon,390000.0,Célibataire,2,0
33,329000,23.0,CDI,4070000,60,0,Mauvais,1400000.0,Célibataire,1,1
22,222000,11.0,CDI,1260000,84,0,Bon,490000.0,Célibataire,0,1
32,394000,7.0,Fonctionnaire,12730000,24,0,Moyen,400000.0,Divorcé,2,0
27,395000,10.0,CDD,12600000,120,1,Moyen,860000.0,Marié,4,1
22,331000,19.0,CDD,2190000,48,1,Moyen,540000.0,Célibataire,3,1
41,227000,24.0,Fonctionnaire,3040000,120,1,Bon,1110000.0,Divorcé,3,1
56,399000,24.0,CDI,10530000,60,3,Mauvais,2310000.0,Célibataire,2,1
58,442000,3.0,CDD,4820000,48,0,Moyen,1270000.0,Marié,0,1
63,97000,12.0,Indépendant,3740000,60,0,Bon,,Marié,3,0
29,363000,17.0,Fonctionnaire,2730000,84,0,Bon,220000.0,Marié,1,1
47,145000,27.0,Fonctionnaire,5650000,48,0,Bon,430000.0,Marié,0,1
31,226000,0.0,CDI,3300000,84,3,Moyen,970000.0,Divorcé,1,1
45,101000,16.0,CDI,2350000,12,1,Bon,550000.0,Célibataire,2,0
47,317000,26.0,Fonctionnaire,10640000,84,1,Bon,2560000.0,Marié,1,1
47,109000,29.0,CDD,2290000,36,1,Moyen,530000.0,Célibataire,1,0
25,916000,16.0,CDI,17150000,120,2,Bon,6610000.0,Marié,1,1
37,490000,17.0,CDI,15140000,60,2,Bon,5420000.0,Marié,2,1
44,711000,15.0,Indépendant,14730000,36,0,Bon,2900000.0,Célibataire,2,1
22,617000,14.0,CDD,18300000,84,1,Bon,5370000.0,Célibataire,0,1
59,371000,14.0,CDI,13170000,24,2,Bon,4970000.0,Marié,0,0
47,594000,20.0,Fonctionnaire,14570000,24,2,Bon,5380000.0,Divorcé,2,1
39,604000,21.0,CDI,19760000,12,1,Bon,2250000.0,Célibataire,0,0
41,499000,23.0,CDD,12470000,48,2,Bon,1810000.0,Marié,4,1
27,589000,13.0,CDI,11230000,84,1,Moyen,3480000.0,Divorcé,2,1
34,474000,3.0,CDI,8620000,24,1,Bon,3370000.0,Divorcé,1,1
33,423000,6.0,CDD,14530000,84,0,Bon,2200000.0,Célibataire,0,1
26,483000,8.0,Indépendant,6950000,36,0,Mauvais,2590000.0,Célibataire,0,1
50,309000,25.0,Indépendant,4750000,48,0,Bon,1800000.0,Divorcé,2,1
58,217000,25.0,CDI,6060000,36,2,Bon,1790000.0,Marié,1,1
35,481000,6.0,Indépendant,16850000,60,0,Moyen,6050000.0,Marié,1,1
44,544000,4.0,Indépendant,16930000,48,1,Moyen,3490000.0,Célibataire,2,0
31,253000,11.0,Fonctionnaire,2560000,48,1,Bon,650000.0,Célibataire,3,1
47,329000,23.0,CDI,4180000,48,0,Bon,610000.0,Divorcé,1,1
52,557000,16.0,Indépendant,19480000,48,1,Bon,2120000.0,Marié,2,1
53,340000,23.0,Fonctionnaire,4080000,48,1,Moyen,1130000.0,Marié,0,1
52,401000,9.0,Indépendant,11330000,60,2,Bon,2550000.0,Marié,2,1
32,176000,17.0,CDI,1970000,48,3,Bon,310000.0,Marié,2,1
59,333000,28.0,CDD,3950000,84,2,,1570000.0,Marié,1,1
41,826000,13.0,Indépendant,30000000,24,0,Moyen,1870000.0,Marié,1,0
45,263000,21.0,CDD,8160000,24,3,Moyen,1560000.0,Célibataire,2,0
43,384000,8.0,CDI,7230000,36,1,Moyen,1270000.0,Célibataire,2,1
50,428000,7.0,Indépendant,14210000,120,3,Moyen,1560000.0,Marié,0,1
38,200000,2.0,Fonctionnaire,5550000,60,0,Moyen,1070000.0,Marié,0,1
46,80000,26.0,CDD,620000,24,0,Bon,10000.0,Célibataire,1,1
40,353000,12.0,CDI,2630000,48,1,Moyen,1000000.0,Célibataire,2,1
61,80000,3.0,CDI,1400000,48,1,Moyen,550000.0,Marié,1,0
55,80000,17.0,CDI,510000,84,0,Bon,150000.0,Célibataire,1,1
33,263000,,CDI,4470000,48,1,Mauvais,1360000.0,Célibataire,1,0
62,123000,9.0,Fonctionnaire,2360000,12,1,Moyen,230000.0,Marié,2,0
23,367000,2.0,Indépendant,1840000,24,0,Bon,120000.0,Célibataire,2,1
53,898000,19.0,CDI,8880000,36,0,Mauvais,1740000.0,Marié,1,1
62,134000,23.0,CDD,2330000,36,1,Bon,840000.0,Célibataire,1,1
62,187000,22.0,CDD,5900000,36,2,Bon,320000.0,Marié,2,0
64,856000,7.0,Indépendant,8600000,60,3,Bon,2800000.0,Marié,1,1
22,255000,4.0,Indépendant,4790000,120,1,Moyen,650000.0,Divorcé,1,1
42,377000,22.0,CDI,5590000,60,0,Bon,680000.0,Marié,1,1
61,546000,9.0,CDI,12870000,84,0,Bon,830000.0,Célibataire,0,1
24,109000,20.0,Fonctionnaire,780000,36,0,Moyen,0.0,Célibataire,2,1
60,776000,21.0,Fonctionnaire,24760000,48,2,Moyen,3400000.0,Célibataire,1,1
59,365000,0.0,CDD,2380000,120,2,Moyen,330000.0,Marié,1,1
49,814000,1.0,CDI,15880000,48,1,Moyen,3700000.0,Célibataire,0,1
50,736000,10.0,CDI,23460000,60,1,Mauvais,7420000.0,Marié,0,1
34,540000,4.0,CDD,20000000,36,2,Bon,3400000.0,Célibataire,2,0
22,607000,23.0,Fonctionnaire,6280000,120,2,Mauvais,1660000.0,Marié,0,1
36,162000,12.0,CDI,1910000,120,1,Bon,60000.0,Célibataire,2,1
32,233000,26.0,CDI,4230000,24,3,Bon,1550000.0,Divorcé,1,1
61,80000,21.0,Fonctionnaire,3090000,24,0,Bon,420000.0,Célibataire,2,0
59,509000,16.0,Indépendant,9900000,120,3,Moyen,3050000.0,Célibataire,0,1
63,125000,15.0,CDI,3710000,120,1,Moyen,10000.0,Marié,0,1
58,547000,11.0,CDI,2780000,24,0,Moyen,630000.0,Marié,1,1
51,328000,7.0,CDD,6480000,36,1,Moyen,1130000.0,Marié,1,0
61,307000,16.0,CDD,4390000,36,0,Bon,40000.0,Célibataire,2,1
52,498000,8.0,Indépendant,8320000,24,0,Moyen,1170000.0,Célibataire,2,0
53,550000,19.0,CDI,17510000,12,1,Bon,960000.0,Célibataire,2,0
34,172000,26.0,CDI,1610000,48,1,Bon,510000.0,Marié,0,1
32,103000,28.0,CDI,3300000,60,0,Mauvais,600000.0,Célibataire,0,0
38,314000,25.0,CDI,7490000,84,0,Bon,1650000.0,Marié,2,1
55,233000,14.0,Fonctionnaire,4530000,120,2,Moyen,630000.0,Marié,1,1
29,340000,7.0,CDD,12710000,36,0,Bon,4100000.0,Marié,0,0
46,80000,16.0,Indépendant,1180000,12,0,Mauvais,220000.0,Célibataire,0,0
32,295000,27.0,Indépendant,5100000,60,0,Moyen,1220000.0,Marié,1,1
31,395000,23.0,CDI,5870000,60,1,Bon,2110000.0,Marié,1,1
25,686000,28.0,Fonctionnaire,6560000,36,0,Bon,2620000.0,Célibataire,2,1
28,203000,11.0,CDI,1700000,120,2,Bon,290000.0,Marié,2,1
53,669000,23.0,CDD,5800000,120,1,Moyen,710000.0,Marié,2,1
61,665000,0.0,Fonctionnaire,18120000,48,0,Mauvais,6090000.0,Marié,2,0
33,151000,24.0,CDI,1490000,24,0,Bon,70000.0,Marié,1,1
29,546000,0.0,Indépendant,20900000,120,1,Bon,4120000.0,Marié,0,1
62,213000,10.0,Indépendant,7980000,12,0,Bon,900000.0,Divorcé,3,0
56,136000,8.0,CDI,1990000,84,0,Mauvais,710000.0,Célibataire,1,1
29,447000,0.0,Indépendant,5750000,12,2,Moyen,1880000.0,Marié,2,0
46,745000,3.0,CDD,28890000,48,1,,140000.0,Marié,0,0
63,85000,24.0,CDI,2790000,84,2,Mauvais,1110000.0,Divorcé,3,0
40,239000,11.0,CDD,7370000,60,0,Bon,1630000.0,Marié,0,1
48,150000,20.0,CDI,1290000,60,0,Moyen,240000.0,Marié,5,1
44,442000,1.0,CDD,3500000,36,1,Bon,1390000.0,Marié,1,1
21,1123000,18.0,CDI,31680000,120,0,Bon,11010000.0,Célibataire,2,1
45,189000,23.0,Indépendant,2180000,60,2,Mauvais,570000.0,Divorcé,4,0
31,337000,10.0,CDI,11310000,12,1,Mauvais,4240000.0,Marié,2,0
25,130000,23.0,CDD,2100000,60,1,Bon,160000.0,Marié,2,1
34,420000,23.0,CDD,6790000,48,2,Bon,50000.0,Marié,1,1
38,401000,8.0,CDI,3950000,12,1,Moyen,1450000.0,Célibataire,1,0
41,478000,14.0,Indépendant,15710000,36,3,Mauvais,5640000.0,Célibataire,3,0
57,424000,1.0,CDI,9080000,36,0,Bon,1310000.0,Marié,1,1
25,498000,,CDD,11550000,120,1,Mauvais,1720000.0,Célibataire,2,1
34,353000,0.0,CDD,6200000,60,3,Bon,1680000.0,Célibataire,1,1
55,308000,20.0,CDD,10810000,12,1,Moyen,1100000.0,Marié,0,0
29,382000,27.0,CDD,12840000,48,0,Moyen,1050000.0,Marié,1,0
31,400000,28.0,CDD,14330000,12,0,Mauvais,2640000.0,Marié,0,0
24,534000,0.0,CDD,16290000,48,1,Bon,760000.0,Célibataire,1,0
28,643000,22.0,Indépendant,7990000,12,0,Bon,,Célibataire,2,0
57,354000,10.0,CDI,3540000,48,2,Bon,970000.0,Célibataire,0,1
48,208000,8.0,CDI,5600000,12,0,Bon,100000.0,Marié,0,0
34,102000,19.0,CDD,3260000,24,1,Moyen,930000.0,Célibataire,1,0
22,310000,21.0,CDD,9530000,12,2,Bon,2750000.0,Célibataire,1,0
49,239000,7.0,Fonctionnaire,6520000,60,2,Moyen,2020000.0,Marié,1,1
40,349000,4.0,CDD,7390000,120,1,Bon,930000.0,Marié,2,1
58,212000,22.0,Indépendant,7190000,24,3,Bon,530000.0,Célibataire,1,0
26,568000,29.0,Indépendant,21950000,12,1,Moyen,8380000.0,Marié,0,0
32,458000,14.0,Indépendant,12800000,48,1,Bon,4900000.0,Marié,4,1
36,139000,11.0,CDD,3740000,48,0,Bon,1350000.0,Célibataire,3,1
22,305000,16.0,Fonctionnaire,2620000,12,3,Bon,730000.0,Célibataire,2,0
60,432000,1.0,CDI,8750000,36,2,Moyen,1700000.0,Marié,2,0
25,332000,10.0,Fonctionnaire,4880000,84,1,Moyen,1090000.0,Marié,2,1
40,566000,17.0,CDI,9270000,12,2,Bon,600000.0,Célibataire,0,0
32,444000,14.0,Fonctionnaire,7210000,36,2,Bon,2540000.0,Célibataire,4,1
36,698000,17.0,Indépendant,12010000,36,2,Bon,1200000.0,Marié,2,1
50,473000,,CDD,6670000,36,0,Bon,700000.0,Marié,0,1
40,1008000,24.0,CDI,34120000,36,1,Bon,11980000.0,Célibataire,0,1
41,205000,4.0,Indépendant,6240000,60,3,Bon,2180000.0,Célibataire,0,0
26,507000,26.0,Fonctionnaire,15060000,12,2,Mauvais,760000.0,Marié,1,0
29,244000,2.0,CDI,3610000,24,0,Bon,950000.0,Célibataire,0,1
23,258000,21.0,Indépendant,1470000,36,2,Moyen,440000.0,Marié,2,1
40,397000,25.0,CDD,8780000,24,1,Bon,2610000.0,Célibataire,2,1
53,331000,20.0,CDD,2060000,84,3,Bon,20000.0,Célibataire,2,1
57,421000,29.0,Indépendant,5060000,36,1,Moyen,900000.0,Marié,1,1
37,80000,16.0,CDI,610000,84,0,Mauvais,110000.0,Célibataire,3,1
61,252000,9.0,Indépendant,7560000,48,2,Mauvais,2180000.0,Marié,1,0
35,204000,12.0,Indépendant,7120000,36,1,Bon,1210000.0,Marié,0,0
39,435000,7.0,CDD,7500000,12,1,Bon,480000.0,Célibataire,1,0
33,485000,14.0,CDD,10220000,12,0,Bon,4050000.0,Marié,2,0
43,283000,7.0,CDI,6580000,60,0,Bon,60000.0,Célibataire,0,1
64,373000,17.0,CDD,6200000,24,2,Bon,1050000.0,Célibataire,2,0
44,350000,9.0,Indépendant,5490000,36,1,Bon,1360000.0,Marié,1,1
44,198000,0.0,Indépendant,2310000,36,0,Mauvais,550000.0,Célibataire,0,0
47,955000,29.0,CDI,31610000,12,1,Mauvais,8880000.0,Célibataire,2,0
43,313000,8.0,Indépendant,9150000,120,4,Mauvais,3420000.0,Célibataire,0,0
32,389000,3.0,CDI,14050000,24,0,Bon,5170000.0,Marié,2,0
31,144000,18.0,CDI,2610000,24,3,Bon,90000.0,Célibataire,1,0
28,265000,5.0,Indépendant,5630000,24,1,Bon,2100000.0,Célibataire,5,0
44,339000,5.0,Indépendant,6430000,36,1,Bon,1170000.0,Célibataire,1,1
61,704000,9.0,CDI,10300000,84,2,Bon,3890000.0,Marié,2,1
30,605000,11.0,CDI,20960000,60,2,Moyen,7700000.0,Marié,2,1
44,519000,18.0,CDI,13920000,48,1,Moyen,490000.0,Divorcé,3,1
31,433000,6.0,Indépendant,3350000,60,2,Bon,30000.0,Célibataire,0,1
53,525000,18.0,CDI,5300000,48,1,Bon,600000.0,Célibataire,0,1
49,80000,19.0,Fonctionnaire,460000,60,1,Bon,120000.0,Marié,1,1
33,448000,8.0,CDD,9860000,24,3,Bon,2790000.0,Célibataire,2,0
48,261000,20.0,Indépendant,5550000,60,2,Moyen,400000.0,Marié,0,0
25,518000,6.0,CDI,20110000,120,5,Moyen,7950000.0,Célibataire,3,1
37,381000,28.0,Fonctionnaire,2880000,120,0,Moyen,320000.0,Célibataire,2,1
56,527000,28.0,Indépendant,19930000,12,4,Moyen,2530000.0,Célibataire,1,0
40,526000,10.0,CDD,5810000,120,0,Mauvais,1740000.0,Célibataire,1,1
24,145000,17.0,CDI,3160000,120,1,Bon,880000.0,Célibataire,3,1
48,244000,1.0,CDI,8260000,24,1,Mauvais,1480000.0,Célibataire,2,0
36,471000,8.0,Fonctionnaire,5750000,48,2,Bon,1980000.0,Marié,1,1
59,245000,17.0,CDI,5770000,36,1,Mauvais,200000.0,Célibataire,3,0
50,534000,4.0,Indépendant,20310000,12,1,Mauvais,2740000.0,Divorcé,3,0
50,519000,21.0,Fonctionnaire,12400000,120,0,Bon,4590000.0,Célibataire,1,1
40,375000,20.0,Indépendant,4610000,36,1,Mauvais,330000.0,Célibataire,0,0
52,80000,20.0,Fonctionnaire,1160000,60,1,Moyen,70000.0,Célibataire,0,1
46,195000,,Fonctionnaire,4030000,24,1,Mauvais,50000.0,Célibataire,0,0
23,197000,14.0,CDI,4100000,36,1,Bon,1010000.0,Célibataire,3,1
54,463000,1.0,Fonctionnaire,13370000,48,0,Bon,1860000.0,Célibataire,1,1
30,229000,0.0,CDD,2390000,120,0,Bon,920000.0,Marié,0,1
57,313000,,CDD,8090000,60,2,Moyen,190000.0,Célibataire,2,0
37,169000,22.0,CDD,6540000,60,0,Moyen,430000.0,Divorcé,0,0
64,387000,8.0,CDD,3330000,120,2,Bon,860000.0,Célibataire,3,1
50,521000,0.0,Indépendant,12880000,48,1,Bon,730000.0,Marié,1,0
48,1065000,,Indépendant,17490000,48,3,Bon,800000.0,Célibataire,1,1
43,351000,9.0,CDD,2360000,36,2,Bon,430000.0,Célibataire,2,1
33,781000,25.0,CDI,22900000,48,0,Bon,9070000.0,Marié,2,1
45,286000,6.0,CDI,1800000,12,1,Bon,480000.0,Marié,2,1
63,249000,26.0,Fonctionnaire,6720000,120,4,Moyen,200000.0,Divorcé,0,1
38,458000,14.0,CDI,7630000,24,0,Bon,2520000.0,Marié,1,1
48,98000,0.0,CDI,3540000,120,0,Moyen,1070000.0,Célibataire,1,1
55,265000,,Indépendant,4030000,120,3,Moyen,870000.0,Célibataire,0,1
22,303000,24.0,Indépendant,10960000,24,0,Bon,960000.0,Célibataire,2,0
25,209000,15.0,CDI,7700000,12,0,Bon,1990000.0,Marié,1,0
38,369000,15.0,CDI,9620000,48,1,Bon,1980000.0,Célibataire,0,1
64,307000,7.0,Indépendant,2760000,12,0,Bon,580000.0,Célibataire,1,0
57,170000,20.0,CDI,1920000,36,0,Bon,660000.0,Marié,4,1
64,276000,16.0,CDD,6980000,120,2,Moyen,380000.0,Marié,1,1
54,495000,1.0,Indépendant,13260000,120,2,Bon,1970000.0,Célibataire,1,1
31,585000,7.0,CDD,22710000,36,1,Bon,1370000.0,Marié,2,0
55,256000,22.0,Indépendant,2670000,84,4,Bon,300000.0,Marié,1,1
45,617000,13.0,CDI,20510000,48,1,Bon,6050000.0,Divorcé,1,1
49,194000,9.0,Indépendant,4840000,36,1,Moyen,330000.0,Célibataire,0,0
21,810000,25.0,CDD,31240000,60,2,Bon,1480000.0,Célibataire,2,1
57,481000,25.0,Indépendant,3310000,36,1,Moyen,630000.0,Marié,0,1
32,104000,22.0,CDD,530000,24,0,Mauvais,60000.0,Divorcé,1,1
58,235000,4.0,Indépendant,3900000,48,1,Bon,1070000.0,Marié,3,1
25,187000,11.0,CDD,1200000,48,1,Mauvais,320000.0,Célibataire,1,1
44,252000,9.0,CDD,2950000,12,0,Bon,920000.0,Marié,2,0
41,363000,15.0,Fonctionnaire,2490000,60,2,Bon,890000.0,Marié,2,1
21,439000,13.0,CDD,16220000,120,2,Bon,1190000.0,Marié,5,1
44,722000,18.0,CDI,16190000,12,1,Moyen,510000.0,Célibataire,4,0
40,268000,21.0,CDD,3800000,36,0,Moyen,1010000.0,Marié,2,1
36,1154000,23.0,CDD,46020000,84,1,Moyen,1140000.0,Marié,3,1
32,281000,12.0,CDI,2110000,48,1,Bon,750000.0,Célibataire,3,1
46,679000,10.0,CDI,18610000,24,2,Mauvais,2630000.0,Célibataire,2,0
26,158000,15.0,CDI,2860000,120,1,Mauvais,580000.0,Marié,2,1
39,312000,10.0,CDD,1660000,48,0,Bon,130000.0,Marié,1,1
24,589000,12.0,Fonctionnaire,16960000,48,0,,130000.0,Marié,0,1
25,424000,13.0,CDD,4550000,60,0,Bon,960000.0,Divorcé,1,1
63,145000,7.0,Fonctionnaire,3940000,36,1,Bon,840000.0,Marié,0,0
46,839000,6.0,CDD,24450000,36,0,Moyen,160000.0,Célibataire,0,1
60,215000,0.0,Indépendant,2990000,48,0,Moyen,30000.0,Marié,0,0
51,285000,26.0,CDD,1960000,48,1,Bon,730000.0,Célibataire,3,1
38,320000,14.0,Indépendant,12450000,60,1,Mauvais,3000000.0,Célibataire,3,0
29,804000,29.0,CDI,10580000,84,5,Mauvais,3370000.0,Célibataire,2,1
54,80000,26.0,Indépendant,1130000,36,1,Mauvais,260000.0,Célibataire,2,0
51,709000,4.0,CDI,6270000,48,0,Bon,960000.0,Marié,1,1
59,475000,18.0,CDD,18890000,120,4,Bon,2500000.0,Marié,1,1
37,555000,10.0,CDI,18710000,24,0,Moyen,5740000.0,Marié,1,0
56,106000,8.0,Indépendant,1750000,84,1,Bon,270000.0,Célibataire,4,1
57,369000,20.0,CDI,3140000,36,0,Moyen,70000.0,Marié,3,1
29,225000,1.0,CDI,4710000,24,0,Moyen,1300000.0,Marié,1,0
56,210000,23.0,CDD,2480000,36,3,Bon,240000.0,Marié,1,1
63,80000,26.0,Indépendant,3010000,120,0,Bon,770000.0,Marié,1,1
27,353000,19.0,Indépendant,11530000,48,0,Bon,690000.0,Célibataire,2,1
22,189000,2.0,Indépendant,2670000,120,2,Bon,490000.0,Marié,2,1
22,884000,3.0,CDI,28430000,36,1,Bon,4480000.0,Marié,0,1
41,367000,22.0,Fonctionnaire,6880000,24,1,Moyen,1700000.0,Marié,3,0
61,309000,4.0,Indépendant,6850000,12,0,Moyen,1610000.0,Marié,2,0
32,755000,6.0,CDI,26460000,84,1,Moyen,6220000.0,Célibataire,3,1
32,175000,5.0,Indépendant,2790000,12,1,Mauvais,480000.0,Marié,0,0
62,1185000,22.0,CDI,43430000,120,0,Mauvais,8080000.0,Célibataire,2,1
24,1001000,5.0,CDD,10590000,84,1,Moyen,1560000.0,Célibataire,4,1
56,261000,6.0,CDD,2120000,24,2,Bon,200000.0,Marié,2,1
59,189000,28.0,CDI,4300000,48,0,Bon,1480000.0,Divorcé,3,1
25,504000,22.0,CDD,7280000,36,1,Moyen,1660000.0,Marié,3,1
46,303000,11.0,CDD,3030000,12,2,Moyen,350000.0,Marié,2,0
52,618000,13.0,CDD,20810000,120,1,Moyen,3580000.0,Célibataire,1,1
34,224000,4.0,CDD,8630000,120,1,Bon,3380000.0,Marié,2,1
33,400000,10.0,Indépendant,15120000,12,2,Bon,3410000.0,Célibataire,1,0
44,130000,29.0,CDI,5160000,48,1,Bon,1380000.0,Marié,1,1
38,140000,19.0,CDD,5280000,48,0,,700000.0,Célibataire,3,0
33,238000,23.0,CDI,2880000,24,3,Moyen,750000.0,Célibataire,1,1
52,308000,21.0,Indépendant,4770000,60,1,Mauvais,610000.0,Célibataire,1,1
60,243000,6.0,Indépendant,6800000,84,2,Bon,2020000.0,Marié,2,0
44,965000,22.0,Indépendant,37940000,84,0,Bon,550000.0,Marié,0,1
38,305000,29.0,Indépendant,12180000,48,1,Moyen,4360000.0,Célibataire,0,0
34,282000,0.0,Indépendant,4490000,84,0,Moyen,450000.0,Marié,1,1
52,729000,13.0,CDI,8460000,60,0,Moyen,2750000.0,Célibataire,0,1
46,462000,5.0,CDI,3670000,60,0,Moyen,650000.0,Célibataire,2,1
25,910000,22.0,CDD,15760000,120,1,Mauvais,4410000.0,Marié,0,1
22,465000,23.0,CDD,2620000,60,0,Moyen,440000.0,Marié,0,1
52,248000,18.0,CDI,5330000,60,1,Mauvais,380000.0,Célibataire,0,1
22,424000,16.0,CDI,12150000,48,0,Bon,4430000.0,Célibataire,1,1
61,185000,19.0,CDI,2220000,24,1,Bon,870000.0,Marié,0,1
27,102000,10.0,Indépendant,3870000,36,0,Bon,190000.0,Célibataire,0,0
35,507000,3.0,Fonctionnaire,12700000,48,0,Bon,,Marié,1,1
59,361000,2.0,Indépendant,3280000,48,2,Bon,1150000.0,Célibataire,1,1
60,611000,17.0,CDI,23500000,60,3,Moyen,9350000.0,Divorcé,0,1
50,194000,7.0,Fonctionnaire,2550000,120,2,Bon,790000.0,Divorcé,0,1
43,549000,0.0,Fonctionnaire,17230000,12,0,Bon,6830000.0,Divorcé,1,0
47,758000,23.0,CDI,8420000,120,1,Bon,3370000.0,Célibataire,0,1
33,179000,21.0,CDI,3780000,12,1,Mauvais,410000.0,Célibataire,0,0
48,583000,28.0,CDD,18450000,120,3,Moyen,220000.0,Marié,2,1
47,277000,27.0,Indépendant,6010000,48,0,Bon,1430000.0,Marié,0,1
50,146000,9.0,CDD,5440000,120,3,Bon,860000.0,Célibataire,2,1
22,153000,11.0,Indépendant,2570000,24,1,Bon,980000.0,Divorcé,2,0
50,432000,21.0,Indépendant,9410000,48,0,Bon,2440000.0,Marié,3,1
23,591000,23.0,Fonctionnaire,16680000,12,0,Mauvais,2080000.0,Marié,2,0
42,376000,27.0,Fonctionnaire,4430000,120,1,Mauvais,730000.0,Divorcé,0,1
49,528000,12.0,CDI,20680000,84,2,Bon,3530000.0,Marié,1,1
34,86000,9.0,CDI,2720000,60,2,Moyen,930000.0,Célibataire,3,0
35,117000,12.0,Fonctionnaire,890000,120,0,Mauvais,190000.0,Célibataire,1,1
34,406000,2.0,Fonctionnaire,14900000,60,1,Moyen,1780000.0,Célibataire,2,0
54,466000,19.0,CDI,8960000,36,2,Moyen,,Marié,0,1
23,265000,19.0,Indépendant,1470000,60,2,Bon,130000.0,Célibataire,0,1
64,87000,2.0,CDI,1610000,84,2,Mauvais,300000.0,Célibataire,1,0
37,110000,14.0,CDD,2230000,12,1,Mauvais,400000.0,Marié,1,0
55,264000,2.0,Indépendant,8860000,36,0,Moyen,1450000.0,Célibataire,1,0
53,165000,22.0,CDI,2300000,120,3,Mauvais,140000.0,Célibataire,2,1
57,129000,9.0,Fonctionnaire,4700000,120,0,Bon,450000.0,Marié,1,1
53,1355000,21.0,CDI,25020000,24,0,,6070000.0,Marié,1,1
43,80000,,CDI,1370000,24,0,Moyen,290000.0,Marié,1,0
48,484000,6.0,CDD,11680000,60,2,Mauvais,490000.0,Célibataire,2,0
37,412000,12.0,CDD,9820000,48,4,Bon,140000.0,Marié,4,0
32,532000,14.0,CDI,13950000,36,0,Bon,490000.0,Célibataire,3,1
29,636000,20.0,Indépendant,17180000,60,0,Mauvais,1270000.0,Célibataire,2,1
29,227000,29.0,CDI,4150000,60,4,Mauvais,950000.0,Célibataire,2,0
31,246000,3.0,CDI,4900000,36,0,Bon,1900000.0,Marié,1,1
50,270000,20.0,Fonctionnaire,3750000,48,2,Bon,1430000.0,Célibataire,1,1
38,662000,24.0,Fonctionnaire,3620000,48,1,Moyen,1360000.0,Célibataire,0,1
37,741000,20.0,CDI,18230000,120,1,Moyen,5400000.0,Marié,1,1
38,146000,18.0,CDD,770000,12,1,Bon,80000.0,Marié,3,1
57,260000,21.0,CDD,4180000,24,1,Bon,370000.0,Célibataire,0,1
34,310000,12.0,CDD,5430000,24,0,Mauvais,810000.0,Marié,3,0
35,384000,23.0,Indépendant,9580000,12,0,Bon,1640000.0,Célibataire,0,0
21,371000,10.0,CDI,9640000,12,3,Bon,200000.0,Marié,1,0
28,328000,5.0,CDI,2380000,120,2,Bon,240000.0,Célibataire,3,1
31,364000,11.0,CDI,7590000,24,0,Bon,2020000.0,Célibataire,0,1
48,420000,0.0,Indépendant,15080000,120,1,Bon,2070000.0,Marié,1,1
53,132000,9.0,CDI,1480000,84,1,Bon,10000.0,Marié,4,1
57,359000,,CDI,5740000,60,1,Moyen,830000.0,Marié,1,1
30,123000,7.0,Indépendant,3990000,84,5,Moyen,780000.0,Marié,0,0
24,403000,7.0,Fonctionnaire,2990000,84,0,Bon,220000.0,Marié,2,1
41,787000,10.0,CDI,8730000,84,0,Mauvais,1680000.0,Célibataire,6,1
34,311000,28.0,CDI,5960000,84,1,Moyen,770000.0,Marié,3,1
36,850000,8.0,CDI,23570000,12,0,Bon,540000.0,Marié,2,0
29,122000,9.0,Indépendant,4310000,120,1,Moyen,910000.0,Célibataire,0,0
61,349000,25.0,Fonctionnaire,6970000,24,0,Bon,1480000.0,Célibataire,1,1
61,238000,6.0,CDI,2960000,36,2,Bon,370000.0,Marié,2,1
22,213000,14.0,CDD,3010000,48,2,Bon,1040000.0,Célibataire,1,1
51,397000,17.0,CDI,3970000,48,0,Moyen,1030000.0,Célibataire,2,1
53,164000,20.0,Indépendant,4070000,48,0,Bon,200000.0,Célibataire,2,1
57,308000,28.0,CDI,11850000,84,0,Moyen,3930000.0,Divorcé,2,1
33,325000,6.0,CDI,2110000,84,1,Mauvais,740000.0,Divorcé,2,1
45,344000,21.0,CDI,5830000,36,0,Moyen,390000.0,Marié,3,1
22,463000,18.0,CDI,18400000,48,1,Bon,850000.0,Marié,0,1
54,724000,8.0,Indépendant,27660000,120,0,Bon,7520000.0,Marié,3,1
51,181000,12.0,Indépendant,5070000,12,3,Bon,1870000.0,Marié,0,0
60,87000,0.0,CDD,1760000,12,3,Moyen,70000.0,Marié,1,0
62,160000,9.0,Indépendant,3100000,84,0,Bon,820000.0,Célibataire,2,1
48,422000,19.0,Indépendant,15480000,48,2,Bon,340000.0,Célibataire,2,1
49,327000,19.0,Indépendant,12760000,24,1,Bon,1720000.0,Marié,2,0
50,97000,24.0,CDI,2680000,60,2,Moyen,910000.0,Marié,4,0
53,437000,23.0,Fonctionnaire,11620000,60,0,Mauvais,2640000.0,Marié,0,1
38,569000,2.0,Indépendant,11980000,48,1,Bon,3400000.0,Célibataire,2,1
29,149000,1.0,Fonctionnaire,5170000,48,1,Bon,1230000.0,Célibataire,0,0
56,404000,5.0,CDI,11490000,120,2,Mauvais,1630000.0,Célibataire,3,1
59,225000,26.0,Indépendant,3000000,60,1,Mauvais,220000.0,Célibataire,2,0
55,494000,20.0,Indépendant,4150000,120,1,Bon,710000.0,Marié,0,1
48,522000,10.0,CDI,14770000,120,1,Bon,5590000.0,Marié,0,1
49,205000,18.0,CDI,6440000,120,0,Bon,1590000.0,Célibataire,3,1
29,360000,18.0,CDI,9000000,60,1,Bon,150000.0,Célibataire,0,1
33,127000,2.0,CDI,2840000,48,1,Moyen,960000.0,Marié,2,0
33,360000,21.0,CDD,13510000,120,1,Bon,5180000.0,Marié,1,1
58,268000,24.0,Indépendant,9080000,24,1,Moyen,2920000.0,Célibataire,2,0
55,454000,14.0,Fonctionnaire,7380000,84,1,Bon,1320000.0,Célibataire,2,1
47,80000,7.0,Indépendant,1200000,12,1,Moyen,120000.0,Marié,1,0
51,235000,19.0,Fonctionnaire,7360000,120,0,Bon,2370000.0,Marié,3,1
33,383000,26.0,CDD,4720000,120,1,Bon,390000.0,Marié,2,1
40,421000,11.0,CDI,3760000,36,2,Bon,1260000.0,Marié,0,1
58,626000,10.0,CDI,4220000,36,0,Moyen,,Marié,1,1
48,390000,,CDD,2340000,84,0,Moyen,450000.0,Marié,1,1
61,192000,23.0,CDI,6560000,120,2,Mauvais,90000.0,Célibataire,0,0
59,610000,2.0,Indépendant,8150000,60,0,Bon,880000.0,Célibataire,1,1
62,273000,22.0,Indépendant,8490000,12,3,Moyen,400000.0,Marié,2,0
60,116000,4.0,Indépendant,1720000,60,1,Mauvais,200000.0,Divorcé,0,0
30,332000,13.0,CDI,10950000,84,0,Bon,1680000.0,Célibataire,4,1
57,293000,29.0,CDI,11050000,12,0,Moyen,2290000.0,Divorcé,0,0
21,627000,9.0,CDI,16840000,36,1,Moyen,3930000.0,Célibataire,2,0
22,809000,10.0,CDI,28370000,36,1,Moyen,5450000.0,Célibataire,2,1
21,580000,5.0,Indépendant,9240000,24,2,Bon,2710000.0,Célibataire,0,1
47,158000,,CDI,3490000,24,2,Bon,770000.0,Marié,2,0
54,589000,20.0,CDI,4470000,48,1,Moyen,550000.0,Célibataire,2,1
35,289000,12.0,Fonctionnaire,4290000,24,0,Mauvais,150000.0,Marié,1,0
45,107000,1.0,Indépendant,2530000,24,1,Bon,240000.0,Marié,1,0
56,317000,23.0,CDD,8960000,48,0,Bon,2460000.0,Divorcé,1,1
56,589000,8.0,CDI,4610000,120,2,Mauvais,1710000.0,Marié,2,1
50,830000,,CDI,22900000,24,1,Mauvais,2450000.0,Marié,0,0
23,479000,25.0,CDI,16640000,84,1,Bon,1100000.0,Célibataire,3,1
24,208000,15.0,Indépendant,1380000,60,1,Moyen,20000.0,Divorcé,2,1
25,80000,,CDD,2270000,60,0,Bon,350000.0,Célibataire,0,0
56,379000,8.0,CDI,1980000,48,0,Moyen,650000.0,Célibataire,2,1
31,168000,6.0,Fonctionnaire,2350000,48,2,Moyen,540000.0,Marié,0,1
44,130000,2.0,CDI,2350000,48,0,Bon,890000.0,Marié,0,1
23,282000,22.0,CDD,1620000,120,2,Bon,170000.0,Marié,0,1
54,757000,2.0,CDI,4950000,120,2,Mauvais,1220000.0,Célibataire,1,1
27,216000,26.0,CDI,4400000,24,0,Bon,1180000.0,Marié,1,1
31,312000,21.0,CDD,8900000,60,2,Bon,2030000.0,Marié,2,1
32,276000,23.0,Fonctionnaire,2810000,60,1,Moyen,770000.0,Divorcé,0,1
44,132000,14.0,CDD,1700000,12,2,Mauvais,70000.0,Marié,6,0
39,316000,7.0,Fonctionnaire,3900000,120,0,Bon,660000.0,Célibataire,1,1
28,138000,11.0,Indépendant,2720000,60,2,Bon,250000.0,Marié,2,1
25,301000,26.0,CDI,6820000,48,1,Bon,1930000.0,Célibataire,2,1
21,405000,12.0,Fonctionnaire,4020000,36,1,Bon,850000.0,Célibataire,0,1
51,496000,24.0,CDI,14780000,48,0,Bon,3010000.0,Marié,2,1
21,187000,20.0,Fonctionnaire,5910000,48,0,Moyen,430000.0,Marié,0,1
40,473000,6.0,CDD,6430000,36,0,Bon,1180000.0,Marié,1,1
46,525000,15.0,Fonctionnaire,7920000,120,2,Bon,2350000.0,Marié,0,1
40,501000,20.0,CDI,4070000,12,0,Bon,1090000.0,Divorcé,4,1
52,288000,17.0,Indépendant,8500000,48,1,Bon,1380000.0,Célibataire,1,1
45,139000,23.0,CDD,1230000,24,0,Mauvais,100000.0,Marié,2,0
50,806000,4.0,CDI,30030000,36,0,Bon,580000.0,Marié,3,0
44,382000,11.0,Fonctionnaire,8750000,24,0,Mauvais,920000.0,Marié,5,0
39,314000,17.0,Indépendant,9510000,24,0,Moyen,1690000.0,Divorcé,1,0
39,265000,5.0,CDI,3690000,84,1,,1230000.0,Marié,0,1
42,473000,6.0,CDI,11750000,84,2,Mauvais,610000.0,Célibataire,2,0
43,271000,28.0,CDI,7270000,120,0,Mauvais,2570000.0,Marié,1,1
41,89000,0.0,Indépendant,480000,12,1,Bon,110000.0,Marié,1,0
52,310000,5.0,CDI,7650000,120,2,Moyen,2260000.0,Marié,3,1
50,164000,3.0,Indépendant,3350000,84,0,Moyen,300000.0,Marié,1,0
37,246000,2.0,Indépendant,9010000,12,2,Bon,1940000.0,Marié,3,0
58,745000,15.0,CDD,18840000,48,0,Moyen,4470000.0,Marié,1,1
61,243000,16.0,CDI,6670000,120,3,Moyen,410000.0,Divorcé,2,1
21,530000,8.0,Indépendant,5620000,60,2,Bon,1580000.0,Célibataire,1,1
42,159000,10.0,CDD,6210000,48,2,Moyen,1970000.0,Célibataire,3,0
40,478000,,Fonctionnaire,14080000,12,1,Bon,380000.0,Marié,3,0
46,993000,22.0,CDD,25090000,36,0,Bon,6200000.0,Célibataire,1,1
62,542000,22.0,CDI,20710000,84,3,Mauvais,5340000.0,Marié,2,1
35,368000,13.0,Indépendant,11450000,24,0,Bon,3940000.0,Marié,2,0
61,118000,29.0,CDI,3610000,24,2,Moyen,1260000.0,Divorcé,1,0
30,630000,5.0,CDI,24910000,48,3,Bon,260000.0,Célibataire,2,0
43,107000,3.0,CDD,4240000,48,0,Bon,1680000.0,Marié,5,0
61,106000,13.0,Fonctionnaire,2330000,48,3,Moyen,600000.0,Célibataire,3,0
60,181000,4.0,Indépendant,2740000,84,1,Moyen,410000.0,Marié,2,1
29,160000,27.0,Indépendant,1710000,12,2,Bon,300000.0,Marié,0,0
34,131000,4.0,Fonctionnaire,3790000,36,1,Bon,1340000.0,Marié,0,0
33,153000,27.0,Fonctionnaire,3340000,48,4,Bon,700000.0,Divorcé,2,1
28,411000,9.0,CDD,15320000,120,1,Bon,5780000.0,Marié,0,1
39,347000,3.0,Indépendant,2550000,12,2,Mauvais,680000.0,Marié,1,0
50,119000,18.0,CDD,3310000,24,0,Mauvais,1030000.0,Marié,4,0
48,714000,20.0,Fonctionnaire,13040000,24,1,Bon,3250000.0,Marié,2,1
47,100000,13.0,CDI,1870000,36,1,Mauvais,310000.0,Marié,0,0
27,630000,1.0,CDD,5660000,84,4,Bon,2220000.0,Célibataire,0,1
64,527000,9.0,CDD,15230000,60,0,,1390000.0,Célibataire,2,1
62,80000,18.0,Indépendant,2180000,24,1,Bon,860000.0,Célibataire,2,0
64,299000,19.0,Fonctionnaire,8070000,60,2,Moyen,520000.0,Marié,1,1
46,80000,27.0,Indépendant,3000000,48,0,Moyen,730000.0,Célibataire,2,0
23,84000,9.0,Indépendant,1460000,12,0,Bon,400000.0,Marié,1,0
25,453000,28.0,CDD,2500000,24,0,Moyen,410000.0,Célibataire,1,1
40,419000,23.0,CDI,16420000,84,0,Mauvais,1370000.0,Marié,2,1
49,491000,29.0,Indépendant,17190000,48,3,Mauvais,4600000.0,Célibataire,4,0
39,368000,0.0,CDI,11090000,84,0,Bon,2180000.0,Célibataire,3,1
45,183000,5.0,CDD,3350000,12,1,Bon,1320000.0,Marié,2,0
33,606000,25.0,CDD,16630000,84,0,Bon,1810000.0,Marié,2,1
35,299000,13.0,Indépendant,9920000,36,1,Moyen,80000.0,Marié,3,0
44,224000,,CDI,5210000,60,0,Moyen,610000.0,Célibataire,1,1
32,223000,28.0,CDD,7400000,12,1,Mauvais,930000.0,Divorcé,1,0
29,477000,7.0,CDI,11060000,84,0,Moyen,3970000.0,Marié,1,1
41,493000,16.0,Indépendant,9130000,24,1,Moyen,2540000.0,Marié,3,0
63,648000,4.0,CDD,10850000,12,2,Bon,1340000.0,Célibataire,2,0
36,80000,20.0,Fonctionnaire,2130000,120,2,Bon,90000.0,Marié,1,1
40,764000,27.0,CDD,16800000,36,0,Moyen,1810000.0,Marié,3,1
60,513000,29.0,CDD,6210000,24,2,Moyen,560000.0,Marié,3,1
48,851000,22.0,CDI,25500000,12,1,Moyen,5390000.0,Divorcé,1,0
58,669000,28.0,CDI,10200000,12,3,Bon,340000.0,Marié,3,0
33,588000,12.0,CDD,11410000,120,1,Bon,1410000.0,Marié,2,1
58,129000,5.0,CDI,4730000,36,2,Moyen,540000.0,Marié,4,0
29,349000,28.0,CDI,5430000,60,2,Moyen,1580000.0,Marié,0,1
49,242000,27.0,Indépendant,8620000,60,2,Moyen,370000.0,Célibataire,1,0
48,153000,16.0,Indépendant,5380000,48,2,Mauvais,1550000.0,Marié,2,0
38,165000,20.0,CDI,5260000,60,1,Bon,400000.0,Marié,3,1
64,518000,1.0,CDD,12760000,120,1,Bon,3240000.0,Divorcé,2,1
39,128000,18.0,Fonctionnaire,3010000,12,2,Mauvais,560000.0,Célibataire,0,0
43,202000,4.0,Indépendant,4020000,36,0,Moyen,1520000.0,Divorcé,3,0
41,349000,18.0,CDI,3370000,12,1,Bon,380000.0,Marié,0,1
53,463000,7.0,CDI,3460000,120,0,Moyen,670000.0,Marié,0,1
44,555000,28.0,Fonctionnaire,14030000,120,1,Moyen,3540000.0,Célibataire,3,1
25,430000,21.0,CDD,4180000,48,1,Bon,1300000.0,Célibataire,0,1
56,250000,15.0,Indépendant,3900000,120,1,Moyen,1000000.0,Marié,2,1
52,447000,8.0,CDI,16980000,36,0,Bon,740000.0,Célibataire,3,0
40,232000,2.0,CDI,1660000,36,1,Moyen,400000.0,Marié,4,1
54,673000,23.0,Indépendant,12150000,84,1,Bon,4790000.0,Marié,1,1
37,237000,4.0,CDI,7660000,48,1,Mauvais,1830000.0,Marié,2,0
31,444000,17.0,CDI,11850000,120,2,Moyen,770000.0,Divorcé,1,1
23,933000,16.0,Indépendant,28560000,48,1,Moyen,10890000.0,Marié,2,1
61,460000,16.0,Fonctionnaire,13280000,12,1,Bon,3810000.0,Célibataire,0,0
56,298000,22.0,CDD,7050000,60,0,Moyen,1260000.0,Marié,1,1
40,226000,9.0,CDI,4640000,12,0,Moyen,450000.0,Célibataire,0,0
21,89000,3.0,Indépendant,1190000,36,0,Bon,60000.0,Marié,4,0
33,303000,22.0,CDD,4730000,12,2,Bon,1370000.0,Marié,2,0
32,228000,10.0,Indépendant,6610000,12,3,Mauvais,2620000.0,Marié,2,0
60,475000,20.0,CDI,10410000,120,1,Moyen,3310000.0,Célibataire,1,1
24,199000,21.0,CDI,7640000,12,1,Bon,160000.0,Divorcé,0,0
32,166000,25.0,CDI,2810000,36,1,Bon,340000.0,Marié,3,1
49,518000,10.0,Indépendant,5070000,24,1,Bon,1100000.0,Marié,2,1
64,115000,7.0,CDD,1710000,120,2,Bon,250000.0,Célibataire,1,1
36,605000,3.0,CDD,3570000,60,1,Bon,810000.0,Divorcé,0,1
52,814000,13.0,Indépendant,12800000,120,2,Moyen,4890000.0,Célibataire,1,1
43,232000,21.0,CDI,7240000,60,1,Moyen,2170000.0,Marié,4,1
22,215000,14.0,Fonctionnaire,1570000,84,0,Bon,280000.0,Célibataire,0,1
26,280000,8.0,Indépendant,4410000,48,1,Mauvais,1120000.0,Marié,2,0
42,395000,18.0,CDD,11910000,36,5,Moyen,1780000.0,Célibataire,1,0
50,85000,28.0,CDI,2950000,60,0,Bon,850000.0,Marié,2,1
48,114000,29.0,CDD,2920000,60,6,Mauvais,220000.0,Marié,2,0
43,80000,29.0,Indépendant,1220000,48,2,Moyen,170000.0,Marié,2,1
22,379000,22.0,Indépendant,15040000,84,1,Mauvais,2510000.0,Marié,1,0
54,159000,4.0,CDD,6360000,12,4,Bon,690000.0,Célibataire,1,0
37,126000,23.0,CDD,1490000,24,1,Mauvais,570000.0,Marié,1,0
45,279000,15.0,CDD,8600000,60,5,Mauvais,2620000.0,Marié,0,0
31,556000,9.0,Fonctionnaire,19820000,60,3,Bon,5160000.0,Marié,1,1
45,321000,28.0,CDI,10480000,12,0,Moyen,2980000.0,Célibataire,2,0
59,1003000,4.0,CDI,24170000,48,0,Bon,6050000.0,Divorcé,1,1
59,474000,0.0,CDI,9260000,60,0,Bon,1630000.0,Marié,1,1
39,318000,11.0,CDD,4700000,12,2,Moyen,770000.0,Marié,1,0
22,520000,23.0,CDD,13400000,36,1,Moyen,1200000.0,Marié,2,1
63,564000,10.0,Indépendant,11060000,24,0,Mauvais,2850000.0,Marié,3,0
51,224000,26.0,Fonctionnaire,6830000,60,6,Moyen,2600000.0,Célibataire,2,1
21,199000,28.0,CDI,5670000,120,4,Moyen,330000.0,Marié,2,1
60,272000,5.0,CDD,10210000,48,2,Bon,1650000.0,Célibataire,0,0
31,503000,3.0,CDI,10800000,60,1,Bon,80000.0,Marié,3,1
46,108000,8.0,CDD,4230000,120,2,Bon,170000.0,Célibataire,0,1
33,488000,1.0,CDD,6300000,60,0,Bon,90000.0,Marié,0,1
49,1258000,24.0,CDI,23940000,120,1,Mauvais,4920000.0,Marié,1,1
44,334000,21.0,Indépendant,9820000,12,0,Moyen,460000.0,Célibataire,3,0
59,531000,5.0,Indépendant,5310000,60,2,Bon,1050000.0,Célibataire,1,1
33,185000,4.0,CDI,5520000,36,3,Mauvais,2100000.0,Marié,5,0
39,147000,16.0,CDD,1500000,12,0,Bon,540000.0,Célibataire,0,0
50,379000,22.0,CDI,4960000,84,2,Bon,310000.0,Divorcé,5,1
58,857000,5.0,CDD,9970000,60,2,Bon,3570000.0,Marié,3,1
57,326000,8.0,CDI,2430000,84,0,Bon,780000.0,Célibataire,1,1
45,658000,6.0,Indépendant,9210000,24,0,Bon,1420000.0,Marié,1,1
55,203000,1.0,Fonctionnaire,4700000,48,1,Bon,500000.0,Marié,3,1
38,166000,14.0,Fonctionnaire,2770000,84,3,Moyen,530000.0,Célibataire,1,1
37,201000,29.0,CDI,6300000,84,0,Moyen,2160000.0,Célibataire,0,1
63,265000,27.0,Indépendant,7950000,120,1,Bon,1600000.0,Célibataire,1,1
34,883000,9.0,Fonctionnaire,17670000,48,1,Mauvais,6260000.0,Célibataire,2,1
35,136000,16.0,CDI,3570000,24,3,Bon,570000.0,Célibataire,3,0
33,170000,,CDD,3170000,120,3,Bon,310000.0,Célibataire,1,1
62,598000,23.0,CDI,22370000,36,0,Mauvais,1760000.0,Célibataire,3,0
24,248000,7.0,CDI,2840000,12,3,Bon,120000.0,Marié,3,0
23,80000,10.0,CDI,1290000,84,0,Moyen,370000.0,Marié,0,1
40,115000,20.0,CDI,4520000,84,2,Moyen,1630000.0,Marié,1,1
30,80000,15.0,CDD,830000,48,1,Moyen,70000.0,Célibataire,0,1
45,226000,4.0,Indépendant,3940000,48,0,Bon,120000.0,Célibataire,0,1
24,682000,18.0,Fonctionnaire,15680000,60,0,Bon,4950000.0,Marié,2,1
40,510000,18.0,CDI,15090000,24,0,Bon,4380000.0,Marié,5,0
43,1034000,29.0,CDI,40830000,36,2,Bon,8720000.0,Marié,1,1
24,525000,28.0,Indépendant,5070000,48,0,Bon,90000.0,Célibataire,2,1
29,219000,9.0,CDI,4750000,12,0,Mauvais,1110000.0,Célibataire,1,0
61,134000,6.0,Indépendant,4490000,84,2,Bon,580000.0,Marié,0,0
58,325000,18.0,CDD,9460000,36,2,Bon,750000.0,Marié,3,0
49,120000,13.0,Indépendant,2560000,12,0,Mauvais,870000.0,Marié,1,0
45,652000,4.0,Indépendant,3500000,60,2,Moyen,1060000.0,Marié,1,1
55,477000,12.0,Indépendant,5700000,24,2,Mauvais,1940000.0,Marié,0,0
34,276000,3.0,Indépendant,6890000,60,0,Bon,280000.0,Divorcé,0,1
54,161000,12.0,Indépendant,2880000,120,1,Bon,440000.0,Célibataire,4,1
32,842000,19.0,CDD,19100000,60,2,Bon,210000.0,Marié,1,1
46,596000,12.0,Fonctionnaire,11570000,120,2,Bon,1050000.0,Célibataire,2,1
35,522000,13.0,CDI,6310000,60,1,Bon,430000.0,Célibataire,1,1
22,253000,13.0,CDI,5280000,24,0,Bon,1960000.0,Divorcé,1,0
27,167000,28.0,Indépendant,5260000,24,1,Bon,990000.0,Marié,2,0
46,487000,9.0,CDI,11700000,60,0,Bon,3240000.0,Marié,1,1
41,243000,29.0,Fonctionnaire,2990000,24,1,Bon,750000.0,Célibataire,0,1
24,809000,28.0,Fonctionnaire,13550000,24,0,Bon,2370000.0,Marié,2,1
48,329000,23.0,CDI,9630000,12,1,Moyen,1380000.0,Célibataire,1,0
56,80000,7.0,CDI,530000,48,1,Mauvais,150000.0,Marié,2,0
46,287000,29.0,Indépendant,10030000,48,2,Bon,100000.0,Célibataire,0,0
49,780000,28.0,CDI,12750000,48,0,Mauvais,1030000.0,Célibataire,2,1
42,161000,5.0,CDD,4070000,120,1,Bon,370000.0,Célibataire,4,1
35,159000,16.0,CDD,6280000,36,1,Bon,1280000.0,Marié,1,0
42,458000,13.0,Indépendant,16500000,84,0,Bon,4060000.0,Marié,4,1
60,443000,20.0,CDI,11750000,36,1,Bon,2010000.0,Célibataire,1,1
58,325000,18.0,CDD,10690000,48,0,Bon,3810000.0,Marié,1,1
41,164000,16.0,CDI,4070000,48,0,Mauvais,760000.0,Célibataire,1,0
51,276000,20.0,CDI,7170000,84,1,Bon,440000.0,Célibataire,1,1
27,80000,26.0,CDD,3010000,12,1,Bon,790000.0,Célibataire,1,0
23,162000,,CDI,3790000,60,1,Moyen,850000.0,Marié,0,0
52,283000,28.0,Indépendant,5310000,12,2,,240000.0,Divorcé,4,0
24,143000,20.0,CDI,2070000,120,0,Moyen,470000.0,Célibataire,1,1
48,358000,1.0,Indépendant,6680000,12,1,Bon,320000.0,Célibataire,3,0
29,221000,26.0,CDD,8070000,84,1,Bon,190000.0,Célibataire,3,1
26,457000,23.0,Indépendant,4630000,60,1,Bon,1460000.0,Divorcé,0,1
24,158000,2.0,CDI,4750000,60,2,Moyen,240000.0,Marié,2,0
60,318000,0.0,CDI,5880000,12,3,Mauvais,1390000.0,Marié,1,0
50,473000,8.0,Indépendant,11940000,12,3,Bon,3870000.0,Marié,2,0
41,730000,6.0,CDD,3870000,12,2,Moyen,630000.0,Divorcé,3,1
60,396000,7.0,Indépendant,7930000,60,1,Mauvais,2890000.0,Divorcé,0,0
61,634000,2.0,CDI,19650000,24,1,Bon,1720000.0,Marié,1,0
28,256000,4.0,CDD,9350000,120,0,Moyen,3310000.0,Divorcé,1,1
52,514000,4.0,CDI,3820000,60,0,Bon,1290000.0,Marié,2,1
34,365000,25.0,CDI,8380000,24,0,Bon,310000.0,Marié,0,1
28,479000,20.0,Fonctionnaire,10590000,84,1,Bon,3830000.0,Célibataire,4,1
55,528000,9.0,CDI,6570000,120,1,Bon,1790000.0,Marié,1,1
40,451000,10.0,CDD,10940000,84,2,Bon,2760000.0,Célibataire,0,1
22,476000,26.0,Fonctionnaire,12280000,84,2,Bon,1910000.0,Célibataire,2,1
25,989000,9.0,CDI,23750000,12,4,Bon,480000.0,Marié,2,0
36,512000,2.0,CDI,9380000,12,2,Mauvais,2560000.0,Célibataire,1,0
26,203000,23.0,CDI,2240000,48,1,Mauvais,480000.0,Marié,2,1
32,86000,17.0,Indépendant,1690000,24,2,Bon,450000.0,Célibataire,0,0
42,515000,15.0,Indépendant,3390000,84,0,Bon,110000.0,Célibataire,0,1
34,355000,28.0,CDD,9960000,12,0,Moyen,,Marié,1,0
32,465000,26.0,Indépendant,12510000,24,2,Moyen,2040000.0,Marié,2,0
22,80000,3.0,CDI,1780000,60,1,Bon,560000.0,Célibataire,1,1
38,333000,14.0,CDI,11230000,12,1,Bon,1470000.0,Marié,4,0
46,602000,26.0,Indépendant,17410000,24,1,Moyen,3510000.0,Marié,1,0
50,458000,1.0,CDI,17400000,120,1,Moyen,590000.0,Divorcé,0,1
35,738000,7.0,CDD,16010000,36,0,Moyen,4210000.0,Célibataire,0,1
57,242000,3.0,CDI,3070000,36,0,Bon,120000.0,Marié,3,1
30,239000,18.0,Indépendant,6810000,12,0,Bon,2410000.0,Marié,2,0
36,192000,24.0,CDI,2470000,36,2,Mauvais,840000.0,Marié,1,1
54,321000,22.0,CDI,8000000,84,1,Bon,1470000.0,Célibataire,3,1
45,183000,4.0,Indépendant,5200000,24,1,Bon,1670000.0,Marié,2,0
30,269000,18.0,CDD,3930000,12,1,Mauvais,1100000.0,Célibataire,2,0
32,285000,12.0,CDD,6350000,36,3,Bon,490000.0,Célibataire,1,1
42,462000,24.0,CDI,9270000,120,1,Bon,1870000.0,Marié,2,1
61,458000,1.0,CDD,9160000,36,1,Bon,3260000.0,Célibataire,2,0
47,407000,,CDD,12110000,60,2,Bon,2220000.0,Célibataire,0,1
62,271000,27.0,CDI,2940000,48,3,Moyen,830000.0,Marié,3,1
29,402000,3.0,Indépendant,5780000,24,1,Bon,130000.0,Marié,0,1
54,280000,18.0,Indépendant,3040000,12,1,Bon,100000.0,Célibataire,0,0
22,106000,15.0,CDI,1120000,24,0,Mauvais,330000.0,Marié,0,0
62,233000,21.0,CDD,5950000,84,1,Moyen,1240000.0,Célibataire,1,1
55,272000,,CDI,4210000,48,1,Mauvais,200000.0,Marié,1,1
50,469000,18.0,CDD,7600000,120,2,Moyen,1320000.0,Marié,0,1
23,305000,6.0,Indépendant,7380000,120,1,Bon,970000.0,Marié,3,1
26,89000,5.0,Fonctionnaire,2820000,84,1,Bon,460000.0,Célibataire,0,1
63,399000,17.0,CDD,10920000,84,2,Bon,3370000.0,Divorcé,1,1
31,687000,0.0,CDI,15820000,12,1,Bon,1530000.0,Marié,1,0
38,171000,12.0,CDD,6540000,48,0,Mauvais,270000.0,Marié,2,0
30,400000,16.0,CDD,3900000,84,2,Bon,320000.0,Marié,1,1
49,319000,29.0,Indépendant,7350000,36,1,Mauvais,2260000.0,Marié,1,0
40,874000,15.0,CDI,27210000,12,1,Moyen,850000.0,Marié,0,0
27,329000,18.0,CDD,5390000,84,0,Mauvais,2130000.0,Marié,2,1
44,80000,23.0,Fonctionnaire,890000,36,0,Moyen,220000.0,Célibataire,2,1
45,334000,1.0,CDD,3280000,120,0,Moyen,1260000.0,Marié,1,1
31,327000,28.0,CDD,8590000,60,0,Moyen,360000.0,Marié,1,1
36,80000,15.0,Indépendant,810000,36,1,Bon,30000.0,Célibataire,1,1
59,451000,29.0,CDD,5240000,48,2,Bon,1920000.0,Marié,2,1
21,119000,16.0,CDI,1210000,60,1,Bon,400000.0,Marié,1,1
30,684000,8.0,CDI,25400000,48,2,Mauvais,10070000.0,Célibataire,1,0
63,543000,13.0,Indépendant,16820000,120,2,Bon,1210000.0,Marié,1,1
30,387000,7.0,CDI,15450000,60,1,Mauvais,5900000.0,Célibataire,2,0
31,536000,7.0,Indépendant,13370000,12,0,Bon,2890000.0,Célibataire,1,0
28,327000,11.0,Indépendant,5630000,120,0,Bon,960000.0,Célibataire,2,1
47,296000,12.0,CDI,4420000,36,2,Bon,490000.0,Marié,3,1
64,750000,24.0,CDD,24620000,24,1,Bon,8440000.0,Marié,3,1
39,341000,7.0,Indépendant,13410000,36,0,Moyen,4840000.0,Marié,2,0
52,401000,0.0,Fonctionnaire,12720000,120,1,Bon,890000.0,Marié,3,1
31,80000,20.0,Indépendant,750000,120,2,Bon,270000.0,Célibataire,0,1
46,386000,2.0,Indépendant,12410000,60,1,Mauvais,1430000.0,Divorcé,2,0
56,121000,19.0,Fonctionnaire,3070000,36,2,Moyen,950000.0,Marié,3,0
54,661000,20.0,CDI,24200000,48,0,Bon,4960000.0,Célibataire,2,1
39,320000,29.0,Fonctionnaire,3640000,120,4,Bon,570000.0,Marié,1,1
25,916000,18.0,CDI,16640000,84,3,Bon,3830000.0,Célibataire,1,1
36,118000,2.0,CDD,2200000,120,3,Bon,40000.0,Marié,3,1
23,460000,28.0,CDD,12820000,60,0,Bon,5020000.0,Célibataire,3,1
44,400000,11.0,CDI,2480000,48,1,Bon,80000.0,Marié,1,1
51,191000,7.0,CDI,2400000,120,1,Moyen,,Célibataire,2,1
60,295000,26.0,Fonctionnaire,6850000,48,0,Bon,2260000.0,Divorcé,2,1
23,207000,2.0,CDD,1350000,120,2,Mauvais,,Marié,1,0
43,124000,28.0,CDI,4140000,60,1,Moyen,400000.0,Célibataire,1,1
23,326000,13.0,CDI,4810000,48,0,Mauvais,700000.0,Marié,2,1
47,100000,2.0,CDI,2050000,36,1,Bon,710000.0,Célibataire,2,0
49,92000,17.0,CDI,900000,36,3,Mauvais,270000.0,Marié,2,0
49,103000,7.0,Indépendant,2350000,12,1,Moyen,400000.0,Marié,2,0
28,743000,5.0,CDD,17380000,60,2,Bon,2140000.0,Marié,2,1
30,161000,8.0,CDD,5720000,48,0,Moyen,660000.0,Marié,2,0
41,250000,21.0,Fonctionnaire,4100000,48,1,Bon,680000.0,Marié,2,1
34,155000,7.0,CDI,5110000,120,3,Bon,590000.0,Célibataire,1,1
45,80000,29.0,CDI,2300000,36,0,Bon,910000.0,Marié,0,1
21,271000,12.0,CDI,3740000,24,1,Moyen,840000.0,Marié,0,0
26,244000,,Indépendant,8070000,48,0,Moyen,2730000.0,Marié,1,1
58,461000,1.0,CDI,4840000,12,1,Moyen,590000.0,Marié,1,0
27,273000,14.0,Indépendant,9000000,24,0,Bon,2340000.0,Célibataire,2,0
36,355000,19.0,Indépendant,14030000,84,3,Bon,1110000.0,Divorcé,1,0
46,211000,17.0,CDI,2870000,120,0,Mauvais,1030000.0,Marié,2,1
57,352000,5.0,Indépendant,8760000,12,1,Moyen,1820000.0,Marié,1,0
58,677000,19.0,CDD,3720000,84,1,Moyen,1220000.0,Célibataire,0,1
42,215000,2.0,Indépendant,3190000,60,1,Moyen,440000.0,Célibataire,1,0
28,217000,10.0,CDD,8550000,120,0,Mauvais,1680000.0,Divorcé,1,0
60,647000,22.0,CDD,19900000,24,2,Bon,1920000.0,Marié,2,0
50,603000,10.0,CDI,18560000,120,1,Bon,200000.0,Marié,0,1
48,366000,27.0,CDI,11510000,120,0,Moyen,3680000.0,Marié,4,1
34,312000,24.0,CDI,8470000,120,1,Moyen,1080000.0,Marié,0,1
43,196000,20.0,CDD,6610000,24,1,,0.0,Marié,1,0
26,197000,28.0,CDI,5190000,84,3,Bon,460000.0,Marié,2,1
23,180000,11.0,CDD,1060000,24,0,Bon,400000.0,Marié,0,1
21,307000,13.0,CDD,7020000,12,0,Moyen,1980000.0,Marié,0,0
49,450000,12.0,Indépendant,16510000,48,2,Moyen,2910000.0,Célibataire,2,0
37,611000,4.0,Indépendant,16320000,36,0,Bon,330000.0,Célibataire,2,1
58,101000,17.0,Indépendant,2510000,84,1,Bon,770000.0,Marié,1,1
54,529000,6.0,CDI,5460000,120,0,Mauvais,1670000.0,Marié,0,1
26,507000,3.0,Fonctionnaire,19520000,12,1,Mauvais,1730000.0,Célibataire,1,0
31,325000,9.0,CDI,4340000,36,2,Bon,130000.0,Marié,0,1
39,662000,19.0,CDI,17810000,60,2,Moyen,840000.0,Célibataire,2,1
23,830000,8.0,CDI,10160000,84,0,Bon,640000.0,Marié,0,1
61,341000,11.0,Indépendant,3880000,24,1,Moyen,950000.0,Marié,2,0
33,168000,18.0,Fonctionnaire,5950000,60,2,Moyen,1630000.0,Marié,0,0
63,189000,15.0,CDD,1710000,12,2,Bon,530000.0,Marié,1,0
23,395000,10.0,CDI,2080000,24,1,Bon,270000.0,Marié,0,1
57,341000,16.0,Indépendant,13570000,12,2,Bon,300000.0,Célibataire,2,0
53,533000,15.0,CDD,17000000,24,0,Bon,3190000.0,Marié,3,0
29,239000,22.0,CDI,1930000,12,1,Moyen,150000.0,Marié,1,1
36,80000,27.0,CDI,3190000,60,0,Bon,860000.0,Marié,2,1
62,888000,21.0,CDD,25800000,60,0,Bon,3360000.0,Célibataire,1,1
50,276000,12.0,CDI,2230000,48,1,Bon,790000.0,Célibataire,1,1
32,352000,7.0,CDD,6490000,48,2,Mauvais,1460000.0,Divorcé,1,0
43,101000,14.0,Fonctionnaire,2670000,12,0,Mauvais,870000.0,Marié,1,0
56,453000,22.0,CDI,4620000,60,0,Bon,770000.0,Marié,1,1
56,605000,20.0,CDI,10900000,48,2,Bon,3230000.0,Célibataire,0,1
39,416000,6.0,CDI,3640000,120,2,Moyen,290000.0,Célibataire,3,1
28,605000,2.0,CDI,22460000,24,0,Moyen,4400000.0,Célibataire,3,0
42,191000,21.0,Indépendant,4310000,36,1,Mauvais,260000.0,Marié,1,0
55,400000,6.0,Indépendant,3980000,120,1,Moyen,300000.0,Divorcé,3,1
37,527000,20.0,CDI,9950000,36,1,Bon,1880000.0,Célibataire,2,1
33,727000,4.0,Fonctionnaire,11860000,60,1,Bon,2220000.0,Célibataire,4,1
51,141000,27.0,Indépendant,2640000,84,0,Bon,670000.0,Célibataire,3,1
27,189000,7.0,Fonctionnaire,3100000,84,0,Bon,970000.0,Célibataire,1,1
33,659000,,CDI,16690000,12,3,Bon,5180000.0,Célibataire,0,0
27,292000,26.0,Indépendant,5730000,84,2,Mauvais,370000.0,Marié,0,1
60,450000,23.0,CDI,11700000,84,0,Bon,4050000.0,Célibataire,4,1
34,166000,13.0,CDI,1070000,120,1,Moyen,120000.0,Célibataire,1,1
45,234000,13.0,Indépendant,3050000,48,0,Mauvais,500000.0,Célibataire,2,0
36,565000,14.0,Indépendant,17180000,24,3,Bon,6450000.0,Marié,4,0
32,613000,3.0,CDD,21980000,84,1,Mauvais,4110000.0,Célibataire,0,0
62,531000,10.0,CDI,11790000,84,1,Bon,1910000.0,Célibataire,0,1
54,492000,27.0,CDD,19330000,120,0,Bon,7150000.0,Divorcé,0,1
35,85000,7.0,CDD,2600000,24,1,Mauvais,540000.0,Célibataire,2,0
56,774000,12.0,Indépendant,6470000,48,0,Bon,1980000.0,Marié,3,1
24,332000,10.0,Fonctionnaire,7470000,84,0,Bon,2330000.0,Divorcé,2,1
33,122000,23.0,CDI,1860000,36,2,Bon,310000.0,Marié,1,1
44,80000,,Indépendant,750000,120,0,Bon,240000.0,Célibataire,1,1
59,475000,6.0,CDI,3660000,48,1,Bon,490000.0,Célibataire,1,1
21,95000,4.0,CDD,3090000,60,1,Bon,1230000.0,Marié,1,0
42,723000,4.0,Indépendant,19070000,12,0,Moyen,6210000.0,Marié,0,0
21,387000,1.0,Fonctionnaire,7910000,36,1,Moyen,2610000.0,Marié,2,1
54,466000,8.0,CDD,10630000,120,0,Moyen,1980000.0,Divorcé,0,1
34,227000,17.0,CDD,5260000,12,3,Bon,2070000.0,Marié,2,0
26,806000,12.0,CDI,17860000,36,1,Mauvais,3210000.0,Marié,1,1
53,179000,0.0,CDI,3100000,36,2,Moyen,960000.0,Divorcé,1,0
50,428000,27.0,CDI,2650000,120,1,Bon,50000.0,Célibataire,1,1
42,461000,3.0,CDD,2370000,120,0,Bon,240000.0,Marié,1,1
29,358000,27.0,CDD,8190000,60,1,Moyen,1890000.0,Marié,1,1
21,410000,19.0,CDI,5900000,48,2,Mauvais,830000.0,Célibataire,2,1
49,492000,23.0,CDI,9410000,60,1,Mauvais,3420000.0,Célibataire,3,1
29,306000,12.0,CDI,9870000,48,1,Bon,350000.0,Marié,2,1
43,763000,2.0,CDD,12830000,36,0,Mauvais,5020000.0,Marié,2,1
41,306000,19.0,CDD,2310000,84,2,Bon,,Marié,4,1
43,109000,14.0,Fonctionnaire,3920000,12,1,Bon,1570000.0,Célibataire,2,0
26,246000,16.0,Fonctionnaire,5250000,120,0,Moyen,240000.0,Marié,1,1
36,200000,20.0,Indépendant,2310000,48,2,Bon,730000.0,Célibataire,2,1
60,166000,3.0,Fonctionnaire,2970000,120,2,Moyen,440000.0,Marié,1,1
60,278000,11.0,CDI,3130000,60,2,Bon,1000000.0,Marié,2,1
35,217000,2.0,CDI,2340000,84,2,Moyen,0.0,Marié,2,1
31,263000,1.0,CDD,6410000,24,2,Moyen,2200000.0,Marié,2,0
33,94000,8.0,CDI,1940000,36,1,Bon,250000.0,Célibataire,1,0
60,593000,,CDD,19110000,60,1,Moyen,1910000.0,Marié,1,1
51,671000,19.0,CDD,17230000,120,1,Moyen,5060000.0,Célibataire,1,1
26,318000,29.0,CDD,9710000,60,2,Mauvais,,Marié,1,0
54,116000,10.0,CDI,3550000,36,1,Bon,690000.0,Divorcé,5,0
50,484000,16.0,CDI,10250000,84,3,Moyen,2270000.0,Marié,2,1
32,126000,,CDI,1290000,84,0,Bon,10000.0,Marié,3,1
31,617000,9.0,CDI,18450000,12,0,Bon,5860000.0,Célibataire,2,0
26,339000,28.0,CDD,5170000,60,2,Bon,1500000.0,Marié,0,1
30,393000,10.0,Indépendant,15690000,12,1,Moyen,3080000.0,Célibataire,1,0
22,391000,9.0,CDI,9110000,24,1,Moyen,870000.0,Marié,1,0
59,331000,27.0,Fonctionnaire,4030000,36,0,Moyen,1460000.0,Célibataire,1,1
53,163000,24.0,CDD,1710000,60,3,Bon,670000.0,Célibataire,2,1
63,258000,12.0,CDI,6350000,48,2,,740000.0,Célibataire,1,1
28,82000,22.0,CDD,2160000,48,0,Moyen,530000.0,Marié,3,0
54,117000,17.0,CDI,2390000,36,1,Bon,530000.0,Marié,1,1
35,345000,6.0,CDI,6950000,12,1,Bon,2100000.0,Marié,1,0
61,267000,14.0,Indépendant,4170000,12,0,Bon,1640000.0,Marié,0,0
51,509000,29.0,CDD,17980000,60,1,Bon,2000000.0,Célibataire,2,1
32,516000,21.0,CDI,13910000,60,0,Mauvais,2240000.0,Marié,1,1
54,257000,16.0,CDI,2610000,84,1,Bon,600000.0,Célibataire,0,1
25,324000,13.0,Indépendant,6670000,120,0,Bon,1800000.0,Marié,0,1
63,377000,15.0,CDD,10740000,120,0,Moyen,3360000.0,Célibataire,0,1
47,351000,11.0,Indépendant,8890000,60,0,Bon,1240000.0,Marié,2,1
59,368000,7.0,Indépendant,12640000,24,0,Mauvais,1190000.0,Célibataire,1,0
23,221000,29.0,Fonctionnaire,8040000,60,3,Moyen,540000.0,Divorcé,1,0
37,288000,23.0,Fonctionnaire,7680000,24,0,Bon,650000.0,Célibataire,1,0
41,292000,9.0,CDI,2790000,36,1,Moyen,10000.0,Célibataire,2,1
25,299000,28.0,CDI,11650000,120,0,Moyen,450000.0,Marié,1,1
27,319000,11.0,Fonctionnaire,5160000,60,4,Moyen,120000.0,Marié,0,1
26,147000,4.0,CDI,2000000,24,2,Moyen,330000.0,Célibataire,1,0
64,498000,7.0,CDD,11260000,84,0,Moyen,630000.0,Divorcé,1,1
51,191000,14.0,CDI,4810000,60,1,Bon,1700000.0,Marié,0,1
59,460000,7.0,CDI,17510000,60,2,Mauvais,5100000.0,Célibataire,3,0
38,158000,8.0,CDI,4180000,24,3,Mauvais,830000.0,Célibataire,1,0
45,199000,27.0,Fonctionnaire,4630000,24,1,Moyen,1360000.0,Célibataire,1,0
40,575000,5.0,Fonctionnaire,20140000,48,1,Moyen,600000.0,Divorcé,4,0
55,487000,3.0,CDI,10740000,60,0,Bon,1350000.0,Célibataire,2,1
31,480000,4.0,CDD,7240000,24,1,,1840000.0,Marié,0,1
39,461000,15.0,CDD,14670000,24,1,Bon,60000.0,Marié,1,0
39,244000,5.0,CDD,4400000,48,0,Bon,1270000.0,Célibataire,3,1
21,213000,23.0,Indépendant,7300000,120,1,Bon,1700000.0,Célibataire,1,1
41,207000,14.0,CDI,2950000,60,2,Bon,570000.0,Marié,2,1
43,430000,20.0,Indépendant,7250000,48,1,Bon,1650000.0,Divorcé,1,1
56,365000,14.0,CDD,8650000,60,1,Bon,480000.0,Marié,1,1
38,218000,26.0,CDD,4040000,60,3,Bon,410000.0,Célibataire,1,1
60,262000,12.0,Fonctionnaire,5450000,24,0,Moyen,630000.0,Marié,0,0
28,341000,,CDD,2180000,48,2,Bon,750000.0,Marié,0,1
21,112000,18.0,Fonctionnaire,2680000,36,0,Mauvais,1030000.0,Marié,0,0
31,377000,11.0,Fonctionnaire,5590000,36,3,Moyen,600000.0,Célibataire,0,1
57,408000,15.0,Fonctionnaire,3810000,60,0,Mauvais,580000.0,Marié,3,1
38,446000,21.0,Indépendant,6250000,60,1,Moyen,1500000.0,Marié,3,1
29,322000,0.0,CDI,4340000,24,2,Bon,940000.0,Célibataire,0,0
54,503000,5.0,CDI,12500000,60,0,Bon,4090000.0,Marié,1,1
59,667000,2.0,CDD,25560000,84,2,Bon,330000.0,Célibataire,0,1
54,257000,17.0,CDD,5230000,48,5,Bon,980000.0,Marié,2,1
53,991000,9.0,CDD,24700000,84,1,Bon,1340000.0,Divorcé,1,1
31,421000,,CDI,14420000,36,0,Bon,3140000.0,Marié,1,0
33,180000,28.0,CDI,2840000,48,1,Bon,460000.0,Célibataire,3,1
21,554000,2.0,CDD,11220000,120,3,Moyen,890000.0,Marié,1,1
61,161000,20.0,CDD,3310000,60,2,Bon,120000.0,Marié,2,1
38,80000,8.0,CDD,480000,36,1,Bon,40000.0,Divorcé,1,1
35,245000,21.0,CDI,2700000,84,0,Bon,40000.0,Célibataire,2,1
49,467000,0.0,Indépendant,7930000,36,1,Moyen,,Marié,0,0
61,221000,17.0,CDI,4120000,24,1,Bon,690000.0,Célibataire,2,0
26,549000,14.0,Fonctionnaire,14650000,12,1,,3180000.0,Célibataire,0,0
45,112000,9.0,Fonctionnaire,2290000,120,0,Bon,390000.0,Célibataire,0,1
43,251000,9.0,CDI,7380000,12,0,Bon,1920000.0,Marié,0,0
55,172000,29.0,Fonctionnaire,5560000,60,2,Moyen,1260000.0,Célibataire,2,1
50,600000,7.0,CDD,5890000,84,1,Moyen,20000.0,Marié,0,1
40,379000,20.0,Fonctionnaire,12860000,36,0,Bon,1930000.0,Célibataire,1,1
62,380000,5.0,Indépendant,7380000,84,0,Moyen,850000.0,Marié,1,1
29,481000,12.0,CDD,16770000,12,0,Moyen,730000.0,Marié,0,0
39,214000,25.0,CDI,3680000,12,3,Bon,890000.0,Célibataire,1,0
37,465000,16.0,CDI,2360000,84,1,Mauvais,600000.0,Marié,1,1
33,346000,0.0,CDI,7260000,24,1,Moyen,900000.0,Marié,2,0
46,161000,12.0,CDI,2860000,120,1,Bon,470000.0,Marié,1,1
55,347000,25.0,CDD,2300000,48,2,Moyen,370000.0,Marié,1,1
41,142000,29.0,CDI,2900000,12,1,Moyen,730000.0,Célibataire,2,0
29,261000,14.0,Fonctionnaire,10170000,48,1,Bon,3830000.0,Célibataire,0,1
55,80000,11.0,CDD,2640000,120,0,Bon,140000.0,Divorcé,3,1
64,142000,28.0,CDD,5460000,12,0,Bon,580000.0,Marié,1,0
55,519000,24.0,CDD,4970000,36,1,Moyen,230000.0,Célibataire,1,1
40,654000,11.0,Fonctionnaire,17860000,36,2,Mauvais,1320000.0,Célibataire,1,1
27,396000,25.0,CDI,2130000,120,1,Moyen,60000.0,Marié,2,1
24,129000,24.0,Indépendant,800000,36,0,Bon,290000.0,Célibataire,6,1
61,518000,26.0,Fonctionnaire,4320000,48,0,Bon,890000.0,Marié,2,1
43,233000,15.0,CDD,6600000,36,1,Bon,690000.0,Célibataire,3,0
30,484000,2.0,CDI,12580000,120,1,Mauvais,4050000.0,Divorcé,3,1
61,161000,29.0,CDD,6280000,36,1,Moyen,2360000.0,Marié,1,0
56,411000,25.0,CDD,11890000,60,2,Bon,3920000.0,Marié,3,1
31,268000,11.0,Fonctionnaire,4550000,60,1,Mauvais,1290000.0,Marié,1,0
52,331000,14.0,CDI,11120000,12,1,Bon,3590000.0,Célibataire,0,0
52,307000,10.0,CDI,5180000,36,1,Mauvais,1600000.0,Marié,2,0
52,423000,7.0,CDI,5980000,36,3,Bon,640000.0,Marié,0,1
57,248000,9.0,CDI,4620000,48,0,Bon,990000.0,Divorcé,3,1
55,386000,17.0,CDD,8560000,60,1,Bon,3140000.0,Célibataire,3,1
32,109000,16.0,Fonctionnaire,3650000,84,2,Moyen,270000.0,Divorcé,4,0
26,714000,10.0,Indépendant,23580000,60,1,Mauvais,5290000.0,Divorcé,3,0
36,190000,28.0,CDI,5010000,60,3,Mauvais,80000.0,Célibataire,4,0
39,250000,0.0,CDI,5570000,24,3,Mauvais,1440000.0,Célibataire,0,0
61,562000,10.0,CDI,19580000,84,3,Bon,920000.0,Célibataire,2,1
59,302000,,CDD,11640000,24,3,Moyen,660000.0,Marié,2,0
60,157000,20.0,CDI,4180000,84,4,Bon,1440000.0,Marié,0,1
56,106000,2.0,CDI,1060000,24,3,Bon,240000.0,Célibataire,1,0
29,215000,14.0,CDI,7150000,60,1,Bon,2120000.0,Divorcé,0,1
60,300000,6.0,CDI,5370000,48,0,Moyen,810000.0,Célibataire,0,1
43,127000,12.0,Indépendant,4380000,120,2,Bon,70000.0,Marié,0,1
57,989000,19.0,CDD,22080000,12,1,Moyen,5200000.0,Célibataire,0,0
44,320000,26.0,CDI,7420000,84,1,Mauvais,640000.0,Célibataire,1,1
49,290000,27.0,CDI,5870000,36,2,Mauvais,1150000.0,Marié,1,0
40,80000,16.0,Indépendant,1900000,120,1,Moyen,680000.0,Marié,1,1
64,231000,20.0,CDD,4900000,36,0,Bon,1560000.0,Marié,1,1
29,370000,29.0,CDI,6900000,48,2,Bon,2630000.0,Marié,3,1
37,80000,28.0,CDI,3060000,48,1,Moyen,830000.0,Marié,1,0
50,231000,26.0,CDD,2620000,84,1,Moyen,840000.0,Marié,1,1
41,362000,28.0,Indépendant,10410000,24,5,Mauvais,2930000.0,Marié,2,0
26,279000,14.0,CDD,4330000,120,1,Moyen,330000.0,Célibataire,2,1
30,176000,18.0,Fonctionnaire,5110000,60,1,Bon,660000.0,Célibataire,1,1
33,249000,5.0,CDI,9870000,84,1,Bon,970000.0,Célibataire,1,1
33,967000,6.0,Fonctionnaire,14550000,24,4,Bon,240000.0,Divorcé,1,1
57,703000,,Indépendant,23260000,36,2,Bon,5680000.0,Marié,0,1
33,460000,26.0,Fonctionnaire,10500000,48,0,Moyen,3360000.0,Célibataire,2,1
31,273000,4.0,Indépendant,9540000,48,0,Moyen,1830000.0,Marié,2,0
32,687000,16.0,Fonctionnaire,11120000,120,0,Bon,1930000.0,Célibataire,3,1
64,353000,3.0,Indépendant,6800000,48,1,Bon,2300000.0,Célibataire,2,1
33,534000,18.0,Indépendant,6630000,120,1,Mauvais,480000.0,Célibataire,1,1
38,247000,26.0,CDD,2490000,36,1,Bon,210000.0,Célibataire,4,1
27,333000,1.0,CDD,2500000,48,1,Bon,500000.0,Marié,1,1
33,428000,,CDI,11350000,60,2,Mauvais,3390000.0,Divorcé,0,1
59,185000,29.0,Indépendant,2600000,120,1,Bon,20000.0,Marié,2,1
56,471000,3.0,CDD,13110000,48,1,Moyen,1290000.0,Divorcé,2,0
28,448000,27.0,CDI,13270000,36,2,Mauvais,2570000.0,Marié,3,0
30,226000,9.0,Fonctionnaire,3830000,12,1,Bon,890000.0,Célibataire,0,0
28,304000,8.0,CDI,2610000,120,2,Mauvais,890000.0,Marié,0,1
58,272000,1.0,CDD,2690000,60,2,Moyen,290000.0,Marié,2,0
29,564000,11.0,CDD,17060000,36,2,Bon,560000.0,Marié,4,0
45,783000,2.0,Indépendant,29250000,24,4,Bon,11650000.0,Marié,0,0
53,189000,8.0,CDI,7370000,60,3,Bon,600000.0,Célibataire,0,0
32,80000,8.0,Indépendant,710000,36,0,Moyen,220000.0,Marié,0,0
38,267000,25.0,Indépendant,7770000,36,2,Bon,30000.0,Divorcé,0,0
42,267000,29.0,CDI,3830000,120,3,Bon,1240000.0,Marié,1,1
59,412000,5.0,Indépendant,16340000,36,0,Bon,3010000.0,Marié,2,0
58,321000,10.0,Fonctionnaire,12570000,24,0,Bon,780000.0,Célibataire,2,0
28,584000,13.0,CDI,14720000,120,0,Bon,5510000.0,Célibataire,2,1
21,371000,5.0,CDI,7310000,60,1,Bon,40000.0,Célibataire,3,1
29,219000,24.0,CDI,6750000,120,0,Mauvais,2650000.0,Marié,2,1
24,110000,,Indépendant,2820000,24,1,Bon,970000.0,Marié,2,0
40,388000,7.0,CDI,10820000,24,0,Bon,1030000.0,Célibataire,1,0
61,80000,5.0,CDI,1630000,48,0,Bon,620000.0,Célibataire,2,1
30,162000,14.0,CDI,4170000,36,2,Bon,1210000.0,Marié,0,1
32,99000,6.0,CDI,2100000,120,2,Bon,730000.0,Divorcé,1,1
48,448000,21.0,CDI,3030000,120,0,Moyen,160000.0,Marié,2,1
47,419000,9.0,CDI,13590000,120,1,Bon,180000.0,Marié,1,1
42,595000,4.0,CDI,22820000,48,2,Bon,390000.0,Marié,1,0
54,877000,22.0,CDI,9880000,24,1,Bon,1820000.0,Célibataire,3,1
61,309000,22.0,Fonctionnaire,5020000,48,1,Bon,1840000.0,Marié,0,1
48,413000,9.0,Indépendant,15320000,60,0,Moyen,1760000.0,Marié,1,0
63,144000,26.0,CDD,5330000,84,2,Bon,1410000.0,Marié,2,1
32,282000,11.0,Indépendant,3710000,84,2,Moyen,980000.0,Divorcé,2,1
33,269000,15.0,CDI,3640000,60,3,Mauvais,230000.0,Marié,3,0
52,294000,22.0,CDI,4480000,84,0,Bon,330000.0,Marié,1,1
50,356000,27.0,Fonctionnaire,10160000,24,2,Moyen,3650000.0,Célibataire,6,0
50,377000,1.0,Indépendant,14250000,84,2,Bon,,Marié,1,1
63,380000,16.0,Indépendant,12520000,120,3,Bon,4170000.0,Marié,1,1
42,709000,29.0,CDI,8340000,120,0,Bon,2710000.0,Marié,1,1
55,309000,13.0,CDI,7890000,36,0,Moyen,1730000.0,Marié,1,1
57,790000,12.0,Indépendant,4370000,120,2,Bon,1390000.0,Divorcé,2,1
55,216000,9.0,CDI,1200000,48,0,Moyen,380000.0,Célibataire,1,1
64,868000,3.0,CDD,4940000,60,0,Bon,1700000.0,Marié,0,1
60,369000,18.0,CDD,6310000,60,2,Mauvais,1920000.0,Divorcé,0,1
39,204000,20.0,Fonctionnaire,4080000,24,1,Moyen,140000.0,Divorcé,2,0
33,423000,4.0,CDI,8340000,24,2,Moyen,,Marié,2,0
37,806000,27.0,Indépendant,9780000,24,1,Mauvais,2570000.0,Célibataire,2,1
23,201000,22.0,CDD,2170000,120,0,Bon,590000.0,Marié,0,1
40,294000,28.0,CDI,11200000,48,3,Bon,360000.0,Célibataire,0,0
21,162000,6.0,Indépendant,3350000,24,2,Bon,310000.0,Célibataire,4,0
46,188000,2.0,Indépendant,7520000,48,2,Bon,610000.0,Marié,2,0
47,124000,16.0,Indépendant,1080000,48,1,Bon,330000.0,Marié,4,1
61,308000,4.0,CDI,8370000,12,2,Bon,2520000.0,Marié,1,0
22,532000,14.0,CDD,18470000,60,1,Moyen,5870000.0,Marié,0,1
43,447000,0.0,CDI,13640000,60,2,Mauvais,5000000.0,Célibataire,2,0
38,188000,29.0,Fonctionnaire,7370000,120,1,Mauvais,2030000.0,Célibataire,2,1
60,201000,14.0,Indépendant,4310000,24,0,Moyen,1130000.0,Célibataire,4,0
39,193000,,Indépendant,2940000,12,1,Bon,560000.0,Célibataire,1,0
42,356000,26.0,CDI,7470000,60,1,Bon,,Célibataire,2,1
25,408000,0.0,CDD,9200000,48,3,Bon,330000.0,Marié,3,0
43,227000,28.0,Fonctionnaire,6900000,12,2,Mauvais,2710000.0,Célibataire,2,0
64,831000,18.0,CDI,6390000,84,0,Bon,1810000.0,Célibataire,3,1
51,846000,19.0,CDD,17590000,48,1,Bon,1740000.0,Célibataire,0,1
35,293000,11.0,Indépendant,8810000,12,4,Bon,3080000.0,Célibataire,1,0
48,235000,16.0,Fonctionnaire,8390000,60,1,Bon,,Célibataire,0,1
45,269000,17.0,Fonctionnaire,5100000,12,0,Moyen,950000.0,Divorcé,1,0
50,286000,27.0,CDD,2150000,60,0,Moyen,730000.0,Divorcé,1,1
25,762000,2.0,CDI,13180000,24,0,Bon,2030000.0,Célibataire,4,1
32,151000,20.0,Indépendant,5510000,84,1,Bon,60000.0,Marié,3,0
63,191000,18.0,Indépendant,1180000,84,0,Moyen,280000.0,Célibataire,1,1
46,80000,3.0,CDD,3040000,60,2,Bon,430000.0,Célibataire,2,0
60,1237000,24.0,CDD,28840000,24,1,Bon,5920000.0,Célibataire,2,1
63,201000,10.0,Indépendant,6800000,36,0,Bon,1500000.0,Célibataire,1,0
46,80000,8.0,CDI,2050000,36,2,Bon,590000.0,Célibataire,1,0
56,208000,19.0,Indépendant,7370000,120,0,Bon,1570000.0,Marié,1,1
28,380000,17.0,CDI,11050000,48,2,Bon,1860000.0,Célibataire,3,1
44,371000,8.0,CDD,13810000,36,1,Bon,720000.0,Divorcé,0,0
37,107000,0.0,CDD,3110000,36,1,Bon,970000.0,Célibataire,1,0
62,259000,19.0,Indépendant,7520000,84,1,Bon,330000.0,Marié,2,1
60,114000,5.0,CDI,2350000,120,1,Moyen,40000.0,Marié,1,1
56,611000,11.0,CDD,14360000,120,0,Bon,2100000.0,Marié,1,1
55,402000,27.0,CDD,14230000,36,0,Bon,140000.0,Marié,2,0
43,763000,29.0,Fonctionnaire,27780000,24,1,Moyen,520000.0,Marié,2,0
45,80000,5.0,CDD,530000,120,0,Bon,90000.0,Marié,0,1
32,257000,10.0,CDD,9860000,12,0,Moyen,3500000.0,Célibataire,0,0
23,130000,13.0,CDI,2230000,24,2,Bon,300000.0,Célibataire,0,0
59,528000,13.0,CDI,5600000,60,5,Bon,800000.0,Célibataire,0,1
30,545000,29.0,Indépendant,16700000,120,1,Bon,5810000.0,Marié,3,1
53,487000,1.0,Fonctionnaire,7650000,60,3,Bon,490000.0,Marié,1,1
50,261000,29.0,CDD,4360000,24,1,Bon,1500000.0,Marié,0,1
48,221000,8.0,Indépendant,4190000,48,0,Bon,380000.0,Marié,2,1
55,213000,,Indépendant,7650000,24,1,,840000.0,Célibataire,1,0
38,313000,5.0,CDI,10670000,60,2,Bon,520000.0,Marié,5,0
29,429000,15.0,Fonctionnaire,16280000,48,2,Bon,4400000.0,Célibataire,1,1
33,147000,25.0,CDD,5640000,48,1,Mauvais,220000.0,Célibataire,2,0
39,475000,24.0,CDI,8550000,36,1,Bon,1760000.0,Divorcé,2,1
34,535000,12.0,CDD,15710000,24,1,Mauvais,6080000.0,Divorcé,1,0
49,261000,4.0,Fonctionnaire,7620000,12,0,Bon,1260000.0,Marié,2,0
52,241000,17.0,CDI,7710000,24,1,Mauvais,1450000.0,Célibataire,0,0
45,507000,28.0,Indépendant,10030000,84,1,Bon,3680000.0,Marié,1,1
44,118000,14.0,CDD,2350000,36,2,Bon,680000.0,Célibataire,1,0
61,640000,8.0,CDI,10110000,12,0,Moyen,1100000.0,Marié,3,0
61,664000,,CDI,10490000,36,1,Bon,0.0,Divorcé,2,1
55,617000,5.0,CDD,7820000,48,1,Bon,2020000.0,Marié,1,1
45,143000,27.0,CDI,1170000,24,1,Bon,110000.0,Divorcé,0,1
64,978000,15.0,CDD,34110000,12,2,Moyen,5800000.0,Marié,1,0
37,231000,18.0,CDI,6610000,120,3,Moyen,710000.0,Marié,3,1
24,264000,17.0,Indépendant,6300000,36,0,Moyen,1490000.0,Marié,2,0
32,227000,6.0,CDI,1490000,120,1,Moyen,280000.0,Marié,1,1
62,446000,16.0,Indépendant,9600000,36,2,Bon,1330000.0,Marié,1,1
53,438000,8.0,CDD,15450000,84,1,Bon,5680000.0,Célibataire,1,1
40,256000,4.0,Fonctionnaire,3230000,120,0,Bon,450000.0,Divorcé,3,1
52,318000,14.0,CDD,2380000,120,0,Bon,770000.0,Marié,2,1
28,604000,17.0,CDI,3840000,84,2,Bon,580000.0,Marié,4,1
46,205000,13.0,Indépendant,7320000,24,2,Bon,2420000.0,Marié,0,0
42,533000,1.0,Fonctionnaire,10210000,24,0,Bon,3720000.0,Célibataire,2,1
63,568000,18.0,CDI,3980000,120,3,Mauvais,70000.0,Marié,4,1
56,461000,1.0,Indépendant,3230000,48,1,Mauvais,790000.0,Célibataire,2,0
42,151000,24.0,Indépendant,1730000,36,0,Bon,650000.0,Célibataire,1,1
21,111000,0.0,CDD,1900000,120,3,Mauvais,750000.0,Divorcé,1,0
41,268000,4.0,CDI,10150000,48,1,Bon,2400000.0,Marié,4,0
62,461000,22.0,Indépendant,11770000,12,0,Bon,1400000.0,Divorcé,1,0
45,298000,26.0,CDI,7760000,12,0,Moyen,1430000.0,Marié,0,0
22,121000,27.0,CDI,760000,36,1,Moyen,70000.0,Célibataire,1,1
54,190000,10.0,CDD,1340000,60,1,Bon,110000.0,Marié,1,1
60,282000,18.0,CDD,11240000,36,1,Bon,1150000.0,Marié,0,0
58,140000,9.0,CDD,5290000,120,1,Moyen,1990000.0,Marié,0,1
48,205000,22.0,Indépendant,6450000,36,3,Mauvais,140000.0,Marié,2,0
44,372000,24.0,Indépendant,12180000,120,0,Bon,1390000.0,Marié,1,1
53,248000,9.0,CDD,5760000,12,2,Mauvais,230000.0,Célibataire,3,0
23,177000,17.0,Fonctionnaire,4530000,12,1,,730000.0,Marié,2,0
50,519000,7.0,Fonctionnaire,6560000,48,0,Bon,1090000.0,Marié,4,1
27,438000,11.0,CDI,15630000,48,3,Bon,2700000.0,Marié,1,0
59,531000,8.0,Indépendant,2770000,84,2,Bon,940000.0,Célibataire,2,1
22,657000,17.0,CDI,7680000,84,1,Moyen,800000.0,Marié,0,1
55,440000,8.0,Indépendant,15130000,36,2,Bon,2490000.0,Divorcé,0,0
52,464000,9.0,CDD,11280000,60,0,Moyen,3350000.0,Célibataire,1,1
43,252000,27.0,Indépendant,4280000,36,1,Bon,1710000.0,Marié,1,1
44,262000,4.0,Fonctionnaire,2680000,60,3,Moyen,1040000.0,Célibataire,2,1
44,308000,10.0,CDI,11010000,84,1,Bon,20000.0,Marié,1,1
64,394000,9.0,CDD,5270000,84,1,Moyen,380000.0,Marié,0,1
38,337000,19.0,CDI,7620000,48,4,Moyen,1430000.0,Divorcé,0,0
26,330000,0.0,CDD,9660000,84,2,Bon,1160000.0,Célibataire,1,1
57,222000,29.0,CDI,2930000,12,0,Moyen,1110000.0,Célibataire,2,0
54,543000,4.0,Indépendant,21610000,120,0,Moyen,8180000.0,Célibataire,1,1
62,680000,21.0,Indépendant,6910000,12,0,Bon,2370000.0,Marié,2,1
56,366000,20.0,Indépendant,10960000,60,0,Bon,1600000.0,Marié,2,1
29,842000,22.0,Indépendant,6540000,84,0,Bon,1720000.0,Marié,2,1
48,99000,13.0,Indépendant,2690000,24,1,Bon,440000.0,Célibataire,1,0
29,404000,7.0,CDD,11450000,84,2,Mauvais,2100000.0,Divorcé,2,0
32,371000,7.0,CDI,9250000,60,1,Moyen,3070000.0,Marié,1,1
29,587000,18.0,CDI,3660000,36,0,Moyen,1340000.0,Divorcé,1,1
64,525000,4.0,CDD,7800000,60,2,Moyen,0.0,Célibataire,2,1
58,362000,29.0,CDI,4180000,84,0,Bon,700000.0,Célibataire,0,1
44,426000,19.0,CDD,15540000,120,1,Moyen,2550000.0,Marié,0,1
55,221000,11.0,Indépendant,2440000,24,2,Bon,710000.0,Marié,1,1
39,160000,18.0,Indépendant,1890000,24,0,Bon,180000.0,Marié,0,1
51,235000,20.0,CDI,3320000,12,0,Mauvais,0.0,Marié,1,0
61,174000,22.0,Fonctionnaire,4370000,84,2,,60000.0,Marié,3,1
39,539000,6.0,CDD,7390000,36,2,Bon,1050000.0,Célibataire,1,1
24,409000,25.0,Indépendant,11430000,60,2,Bon,3130000.0,Célibataire,2,1
29,498000,23.0,Indépendant,9600000,24,1,Bon,3620000.0,Marié,4,1
39,520000,4.0,CDI,20730000,48,3,Moyen,6280000.0,Célibataire,1,0
53,114000,23.0,CDI,3770000,48,4,Moyen,1460000.0,Marié,0,0
38,214000,4.0,CDI,7510000,36,2,Bon,1840000.0,Marié,0,0
46,95000,24.0,CDI,3280000,36,1,Moyen,540000.0,Marié,3,0
59,111000,14.0,Indépendant,1030000,48,1,Mauvais,80000.0,Marié,1,0
53,454000,29.0,CDI,12650000,84,0,Moyen,3360000.0,Marié,1,1
34,507000,12.0,Indépendant,18200000,48,1,Mauvais,100000.0,Marié,1,0
54,348000,25.0,Indépendant,13870000,12,1,Bon,2090000.0,Marié,1,0
43,148000,18.0,CDI,5680000,48,0,Bon,1360000.0,Célibataire,3,0
52,211000,7.0,CDD,6800000,36,1,Bon,900000.0,Divorcé,4,0
27,277000,17.0,CDI,2070000,24,1,Bon,730000.0,Marié,0,1
59,287000,23.0,CDI,7850000,36,1,Moyen,2280000.0,Marié,4,0
32,688000,1.0,CDI,21610000,36,3,Bon,6340000.0,Divorcé,0,1
26,314000,8.0,CDI,5210000,120,1,Mauvais,250000.0,Célibataire,0,1
25,531000,0.0,CDI,17280000,84,1,Moyen,1810000.0,Célibataire,2,1
23,316000,18.0,CDD,2530000,48,0,Moyen,610000.0,Célibataire,0,1
28,577000,8.0,Indépendant,6100000,12,1,Bon,1410000.0,Célibataire,2,0
59,385000,19.0,Fonctionnaire,13090000,48,1,Bon,4990000.0,Célibataire,2,1
22,103000,28.0,CDD,2060000,36,1,Bon,360000.0,Célibataire,1,1
57,418000,,CDI,11260000,12,5,Bon,2470000.0,Marié,1,0
38,257000,24.0,Indépendant,4190000,84,0,Bon,1040000.0,Divorcé,2,1
27,677000,1.0,CDI,6660000,60,1,Bon,310000.0,Marié,1,1
50,244000,9.0,Indépendant,8130000,24,1,Bon,2720000.0,Célibataire,2,0
62,432000,6.0,CDD,7010000,120,0,Bon,1780000.0,Marié,0,1
52,219000,18.0,CDI,1140000,12,0,Moyen,260000.0,Marié,1,1
22,280000,6.0,CDD,5860000,24,1,Moyen,350000.0,Marié,2,0
21,219000,21.0,Indépendant,5110000,24,0,Mauvais,600000.0,Divorcé,3,0
35,848000,12.0,Fonctionnaire,13560000,84,1,Moyen,4520000.0,Marié,2,1
42,1085000,19.0,Indépendant,40720000,12,0,Bon,2110000.0,Marié,1,0
59,419000,1.0,CDD,12400000,120,0,Moyen,4840000.0,Célibataire,1,1
54,954000,22.0,Indépendant,31920000,48,0,Bon,6880000.0,Marié,1,1
47,803000,20.0,Indépendant,28730000,60,2,Bon,5790000.0,Célibataire,2,1
41,658000,19.0,CDI,8740000,12,3,Bon,1850000.0,Divorcé,2,1
40,440000,0.0,CDI,9880000,60,0,Mauvais,930000.0,Marié,3,0
24,190000,,Indépendant,4030000,48,1,Mauvais,1000000.0,Célibataire,2,0
38,361000,21.0,Fonctionnaire,10810000,48,0,Bon,3530000.0,Célibataire,1,1
54,366000,12.0,CDI,6150000,36,0,Mauvais,1680000.0,Marié,1,1
29,380000,28.0,CDI,8120000,120,0,Moyen,80000.0,Marié,1,1
61,504000,0.0,CDI,4570000,120,3,Moyen,1380000.0,Célibataire,2,1
57,720000,15.0,CDI,11260000,36,1,Bon,2540000.0,Célibataire,2,1
60,307000,15.0,CDD,9640000,120,1,Bon,1920000.0,Célibataire,2,1
57,778000,5.0,CDD,24520000,24,4,Moyen,3470000.0,Célibataire,1,0
61,207000,27.0,CDD,3610000,60,1,Bon,1240000.0,Marié,4,1
58,243000,6.0,Indépendant,7210000,24,0,Moyen,790000.0,Célibataire,2,0
30,247000,16.0,Fonctionnaire,2350000,60,0,Mauvais,230000.0,Célibataire,4,1
59,360000,8.0,CDI,12760000,84,2,Mauvais,4530000.0,Célibataire,1,0
33,551000,22.0,Fonctionnaire,5640000,12,3,,130000.0,Marié,3,0
57,211000,17.0,Indépendant,2320000,24,2,Bon,500000.0,Marié,0,1
27,246000,1.0,CDI,2480000,12,1,Bon,60000.0,Marié,2,0
26,243000,12.0,Fonctionnaire,4170000,24,1,Bon,,Marié,2,0
39,605000,29.0,CDD,3880000,36,2,Bon,1290000.0,Célibataire,2,1
45,316000,7.0,Indépendant,10830000,60,1,Bon,1810000.0,Marié,0,0
30,277000,28.0,CDI,4140000,48,0,Bon,960000.0,Célibataire,0,1
42,270000,17.0,CDI,2720000,84,2,Moyen,440000.0,Marié,0,1
59,757000,13.0,CDD,8180000,36,2,Moyen,1950000.0,Célibataire,2,1
47,173000,19.0,CDI,5700000,36,0,Moyen,1450000.0,Divorcé,1,0
43,209000,9.0,Indépendant,1280000,48,2,,230000.0,Marié,0,1
38,314000,22.0,CDI,10100000,120,1,Bon,3190000.0,Célibataire,2,1
22,368000,27.0,Indépendant,2310000,84,2,Bon,570000.0,Célibataire,0,1
52,164000,1.0,CDI,4100000,24,1,Bon,1190000.0,Célibataire,1,0
30,507000,2.0,Indépendant,5670000,36,2,Bon,1060000.0,Marié,1,1
46,194000,28.0,CDI,5540000,120,3,Mauvais,890000.0,Célibataire,3,0
52,1085000,3.0,CDI,39400000,84,1,Moyen,3200000.0,Divorcé,3,1
51,80000,13.0,Fonctionnaire,2950000,48,1,Moyen,440000.0,Célibataire,0,0
30,259000,19.0,Fonctionnaire,1380000,36,1,Moyen,180000.0,Célibataire,2,1
53,164000,20.0,Indépendant,2190000,12,1,Bon,370000.0,Marié,0,0
56,215000,5.0,CDD,6320000,120,2,Bon,1010000.0,Marié,0,1
31,291000,2.0,CDD,7860000,12,2,Bon,1520000.0,Marié,1,0
53,691000,10.0,CDI,16630000,12,3,Bon,,Marié,1,0
48,483000,27.0,CDD,16900000,60,2,Moyen,1470000.0,Marié,0,1
34,235000,16.0,CDI,8180000,120,1,Bon,920000.0,Marié,0,1
40,175000,27.0,Fonctionnaire,1890000,24,2,Bon,390000.0,Célibataire,2,1
60,166000,11.0,Indépendant,3430000,84,4,Bon,1090000.0,Célibataire,3,0
32,530000,10.0,CDD,15280000,48,3,Bon,1100000.0,Célibataire,1,1
53,181000,6.0,CDI,3590000,36,1,Moyen,1020000.0,Célibataire,2,0
27,648000,17.0,Indépendant,12360000,84,2,Moyen,750000.0,Marié,2,1
42,703000,8.0,CDI,16200000,120,2,Bon,20000.0,Célibataire,0,1
36,448000,11.0,Indépendant,16310000,48,3,Moyen,1160000.0,Célibataire,2,0
37,241000,5.0,Fonctionnaire,4450000,48,2,Bon,,Marié,0,1
51,564000,23.0,CDI,14250000,12,1,Bon,4540000.0,Célibataire,1,0
23,314000,26.0,CDD,8620000,36,2,Bon,1150000.0,Célibataire,1,0
43,558000,12.0,CDD,12150000,24,0,Bon,1940000.0,Célibataire,2,1
23,604000,8.0,CDI,20840000,60,0,Bon,2160000.0,Divorcé,1,1
57,611000,28.0,Fonctionnaire,15520000,84,1,Bon,2410000.0,Célibataire,3,1
29,237000,9.0,CDI,6260000,24,3,Mauvais,1560000.0,Marié,0,0
46,327000,23.0,CDI,12170000,60,0,Moyen,1640000.0,Marié,0,1
45,313000,8.0,CDD,5180000,60,4,Mauvais,1470000.0,Marié,4,0
39,238000,14.0,Fonctionnaire,5760000,60,1,Moyen,420000.0,Marié,0,1
57,449000,14.0,CDI,9170000,120,3,Bon,880000.0,Célibataire,3,1
58,80000,28.0,Fonctionnaire,3080000,84,1,Moyen,580000.0,Marié,2,1
27,177000,21.0,CDD,5890000,120,3,Moyen,810000.0,Marié,2,0
36,405000,1.0,CDD,4240000,36,2,Bon,1560000.0,Marié,1,1
26,169000,14.0,CDD,5960000,36,1,Moyen,2240000.0,Célibataire,2,0
60,496000,27.0,Indépendant,16410000,24,0,Mauvais,5520000.0,Marié,1,0
38,341000,13.0,CDD,10640000,36,0,Mauvais,1240000.0,Marié,3,0
47,182000,18.0,Indépendant,4730000,36,1,Mauvais,140000.0,Marié,3,0
47,631000,25.0,CDD,6980000,36,2,Bon,270000.0,Célibataire,5,1
31,482000,2.0,CDI,8030000,60,1,Bon,3120000.0,Marié,1,1
64,535000,27.0,CDD,4330000,24,2,Moyen,620000.0,Marié,0,1
37,374000,27.0,CDI,6660000,36,0,Bon,580000.0,Marié,1,1
25,203000,0.0,CDD,3390000,12,2,Moyen,1280000.0,Marié,2,0
60,684000,23.0,Indépendant,6160000,120,3,Bon,1610000.0,Célibataire,0,1
59,515000,17.0,Indépendant,4030000,60,1,Bon,1600000.0,Célibataire,1,1
52,295000,16.0,CDD,4270000,60,1,Moyen,1010000.0,Marié,1,1
51,312000,19.0,Indépendant,11490000,84,2,Moyen,3290000.0,Marié,1,1
50,345000,13.0,CDD,12800000,48,1,Moyen,1700000.0,Marié,3,0
38,231000,11.0,CDI,1950000,36,2,Moyen,470000.0,Célibataire,0,1
58,266000,11.0,CDD,2190000,48,2,Bon,870000.0,Marié,4,1
23,1143000,2.0,CDD,42470000,24,0,Bon,3940000.0,Marié,2,0
28,276000,10.0,CDD,5430000,36,0,Bon,,Célibataire,1,1
50,262000,12.0,CDI,4660000,84,2,Bon,960000.0,Marié,1,1
40,940000,15.0,Indépendant,20170000,36,0,Bon,4330000.0,Célibataire,1,1
36,80000,23.0,CDI,2840000,120,0,Moyen,660000.0,Marié,2,1
40,107000,12.0,Indépendant,3020000,120,1,Bon,500000.0,Marié,1,1
42,370000,4.0,CDD,12200000,120,2,Bon,690000.0,Marié,3,1
30,309000,28.0,CDI,10250000,36,2,Bon,3600000.0,Célibataire,1,1
42,311000,2.0,CDI,9560000,36,0,Moyen,1380000.0,Célibataire,0,0
58,577000,1.0,CDI,12920000,60,0,Bon,1360000.0,Marié,2,1
57,178000,28.0,CDD,3050000,12,0,Bon,90000.0,Marié,0,0
41,781000,,Fonctionnaire,27550000,120,1,Mauvais,7230000.0,Marié,4,1
28,284000,12.0,Indépendant,4470000,60,1,,670000.0,Marié,2,1
23,89000,27.0,CDD,1850000,60,2,Bon,230000.0,Célibataire,1,1
48,151000,23.0,Indépendant,3290000,48,2,Bon,460000.0,Célibataire,2,1
46,440000,3.0,CDD,17460000,60,1,Bon,920000.0,Marié,1,1
63,434000,12.0,Fonctionnaire,12600000,36,2,Bon,400000.0,Marié,2,1
25,337000,4.0,CDD,12540000,24,3,Bon,820000.0,Marié,1,0
51,509000,10.0,Fonctionnaire,10560000,48,1,Bon,3950000.0,Marié,3,1
40,140000,23.0,CDI,2140000,36,2,Bon,430000.0,Célibataire,1,1
28,175000,23.0,CDD,6400000,48,1,Bon,1380000.0,Célibataire,1,0
42,212000,24.0,Indépendant,4530000,36,3,Mauvais,1560000.0,Marié,0,0
60,157000,15.0,Fonctionnaire,3920000,12,0,Bon,1570000.0,Marié,2,0
46,678000,13.0,CDD,23030000,12,2,Moyen,1270000.0,Marié,2,0
34,495000,9.0,Indépendant,5460000,24,2,Bon,1370000.0,Célibataire,3,1
33,307000,27.0,Indépendant,3730000,24,0,Bon,1370000.0,Divorcé,2,1
31,341000,5.0,Indépendant,11640000,36,0,Bon,4270000.0,Célibataire,1,0
47,94000,12.0,CDI,2020000,84,0,Bon,770000.0,Célibataire,1,1
33,607000,24.0,CDI,21160000,24,1,Moyen,8220000.0,Célibataire,0,0
39,436000,21.0,Indépendant,16170000,120,2,Moyen,2500000.0,Marié,1,1
34,241000,14.0,CDD,7080000,12,2,Moyen,890000.0,Célibataire,1,0
34,1202000,29.0,Indépendant,16160000,48,2,Bon,410000.0,Célibataire,1,1
27,119000,20.0,Indépendant,4520000,36,1,Bon,800000.0,Célibataire,3,0
35,163000,22.0,CDI,1700000,84,2,Mauvais,250000.0,Célibataire,0,1
50,334000,25.0,CDI,7820000,48,2,Moyen,2340000.0,Célibataire,2,1
37,276000,3.0,Indépendant,1880000,60,2,Bon,360000.0,Marié,3,1
38,232000,27.0,Fonctionnaire,1780000,84,1,Bon,550000.0,Célibataire,2,1
52,405000,6.0,Fonctionnaire,7980000,60,0,Moyen,960000.0,Divorcé,1,1
39,267000,29.0,CDI,6330000,12,0,Mauvais,2090000.0,Marié,2,0
46,240000,,Fonctionnaire,3430000,84,0,Bon,110000.0,Célibataire,2,1
37,291000,8.0,Indépendant,5020000,36,5,Mauvais,1740000.0,Célibataire,3,0
48,882000,20.0,Fonctionnaire,5170000,36,4,Bon,1750000.0,Célibataire,0,1
61,631000,28.0,CDI,17400000,48,2,Moyen,3900000.0,Marié,0,1
41,209000,7.0,CDI,1430000,60,0,Moyen,500000.0,Célibataire,2,1
57,765000,18.0,Fonctionnaire,20160000,120,0,Bon,5250000.0,Marié,2,1
63,140000,27.0,Indépendant,990000,60,2,Moyen,140000.0,Marié,1,1
51,242000,19.0,Indépendant,5160000,84,0,Mauvais,90000.0,Marié,3,0
27,323000,7.0,CDI,10250000,24,4,Mauvais,2280000.0,Célibataire,0,0
48,541000,27.0,Fonctionnaire,6870000,84,3,Mauvais,1910000.0,Marié,2,1
61,230000,25.0,Fonctionnaire,6980000,36,1,Moyen,2020000.0,Marié,0,0
60,600000,7.0,Indépendant,13100000,120,1,Bon,4050000.0,Marié,1,1
32,187000,19.0,CDI,5760000,48,0,Bon,470000.0,Marié,1,1
26,368000,23.0,CDI,9010000,84,3,Bon,2100000.0,Célibataire,2,1
21,241000,,Fonctionnaire,3490000,36,2,Bon,660000.0,Marié,1,1
30,1149000,25.0,CDI,39550000,48,0,Bon,4020000.0,Marié,4,1
32,80000,10.0,CDI,650000,24,0,Moyen,110000.0,Célibataire,0,1
39,457000,10.0,CDI,6760000,36,0,Moyen,890000.0,Divorcé,5,1
24,295000,27.0,CDI,4760000,12,1,Mauvais,1690000.0,Marié,0,0
28,404000,29.0,CDI,7310000,24,2,Bon,1810000.0,Célibataire,1,1
27,180000,,Fonctionnaire,5230000,36,3,Mauvais,560000.0,Marié,1,0
29,153000,6.0,CDI,1450000,36,2,Bon,190000.0,Célibataire,3,1
36,713000,14.0,CDI,18600000,120,1,Bon,1030000.0,Célibataire,2,1
44,444000,4.0,CDD,10190000,24,0,Bon,370000.0,Marié,1,1
47,242000,,Indépendant,4550000,120,1,Mauvais,520000.0,Marié,3,1
31,285000,16.0,CDI,10100000,48,3,Bon,1260000.0,Marié,0,0
31,192000,23.0,CDI,6210000,84,1,Mauvais,1790000.0,Célibataire,2,0
48,273000,17.0,CDD,3120000,24,1,Bon,570000.0,Célibataire,0,1
50,281000,1.0,CDI,5350000,120,0,Bon,1480000.0,Marié,3,1
44,595000,9.0,CDD,10010000,12,2,Bon,3080000.0,Marié,1,0
61,280000,9.0,Indépendant,10290000,48,4,Bon,900000.0,Divorcé,1,0
46,142000,24.0,Indépendant,1590000,120,0,Moyen,140000.0,Célibataire,0,1
39,171000,29.0,Indépendant,6370000,36,0,Bon,630000.0,Célibataire,3,0
63,242000,,CDI,5960000,84,0,Bon,1610000.0,Célibataire,3,1
62,277000,21.0,CDI,4320000,48,1,Moyen,1460000.0,Marié,3,1
35,387000,26.0,Indépendant,5940000,12,4,Moyen,2370000.0,Célibataire,3,0
32,430000,8.0,CDI,16040000,24,1,Bon,2290000.0,Marié,0,0
47,462000,16.0,Indépendant,12580000,36,0,Moyen,1950000.0,Marié,3,0
50,1011000,8.0,CDD,26930000,84,5,Bon,10660000.0,Marié,1,1
29,303000,7.0,Indépendant,4970000,48,1,Mauvais,,Marié,3,0
56,621000,6.0,Indépendant,17050000,36,1,Bon,1660000.0,Célibataire,1,1
51,508000,7.0,Fonctionnaire,7830000,12,0,Moyen,2410000.0,Célibataire,1,0
62,455000,16.0,CDD,3280000,120,1,Bon,810000.0,Marié,3,1
44,219000,27.0,CDI,1830000,48,1,Bon,130000.0,Célibataire,3,1
42,346000,2.0,CDD,3520000,84,1,Bon,1210000.0,Marié,3,1
37,324000,14.0,CDD,11690000,84,0,Moyen,170000.0,Marié,2,0
24,1005000,10.0,CDI,26250000,84,0,Moyen,3460000.0,Marié,1,1
55,176000,19.0,Fonctionnaire,3640000,48,1,Bon,420000.0,Marié,2,1
47,80000,13.0,CDI,1340000,84,2,Bon,430000.0,Célibataire,2,1
45,222000,24.0,Fonctionnaire,6380000,12,4,Moyen,530000.0,Marié,1,0
54,80000,26.0,Indépendant,530000,84,0,Bon,150000.0,Marié,2,1
63,742000,7.0,CDI,12850000,84,1,Moyen,90000.0,Célibataire,4,1
44,1387000,21.0,Fonctionnaire,44690000,12,1,Bon,14520000.0,Célibataire,1,0
62,295000,12.0,CDI,11310000,48,0,Moyen,3950000.0,Marié,1,1
62,235000,10.0,CDI,8980000,48,1,Bon,670000.0,Célibataire,1,0
35,219000,17.0,Indépendant,3030000,48,1,Moyen,1130000.0,Célibataire,3,1
50,493000,14.0,Fonctionnaire,17350000,48,2,Bon,1070000.0,Marié,3,1
31,387000,23.0,Indépendant,3380000,120,3,Moyen,670000.0,Célibataire,3,1
30,274000,23.0,CDI,5350000,36,1,Bon,1810000.0,Célibataire,1,1
48,718000,6.0,Fonctionnaire,18160000,48,0,Moyen,4070000.0,Célibataire,1,1
27,498000,1.0,Indépendant,7570000,36,1,Bon,470000.0,Marié,1,1
23,85000,17.0,Fonctionnaire,1180000,84,0,Moyen,220000.0,Marié,1,1
39,359000,3.0,CDD,11070000,24,1,Mauvais,2960000.0,Célibataire,1,0
35,321000,8.0,CDI,3600000,84,1,Moyen,40000.0,Marié,1,1
33,283000,13.0,CDI,1650000,120,0,Bon,280000.0,Célibataire,0,1
52,479000,28.0,Fonctionnaire,15600000,60,3,Moyen,4460000.0,Marié,1,1
21,101000,22.0,CDI,3510000,12,1,Bon,1270000.0,Célibataire,1,0
28,147000,25.0,CDI,5700000,36,0,Bon,830000.0,Marié,1,0
27,273000,16.0,Indépendant,1410000,120,1,Bon,400000.0,Divorcé,5,1
59,699000,4.0,Indépendant,13220000,12,0,Moyen,2940000.0,Célibataire,1,0
28,316000,1.0,CDI,3230000,12,0,Bon,150000.0,Célibataire,5,0
21,270000,14.0,CDD,5280000,84,1,Bon,370000.0,Marié,1,1
22,255000,12.0,CDI,4990000,12,4,Mauvais,1850000.0,Marié,0,0
50,232000,4.0,Indépendant,8760000,84,4,Moyen,3480000.0,Marié,1,0
23,762000,10.0,CDI,9640000,60,2,Bon,3310000.0,Divorcé,1,1
32,346000,22.0,Fonctionnaire,7150000,84,0,Moyen,240000.0,Marié,2,1
51,382000,23.0,CDI,5220000,120,1,Bon,660000.0,Marié,5,1
56,481000,21.0,Indépendant,7770000,36,0,Bon,2720000.0,Divorcé,1,1
25,704000,27.0,Indépendant,27850000,24,2,Bon,2020000.0,Marié,3,0
38,167000,4.0,CDD,2190000,48,2,Bon,450000.0,Célibataire,3,1
43,210000,11.0,CDD,4110000,36,0,Bon,1310000.0,Marié,2,1
27,351000,22.0,CDI,12970000,60,1,Moyen,3600000.0,Célibataire,2,1
35,318000,0.0,CDI,2400000,24,2,Bon,960000.0,Célibataire,0,1
43,311000,3.0,Indépendant,2810000,24,1,Moyen,,Marié,3,0
44,102000,10.0,Fonctionnaire,4040000,24,1,Bon,640000.0,Marié,1,0
53,632000,29.0,CDD,11050000,24,0,Moyen,2350000.0,Célibataire,2,1
50,319000,22.0,CDD,5580000,24,0,Bon,520000.0,Célibataire,2,1
64,263000,7.0,Indépendant,4710000,48,3,Mauvais,1300000.0,Marié,2,0
54,279000,9.0,Indépendant,9760000,48,2,Bon,1350000.0,Célibataire,0,0
29,534000,17.0,Indépendant,21300000,36,0,Bon,6110000.0,Marié,4,0
62,130000,1.0,Indépendant,2370000,12,2,Bon,190000.0,Marié,1,0
51,135000,9.0,CDI,4610000,48,1,Bon,1250000.0,Célibataire,1,0
59,447000,12.0,Fonctionnaire,16730000,12,0,Bon,3520000.0,Marié,2,0
21,560000,24.0,Indépendant,16690000,60,1,Mauvais,460000.0,Célibataire,1,1
53,383000,26.0,CDI,11280000,120,1,Bon,50000.0,Marié,1,1
53,472000,27.0,CDI,13550000,36,0,Bon,3030000.0,Marié,3,1
55,419000,17.0,CDI,8250000,36,2,Mauvais,2050000.0,Divorcé,2,0
59,213000,28.0,CDD,5640000,24,1,Bon,1030000.0,Marié,0,0
47,312000,9.0,Fonctionnaire,1960000,120,3,Bon,760000.0,Célibataire,1,1
29,240000,14.0,Fonctionnaire,1790000,60,2,Bon,380000.0,Célibataire,4,1
25,299000,6.0,Fonctionnaire,6090000,24,2,Bon,1710000.0,Marié,0,0
61,316000,17.0,CDD,9860000,24,1,Bon,1750000.0,Marié,1,0
31,210000,26.0,CDI,2130000,48,3,Mauvais,110000.0,Célibataire,2,0
51,170000,27.0,Indépendant,1960000,24,0,Moyen,310000.0,Divorcé,4,0
63,337000,8.0,CDD,12400000,120,1,Bon,4790000.0,Marié,3,1
53,374000,21.0,Fonctionnaire,12930000,48,3,Mauvais,4160000.0,Célibataire,1,0
49,611000,2.0,CDI,19230000,48,1,Moyen,3800000.0,Célibataire,1,1
23,157000,7.0,CDD,970000,36,1,Bon,150000.0,Marié,2,1
46,285000,8.0,Fonctionnaire,9700000,60,0,Bon,570000.0,Marié,1,1
21,159000,5.0,Fonctionnaire,2630000,12,1,Mauvais,960000.0,Marié,1,0
35,453000,1.0,CDD,2800000,60,3,Bon,540000.0,Célibataire,4,1
24,733000,25.0,Indépendant,18700000,48,1,Bon,3790000.0,Marié,3,1
32,539000,17.0,Fonctionnaire,8350000,84,1,Mauvais,540000.0,Célibataire,1,1
42,604000,21.0,CDD,6180000,24,1,Mauvais,1810000.0,Marié,2,1
44,439000,11.0,CDI,9020000,60,1,Bon,700000.0,Célibataire,2,1
53,203000,3.0,CDI,7860000,84,1,Mauvais,2580000.0,Célibataire,2,0
37,254000,13.0,CDI,6620000,120,0,Moyen,1750000.0,Marié,2,1
43,465000,10.0,Indépendant,7390000,36,0,Bon,1870000.0,Divorcé,2,1
47,188000,1.0,Fonctionnaire,4660000,24,3,Bon,1090000.0,Marié,1,0
49,264000,18.0,CDI,8200000,36,0,Moyen,1580000.0,Marié,0,0
35,213000,25.0,CDD,6540000,60,1,Bon,1540000.0,Divorcé,6,1
61,494000,12.0,Indépendant,11180000,12,0,Moyen,2780000.0,Célibataire,0,0
41,210000,27.0,Indépendant,6030000,36,1,Bon,420000.0,Marié,1,0
64,353000,2.0,CDI,2670000,24,3,Moyen,660000.0,Marié,2,1
45,116000,6.0,CDD,1740000,84,5,,20000.0,Célibataire,3,0
37,136000,14.0,CDI,1400000,84,2,Bon,190000.0,Divorcé,1,1
62,224000,23.0,Indépendant,6500000,36,1,Moyen,630000.0,Marié,0,0
33,80000,16.0,Indépendant,2130000,84,3,Bon,620000.0,Divorcé,2,1
63,236000,8.0,CDD,2180000,84,3,Mauvais,140000.0,Célibataire,3,0
28,168000,13.0,Indépendant,1300000,84,2,Bon,360000.0,Célibataire,1,1
60,377000,1.0,Indépendant,14240000,48,0,Mauvais,750000.0,Célibataire,1,0
55,253000,6.0,CDI,4620000,48,2,Moyen,1800000.0,Marié,1,0
47,391000,13.0,Indépendant,6060000,60,1,Mauvais,2160000.0,Marié,0,1
46,280000,3.0,CDI,9580000,60,0,Moyen,1900000.0,Célibataire,1,1
24,365000,27.0,CDI,12640000,84,1,Bon,2950000.0,Marié,1,1
64,247000,26.0,Indépendant,8080000,120,1,Bon,2610000.0,Marié,3,1
49,695000,1.0,Fonctionnaire,4890000,12,1,Bon,1330000.0,Célibataire,1,1
61,357000,17.0,Indépendant,6920000,12,0,Mauvais,1360000.0,Célibataire,1,0
22,373000,11.0,Indépendant,12010000,12,1,Bon,4240000.0,Marié,1,0
62,732000,12.0,Indépendant,15620000,36,3,Moyen,5490000.0,Célibataire,1,1
30,367000,28.0,Fonctionnaire,13390000,24,0,Moyen,990000.0,Marié,2,0
21,623000,1.0,Indépendant,10290000,60,0,Mauvais,1470000.0,Célibataire,1,1
48,584000,9.0,Fonctionnaire,14100000,36,0,Bon,1320000.0,Célibataire,0,1
50,345000,17.0,Indépendant,11910000,36,0,Bon,2820000.0,Célibataire,1,0
36,297000,22.0,CDD,7580000,84,1,Bon,2270000.0,Marié,1,1
34,169000,21.0,CDD,5020000,36,1,Bon,170000.0,Célibataire,3,0
35,223000,27.0,CDD,8310000,24,0,Bon,60000.0,Marié,3,0
44,403000,22.0,CDD,15560000,12,1,Bon,4080000.0,Marié,0,0
49,488000,9.0,Indépendant,19390000,60,1,Mauvais,3930000.0,Marié,3,0
56,106000,20.0,CDI,1780000,48,1,Bon,490000.0,Marié,1,1
54,490000,26.0,CDD,6170000,12,0,Bon,260000.0,Célibataire,1,1
24,536000,7.0,Fonctionnaire,7580000,84,2,Moyen,1260000.0,Marié,1,1
48,536000,17.0,CDD,18760000,120,0,Bon,,Marié,2,1
50,311000,17.0,Fonctionnaire,2650000,84,0,Mauvais,,Célibataire,2,1
41,273000,19.0,CDI,6220000,36,1,Moyen,2010000.0,Marié,3,0
27,508000,23.0,CDI,14230000,36,0,Bon,460000.0,Célibataire,2,1
59,769000,6.0,CDD,17460000,24,1,Moyen,910000.0,Marié,2,0
51,359000,24.0,CDI,6520000,48,0,Mauvais,1900000.0,Marié,2,1
36,428000,25.0,CDI,13180000,12,3,Mauvais,3070000.0,Célibataire,1,0
49,188000,9.0,CDI,3140000,48,1,Bon,1010000.0,Marié,0,1
52,295000,28.0,CDD,7460000,120,0,Mauvais,160000.0,Célibataire,2,1
34,623000,19.0,Fonctionnaire,23560000,24,0,Bon,7850000.0,Marié,0,0
34,97000,27.0,Indépendant,1670000,12,0,Mauvais,590000.0,Marié,3,0
51,398000,28.0,CDI,11830000,120,0,Bon,2880000.0,Marié,1,1
60,778000,19.0,CDI,30770000,48,4,Moyen,9930000.0,Marié,2,1
24,200000,0.0,Fonctionnaire,5120000,12,1,Bon,840000.0,Célibataire,0,0
32,160000,23.0,CDI,960000,36,1,Bon,0.0,Célibataire,3,1
64,243000,1.0,CDI,6550000,60,1,Bon,860000.0,Marié,1,1
51,148000,7.0,CDI,5040000,48,4,Mauvais,1000000.0,Célibataire,3,0
64,650000,25.0,CDD,12580000,120,1,Mauvais,1290000.0,Marié,0,1
21,606000,16.0,CDI,17320000,60,1,Bon,5050000.0,Marié,0,1
50,431000,10.0,Fonctionnaire,12340000,36,0,Bon,1830000.0,Marié,0,1
45,885000,12.0,Fonctionnaire,28830000,60,1,Bon,530000.0,Célibataire,0,1
36,266000,29.0,CDI,4150000,60,2,Moyen,730000.0,Célibataire,0,1
57,415000,28.0,CDD,12290000,84,0,Moyen,3820000.0,Célibataire,1,1
31,417000,10.0,CDI,12180000,24,1,Bon,4050000.0,Célibataire,2,0
63,466000,24.0,CDD,15490000,24,0,Bon,5130000.0,Marié,1,0
23,524000,15.0,CDI,7140000,120,2,Bon,2470000.0,Célibataire,1,1
53,408000,2.0,CDI,3120000,12,2,Bon,830000.0,Divorcé,3,1
37,191000,2.0,Fonctionnaire,1430000,60,1,Bon,30000.0,Célibataire,2,1
61,537000,29.0,CDD,19530000,36,0,Moyen,1120000.0,Marié,1,0
36,386000,18.0,CDI,2710000,120,1,Bon,680000.0,Divorcé,1,1
55,504000,26.0,Indépendant,5050000,120,0,Mauvais,1680000.0,Marié,1,1
38,423000,8.0,Indépendant,6610000,120,1,Bon,40000.0,Célibataire,3,1
28,443000,24.0,CDI,6640000,60,2,Bon,1050000.0,Célibataire,0,1
39,192000,26.0,Fonctionnaire,2870000,24,2,Bon,460000.0,Marié,2,1
64,333000,1.0,CDD,13070000,84,0,Moyen,4220000.0,Divorcé,0,0
32,352000,0.0,Indépendant,8760000,48,0,Bon,3290000.0,Marié,2,1
36,417000,7.0,CDI,4750000,24,1,Mauvais,1090000.0,Célibataire,3,0
52,286000,14.0,CDI,9950000,36,1,Bon,2240000.0,Marié,1,0
29,270000,10.0,Fonctionnaire,4620000,48,2,Bon,1600000.0,Célibataire,0,1
57,143000,7.0,CDI,5360000,48,2,Bon,1030000.0,Marié,0,0
39,332000,4.0,CDD,5620000,120,1,Moyen,280000.0,Marié,3,1
26,273000,29.0,CDD,9360000,12,1,Bon,960000.0,Marié,1,0
44,210000,,CDI,6690000,120,0,Mauvais,570000.0,Célibataire,3,1
25,362000,28.0,Indépendant,13940000,12,1,Moyen,150000.0,Célibataire,0,0
50,303000,1.0,CDI,8200000,12,0,Bon,2700000.0,Célibataire,0,0
24,80000,26.0,CDI,1040000,12,4,Bon,400000.0,Marié,1,0
61,370000,8.0,CDI,9600000,24,2,Moyen,370000.0,Célibataire,3,0
45,528000,6.0,CDI,12460000,24,0,Bon,120000.0,Célibataire,1,1
21,502000,15.0,Indépendant,6010000,48,0,Bon,690000.0,Célibataire,0,1
34,161000,15.0,CDI,3880000,24,3,Bon,1250000.0,Marié,2,0
63,643000,23.0,CDI,19210000,12,4,Mauvais,6890000.0,Célibataire,0,0
59,146000,26.0,CDI,5370000,24,0,Bon,1940000.0,Marié,3,0
37,389000,23.0,CDI,8900000,48,1,Mauvais,220000.0,Marié,2,0
60,246000,23.0,CDI,1790000,84,0,Bon,360000.0,Marié,0,1
52,355000,10.0,Fonctionnaire,13250000,60,1,Bon,1640000.0,Célibataire,2,1
36,267000,17.0,CDI,5020000,36,0,Mauvais,1890000.0,Marié,4,1
39,625000,7.0,CDD,11750000,60,3,,2150000.0,Marié,1,1
41,180000,17.0,CDD,6380000,120,1,Bon,1020000.0,Marié,1,1
49,1036000,19.0,CDD,30820000,12,0,Bon,2400000.0,Marié,2,0
63,504000,16.0,Indépendant,16530000,84,0,Moyen,6190000.0,Divorcé,2,1
21,180000,8.0,CDD,6530000,48,2,Bon,860000.0,Marié,1,0
45,593000,11.0,CDD,10160000,48,1,Moyen,2240000.0,Célibataire,1,1
43,171000,27.0,CDD,3440000,120,0,Bon,1100000.0,Marié,0,1
48,613000,19.0,Indépendant,9840000,60,0,Moyen,910000.0,Marié,0,1
31,449000,27.0,CDI,8430000,120,0,Moyen,1350000.0,Célibataire,2,1
46,630000,,CDD,23570000,36,0,Bon,2180000.0,Marié,3,1
33,241000,22.0,Indépendant,5110000,24,1,Mauvais,1320000.0,Célibataire,1,0
64,249000,6.0,CDD,8800000,36,1,Bon,2360000.0,Marié,2,0
57,295000,16.0,Indépendant,3100000,24,3,Moyen,820000.0,Marié,0,0
29,459000,3.0,Indépendant,4290000,60,1,Moyen,1100000.0,Marié,0,1
32,80000,6.0,CDI,1710000,36,1,Bon,240000.0,Marié,1,0
45,419000,5.0,CDI,9950000,36,1,Moyen,970000.0,Célibataire,2,0
25,261000,4.0,CDD,7000000,120,0,Bon,640000.0,Marié,2,1
25,699000,14.0,CDI,5720000,36,1,Bon,1540000.0,Célibataire,2,1
51,265000,22.0,CDD,6430000,120,1,Moyen,220000.0,Marié,1,1
50,284000,11.0,Fonctionnaire,4730000,84,0,Bon,1200000.0,Marié,1,1
49,321000,8.0,Indépendant,9540000,12,2,Bon,1230000.0,Célibataire,2,0
35,285000,20.0,Fonctionnaire,3210000,36,1,Bon,210000.0,Marié,3,1
57,460000,5.0,CDD,9050000,60,1,Bon,1630000.0,Marié,1,1
41,415000,2.0,Indépendant,14910000,12,2,Bon,1980000.0,Divorcé,0,0
63,234000,7.0,CDI,5640000,24,1,Bon,2070000.0,Célibataire,0,0
40,399000,3.0,Fonctionnaire,13430000,24,0,Moyen,380000.0,Célibataire,3,0
46,500000,22.0,CDD,11560000,84,2,Bon,2690000.0,Célibataire,2,1
54,924000,22.0,CDD,9640000,12,2,Bon,1710000.0,Marié,1,1
23,169000,2.0,CDI,3980000,12,0,Bon,1030000.0,Célibataire,3,0
45,157000,28.0,Fonctionnaire,5220000,24,1,Bon,1890000.0,Célibataire,3,0
21,424000,4.0,Fonctionnaire,13670000,24,0,Moyen,4820000.0,Célibataire,0,0
58,303000,9.0,CDI,4270000,48,1,Bon,850000.0,Célibataire,2,1
35,484000,25.0,Indépendant,10980000,84,1,Moyen,2980000.0,Célibataire,1,1
39,361000,12.0,Fonctionnaire,10080000,60,0,Mauvais,3160000.0,Célibataire,1,0
64,105000,0.0,CDD,2230000,120,1,Bon,540000.0,Célibataire,2,1
52,401000,25.0,CDI,14880000,48,1,Bon,520000.0,Marié,3,1
21,254000,11.0,CDI,6670000,36,0,Bon,2010000.0,Marié,2,1
48,174000,9.0,CDI,6760000,24,1,Bon,1590000.0,Marié,5,0
39,190000,20.0,CDI,4370000,60,6,Mauvais,1620000.0,Célibataire,0,0
62,118000,28.0,Indépendant,2390000,120,0,,610000.0,Célibataire,1,1
26,377000,15.0,CDD,4800000,36,1,Moyen,660000.0,Marié,1,1
23,610000,25.0,CDI,9640000,12,1,Moyen,840000.0,Célibataire,1,0
49,299000,3.0,Indépendant,8740000,12,3,Bon,1910000.0,Célibataire,1,0
61,412000,2.0,CDD,15710000,12,1,Moyen,400000.0,Célibataire,3,0
25,948000,27.0,Fonctionnaire,28020000,120,0,Bon,7920000.0,Marié,5,1
33,535000,19.0,CDI,14760000,120,3,,2740000.0,Marié,1,1
64,328000,28.0,Indépendant,7710000,36,0,Moyen,1220000.0,Marié,3,1
32,80000,26.0,Fonctionnaire,1330000,12,0,Bon,80000.0,Marié,2,0
62,253000,18.0,Indépendant,9660000,12,1,Moyen,2460000.0,Célibataire,2,0
45,180000,20.0,Indépendant,2420000,84,2,Bon,920000.0,Marié,3,1
26,949000,12.0,CDI,11690000,12,1,Bon,910000.0,Marié,1,1
34,289000,18.0,CDI,4190000,36,2,Mauvais,1230000.0,Marié,1,0
46,308000,1.0,Indépendant,3310000,48,1,Mauvais,500000.0,Célibataire,1,0
48,373000,24.0,CDD,11360000,24,1,Moyen,3040000.0,Marié,0,0
42,254000,7.0,Indépendant,9230000,36,1,Moyen,2050000.0,Marié,2,0
62,502000,7.0,CDI,16620000,24,0,Moyen,550000.0,Marié,0,0
30,123000,21.0,CDI,2340000,48,1,Bon,140000.0,Marié,0,1
48,372000,21.0,Fonctionnaire,4800000,12,1,Bon,780000.0,Célibataire,6,0
41,974000,19.0,CDD,38120000,48,1,Bon,9190000.0,Célibataire,2,1
25,206000,0.0,CDI,5090000,36,2,Mauvais,10000.0,Marié,0,0
24,144000,26.0,CDD,1350000,84,1,Bon,410000.0,Divorcé,1,1
31,80000,29.0,CDI,2660000,84,2,Bon,610000.0,Marié,3,1
41,175000,27.0,CDI,4750000,36,0,Moyen,1440000.0,Marié,3,0
40,248000,20.0,CDI,5700000,36,0,Bon,570000.0,Marié,1,1
23,185000,20.0,CDD,4600000,120,1,Bon,890000.0,Célibataire,1,1
54,591000,28.0,Indépendant,4810000,24,1,Mauvais,680000.0,Divorcé,1,1
50,343000,20.0,CDI,13150000,48,1,Bon,1200000.0,Divorcé,1,1
52,297000,8.0,Indépendant,8350000,36,2,Bon,460000.0,Célibataire,2,0
46,233000,20.0,Indépendant,3620000,12,1,Bon,410000.0,Célibataire,1,0
32,478000,19.0,Indépendant,16330000,24,3,Bon,5190000.0,Célibataire,0,0
34,483000,24.0,CDI,10450000,60,1,Bon,3770000.0,Célibataire,1,1
29,174000,7.0,CDD,3280000,120,0,Bon,400000.0,Célibataire,1,1
50,466000,15.0,Indépendant,15010000,84,0,Bon,5720000.0,Célibataire,0,1
37,164000,11.0,CDD,1140000,48,3,Bon,310000.0,Célibataire,1,1
64,170000,4.0,Fonctionnaire,6520000,24,2,Bon,1210000.0,Célibataire,0,0
43,362000,8.0,Fonctionnaire,12250000,36,1,Mauvais,2260000.0,Célibataire,1,0
38,591000,18.0,CDI,10660000,84,2,Bon,4250000.0,Célibataire,1,1
25,369000,,CDI,7800000,24,1,Bon,640000.0,Marié,1,1
32,358000,5.0,Indépendant,12520000,84,0,Mauvais,3700000.0,Célibataire,3,0
53,253000,17.0,CDD,5210000,24,1,Mauvais,1090000.0,Célibataire,1,0
44,325000,0.0,Indépendant,9800000,24,1,Bon,2850000.0,Marié,1,0
58,791000,16.0,Indépendant,16210000,12,2,Bon,2120000.0,Marié,1,0
46,389000,25.0,CDD,14860000,120,1,Bon,40000.0,Divorcé,1,1
25,292000,5.0,CDD,5040000,48,3,,140000.0,Marié,4,0
23,819000,3.0,Indépendant,11030000,60,2,Bon,3160000.0,Célibataire,1,1
40,432000,24.0,CDD,17100000,24,2,Bon,6220000.0,Marié,0,0
56,219000,0.0,CDD,6400000,24,2,Moyen,1410000.0,Divorcé,0,0
64,293000,,Indépendant,9350000,48,0,Moyen,,Célibataire,2,0
50,191000,26.0,CDI,4330000,24,2,Bon,1600000.0,Marié,1,0
33,100000,6.0,CDI,2820000,12,1,Bon,50000.0,Marié,4,0
47,239000,29.0,CDD,3560000,84,0,Moyen,780000.0,Marié,2,1
30,129000,11.0,CDI,3790000,24,1,Bon,1060000.0,Célibataire,1,0
60,613000,5.0,Indépendant,15420000,12,2,Mauvais,1970000.0,Divorcé,2,0
37,587000,11.0,CDD,20150000,84,0,Bon,6380000.0,Divorcé,1,1
60,111000,28.0,Indépendant,3730000,84,1,Moyen,440000.0,Célibataire,1,1
45,315000,9.0,CDD,2330000,48,0,,230000.0,Divorcé,1,1
44,140000,9.0,Fonctionnaire,2030000,120,0,Moyen,350000.0,Célibataire,1,1
50,315000,27.0,Fonctionnaire,3460000,84,1,Bon,380000.0,Célibataire,0,1
24,315000,2.0,CDD,2540000,12,1,Moyen,240000.0,Célibataire,1,0
21,94000,20.0,Indépendant,750000,48,0,Mauvais,60000.0,Marié,1,0
49,477000,23.0,CDI,8330000,24,1,Bon,2530000.0,Célibataire,1,1
34,639000,25.0,CDD,11080000,120,2,Mauvais,3940000.0,Célibataire,2,1
63,558000,17.0,Indépendant,14500000,48,1,Mauvais,4400000.0,Marié,3,0
62,150000,17.0,CDI,5820000,24,0,Bon,1820000.0,Marié,0,0
44,247000,24.0,Indépendant,8490000,120,2,Bon,1770000.0,Célibataire,0,1
31,139000,7.0,CDI,3400000,48,2,Bon,150000.0,Célibataire,2,0
37,224000,6.0,Indépendant,2470000,120,2,Mauvais,40000.0,Marié,0,1
50,80000,11.0,Indépendant,1910000,24,0,Bon,700000.0,Marié,0,0
37,728000,14.0,Indépendant,7840000,120,3,Bon,2660000.0,Célibataire,2,1
28,617000,21.0,Fonctionnaire,20880000,60,0,,2490000.0,Célibataire,1,1
23,104000,8.0,Fonctionnaire,3230000,48,0,Mauvais,820000.0,Célibataire,1,0
59,95000,11.0,CDD,3630000,60,1,Bon,900000.0,Marié,0,0
34,320000,9.0,CDI,11510000,24,0,Mauvais,3470000.0,Marié,3,0
59,239000,16.0,Fonctionnaire,3620000,36,2,Mauvais,230000.0,Célibataire,1,0
64,118000,1.0,Indépendant,1950000,84,3,Bon,550000.0,Marié,1,0
22,472000,12.0,CDI,11930000,36,2,Mauvais,3680000.0,Divorcé,3,0
57,395000,,CDI,7890000,60,2,Bon,3020000.0,Célibataire,1,1
52,418000,7.0,CDI,4390000,12,0,Bon,1430000.0,Marié,2,1
52,935000,24.0,CDI,5730000,48,1,Moyen,430000.0,Célibataire,2,1
53,241000,29.0,CDD,3460000,120,0,Moyen,880000.0,Divorcé,0,1
33,433000,22.0,Fonctionnaire,7520000,120,1,Mauvais,3000000.0,Marié,5,1
51,419000,28.0,CDD,8540000,36,2,Moyen,2460000.0,Marié,3,1
27,294000,27.0,Fonctionnaire,11530000,48,2,Moyen,1530000.0,Célibataire,4,0
39,381000,3.0,Indépendant,10940000,84,2,Moyen,2080000.0,Divorcé,2,0
40,204000,9.0,CDI,7940000,24,1,Bon,1180000.0,Marié,0,0
54,266000,18.0,Indépendant,4180000,84,0,Bon,580000.0,Célibataire,2,1
60,150000,27.0,CDI,2300000,48,1,Moyen,280000.0,Célibataire,0,1
55,404000,24.0,CDI,8710000,12,4,Moyen,2590000.0,Marié,1,0
40,124000,9.0,Indépendant,1550000,120,1,Mauvais,500000.0,Marié,2,0
22,316000,11.0,Fonctionnaire,12330000,24,1,Bon,2370000.0,Célibataire,3,0
41,617000,3.0,CDD,23850000,120,1,Bon,7700000.0,Célibataire,1,1
48,128000,10.0,CDI,3250000,24,1,Bon,1080000.0,Célibataire,4,0
41,80000,14.0,CDD,550000,24,0,Bon,20000.0,Célibataire,2,1
45,351000,29.0,CDI,9100000,24,1,Mauvais,2220000.0,Marié,1,0
58,512000,27.0,CDI,3980000,120,1,Moyen,1350000.0,Célibataire,2,1
63,132000,23.0,Fonctionnaire,2630000,12,0,Bon,950000.0,Célibataire,5,0
28,268000,3.0,Indépendant,4690000,84,1,Moyen,570000.0,Marié,0,1
30,309000,2.0,Indépendant,8980000,12,0,Bon,1730000.0,Célibataire,3,0
45,112000,12.0,Fonctionnaire,3150000,36,1,Bon,1000000.0,Marié,1,0
37,94000,28.0,Indépendant,1340000,48,0,Mauvais,20000.0,Célibataire,1,0
45,119000,2.0,Indépendant,2570000,24,2,Bon,250000.0,Célibataire,2,0
63,390000,1.0,CDI,12410000,48,2,Moyen,1660000.0,Marié,0,0
64,724000,13.0,Indépendant,20030000,60,0,Bon,4790000.0,Marié,2,1
40,240000,1.0,Fonctionnaire,5170000,120,0,Bon,160000.0,Marié,2,1
40,346000,20.0,Indépendant,3450000,48,2,Bon,,Célibataire,1,1
45,181000,15.0,CDD,5740000,120,1,Bon,120000.0,Marié,4,1
44,385000,28.0,CDD,11160000,60,0,Moyen,3710000.0,Célibataire,1,1
22,627000,5.0,CDI,17980000,24,2,Bon,3210000.0,Marié,3,0
54,616000,13.0,CDI,15800000,36,0,Moyen,2850000.0,Marié,2,1
25,541000,29.0,CDD,9830000,84,0,Moyen,570000.0,Célibataire,0,1
22,509000,13.0,CDD,15970000,24,2,Bon,,Célibataire,0,0
21,170000,19.0,Indépendant,5750000,48,0,Bon,630000.0,Marié,1,1
35,661000,9.0,CDI,23560000,60,4,Bon,4480000.0,Marié,2,1
33,612000,22.0,CDD,5690000,12,2,Bon,1150000.0,Divorcé,5,1
43,80000,19.0,Indépendant,2390000,24,1,Moyen,70000.0,Marié,0,0
43,388000,4.0,CDD,7870000,36,1,Mauvais,2850000.0,Célibataire,3,0
25,497000,21.0,Indépendant,2510000,12,1,Moyen,200000.0,Marié,3,1
62,172000,27.0,Fonctionnaire,5820000,12,0,Bon,2070000.0,Marié,0,0
24,321000,14.0,CDD,6720000,60,2,Bon,730000.0,Marié,0,1
23,684000,26.0,Indépendant,20440000,24,3,Bon,,Marié,1,0
24,204000,29.0,Fonctionnaire,3820000,84,1,Bon,1450000.0,Célibataire,1,1
46,345000,22.0,Indépendant,1810000,12,1,Moyen,310000.0,Célibataire,0,1
40,470000,,CDD,11430000,60,1,Moyen,610000.0,Marié,1,1
28,252000,2.0,Fonctionnaire,5950000,12,0,Mauvais,,Célibataire,1,0
54,214000,29.0,Indépendant,5410000,48,2,Moyen,1200000.0,Célibataire,2,0
29,323000,11.0,Indépendant,6240000,36,1,Bon,2070000.0,Marié,4,1
25,439000,18.0,CDI,3290000,36,1,Moyen,1230000.0,Marié,4,1
51,335000,22.0,Indépendant,2850000,48,1,Bon,300000.0,Célibataire,2,1
55,441000,18.0,Indépendant,16640000,120,1,Mauvais,770000.0,Marié,2,1
56,408000,,CDD,15890000,48,2,Bon,3950000.0,Célibataire,1,0
64,388000,5.0,Indépendant,4900000,84,1,Bon,170000.0,Marié,1,1
56,845000,10.0,CDI,30770000,24,2,Mauvais,6180000.0,Marié,2,0
25,122000,27.0,CDI,4620000,48,2,Moyen,190000.0,Marié,1,0
31,148000,25.0,CDI,4930000,36,2,Mauvais,1580000.0,Célibataire,1,0
43,413000,10.0,CDI,14810000,24,0,Bon,5630000.0,Marié,2,0
64,297000,6.0,CDI,1700000,24,2,Bon,380000.0,Marié,0,1
42,704000,14.0,Indépendant,17310000,24,3,Mauvais,1480000.0,Célibataire,5,0
53,206000,21.0,Fonctionnaire,2530000,48,3,Bon,300000.0,Divorcé,2,1
50,318000,9.0,CDI,1660000,120,0,Mauvais,170000.0,Divorcé,1,1
57,195000,22.0,Fonctionnaire,3320000,12,1,Mauvais,1010000.0,Célibataire,1,0
63,684000,23.0,CDI,23870000,120,1,Bon,8000000.0,Marié,4,1
30,507000,29.0,CDI,10360000,60,0,Bon,2760000.0,Marié,3,1
57,794000,1.0,CDI,6560000,12,0,Bon,2130000.0,Célibataire,4,1
54,210000,22.0,Indépendant,5320000,12,0,Bon,1480000.0,Marié,1,0
45,352000,15.0,CDD,7810000,12,0,Bon,1280000.0,Célibataire,2,0
42,137000,1.0,Indépendant,5240000,48,2,Bon,40000.0,Marié,4,0
27,515000,8.0,CDI,3210000,60,2,Bon,920000.0,Marié,3,1
50,334000,14.0,CDD,6050000,60,0,Moyen,1200000.0,Marié,1,1
30,678000,14.0,CDI,3770000,12,3,Moyen,90000.0,Divorcé,3,1
23,97000,7.0,CDD,1510000,12,1,Moyen,360000.0,Célibataire,3,0
37,1104000,22.0,Indépendant,23780000,60,2,Moyen,820000.0,Marié,0,1
56,433000,,CDD,8620000,24,2,Bon,2150000.0,Marié,1,0
30,277000,8.0,CDI,5900000,12,1,Moyen,1290000.0,Marié,1,0
42,529000,21.0,CDD,18950000,120,2,Bon,2950000.0,Marié,2,1
24,191000,3.0,Fonctionnaire,7350000,60,0,Bon,2600000.0,Célibataire,0,1
61,258000,15.0,Fonctionnaire,9800000,48,3,Bon,2260000.0,Marié,1,0
25,287000,0.0,CDD,7100000,36,0,Moyen,90000.0,Marié,2,0
43,141000,5.0,CDI,1240000,24,1,Moyen,100000.0,Célibataire,3,0
63,323000,18.0,CDD,5430000,120,2,Moyen,1980000.0,Marié,3,1
22,223000,6.0,CDD,2630000,48,1,Bon,280000.0,Célibataire,3,1
34,308000,0.0,Fonctionnaire,3490000,36,0,Bon,490000.0,Célibataire,6,1
22,130000,6.0,CDI,5140000,48,1,Bon,510000.0,Divorcé,1,0
60,227000,17.0,Indépendant,6090000,12,1,Bon,80000.0,Marié,3,0
49,273000,28.0,Fonctionnaire,4890000,12,2,Mauvais,870000.0,Marié,1,0
28,332000,,Indépendant,4560000,84,0,Bon,350000.0,Marié,4,1
36,390000,3.0,CDI,6290000,60,2,Bon,50000.0,Célibataire,0,1
48,279000,13.0,CDI,9530000,36,3,Bon,140000.0,Célibataire,1,0
48,146000,25.0,CDI,4000000,120,2,Bon,550000.0,Marié,1,1
23,361000,19.0,CDI,4880000,60,2,Bon,1540000.0,Célibataire,1,1
55,378000,18.0,CDD,8830000,24,0,Bon,140000.0,Marié,0,0
48,512000,26.0,CDI,6960000,60,2,Bon,940000.0,Marié,1,1
61,155000,14.0,CDI,2800000,36,4,Bon,830000.0,Marié,1,0
46,259000,4.0,CDI,7820000,60,1,Moyen,890000.0,Divorcé,1,0
46,457000,29.0,CDI,7370000,84,1,Bon,170000.0,Marié,1,1
41,102000,16.0,CDD,2000000,36,0,Moyen,270000.0,Marié,6,0
41,861000,0.0,CDD,26790000,24,1,Moyen,6490000.0,Célibataire,2,0
62,539000,17.0,CDI,7790000,84,1,Bon,800000.0,Marié,0,1
45,171000,27.0,CDD,3500000,24,1,Bon,580000.0,Célibataire,0,1
36,406000,7.0,CDI,13980000,84,1,Bon,2510000.0,Célibataire,2,1
62,734000,12.0,Indépendant,26820000,12,0,Mauvais,1220000.0,Marié,1,0
28,1045000,6.0,CDI,23360000,12,0,Bon,670000.0,Célibataire,1,0
53,188000,18.0,CDD,3720000,60,2,Bon,290000.0,Célibataire,2,1
46,173000,29.0,Indépendant,4270000,36,1,Moyen,1230000.0,Célibataire,2,0
25,610000,23.0,Fonctionnaire,5530000,120,2,Mauvais,180000.0,Marié,0,1
44,171000,16.0,CDD,5340000,60,1,Bon,60000.0,Célibataire,3,0
59,309000,4.0,CDD,4650000,36,2,Bon,490000.0,Célibataire,1,1
23,279000,15.0,CDI,3330000,60,3,Moyen,300000.0,Célibataire,2,1
43,600000,23.0,CDD,7750000,84,1,Bon,420000.0,Divorcé,3,1
64,258000,12.0,CDD,3010000,84,1,Bon,870000.0,Célibataire,2,1
63,131000,24.0,CDD,3940000,24,0,Moyen,10000.0,Célibataire,1,0
61,574000,14.0,CDI,17420000,84,0,Bon,4560000.0,Célibataire,0,1
50,188000,9.0,CDD,4610000,60,3,Bon,690000.0,Marié,1,0
30,518000,26.0,CDI,18650000,12,2,Bon,2900000.0,Marié,1,0
25,453000,21.0,CDI,12940000,24,1,,4940000.0,Marié,2,0
29,383000,27.0,CDD,1960000,120,1,Bon,480000.0,Marié,2,1
60,390000,20.0,CDI,6940000,12,0,Bon,2400000.0,Marié,0,0
57,263000,9.0,Indépendant,2560000,60,2,Mauvais,130000.0,Marié,3,0
62,214000,2.0,Fonctionnaire,7920000,12,2,Moyen,430000.0,Marié,1,0
56,228000,28.0,Indépendant,7780000,12,2,Bon,2660000.0,Célibataire,1,0
45,260000,15.0,CDD,7090000,60,1,Moyen,1180000.0,Marié,1,0
47,110000,,Indépendant,1970000,12,3,Bon,280000.0,Marié,4,0
29,263000,11.0,CDD,1570000,48,1,Moyen,400000.0,Célibataire,1,1
64,415000,27.0,CDI,3920000,36,1,Bon,1500000.0,Célibataire,1,1
48,393000,11.0,CDI,7850000,84,1,Moyen,,Marié,1,1
61,136000,4.0,CDI,1220000,60,0,Moyen,170000.0,Marié,1,1
58,238000,13.0,Indépendant,5830000,36,0,Moyen,2100000.0,Célibataire,0,0
26,254000,15.0,CDD,2500000,24,0,Mauvais,260000.0,Célibataire,1,0
42,424000,18.0,Indépendant,8760000,24,1,Bon,1800000.0,Célibataire,3,0
46,595000,12.0,CDD,8360000,84,1,Bon,1590000.0,Marié,6,1
28,170000,22.0,CDI,6340000,120,0,Moyen,180000.0,Divorcé,1,1
47,321000,1.0,Fonctionnaire,3760000,120,1,Bon,210000.0,Marié,3,1
53,431000,,Indépendant,8210000,60,2,Bon,1050000.0,Marié,0,1
26,666000,26.0,CDI,21030000,60,1,Mauvais,3790000.0,Marié,3,1
59,141000,6.0,Indépendant,3620000,60,2,Bon,1130000.0,Célibataire,2,1
39,211000,10.0,Fonctionnaire,5270000,84,0,Bon,530000.0,Célibataire,1,1
34,942000,12.0,CDI,33710000,120,0,Moyen,12620000.0,Marié,2,1
33,343000,21.0,CDI,12260000,120,0,,80000.0,Marié,4,1
25,399000,20.0,CDI,15130000,12,2,Bon,4280000.0,Marié,3,0
62,491000,8.0,CDI,19330000,24,0,Bon,4180000.0,Célibataire,3,0
26,462000,19.0,CDD,3120000,120,1,Moyen,760000.0,Marié,4,1
48,531000,29.0,Indépendant,3180000,12,3,Mauvais,1080000.0,Célibataire,2,1
43,355000,10.0,CDI,7240000,12,1,Mauvais,1470000.0,Célibataire,0,0
43,652000,4.0,CDI,22480000,36,1,Bon,2250000.0,Célibataire,1,0
53,589000,15.0,CDD,20990000,84,1,Bon,8370000.0,Marié,1,1
59,643000,16.0,CDI,23840000,84,0,Mauvais,7740000.0,Marié,3,1
34,481000,,CDI,14990000,36,0,Mauvais,5530000.0,Marié,1,1
53,401000,22.0,CDD,7770000,48,0,Mauvais,2080000.0,Marié,2,1
60,515000,1.0,Indépendant,14550000,36,2,Moyen,2690000.0,Marié,1,0
64,289000,13.0,CDI,9440000,24,0,Mauvais,2170000.0,Marié,2,0
57,407000,8.0,CDD,7680000,24,1,Bon,2690000.0,Marié,1,1
59,242000,24.0,Indépendant,7910000,12,1,Bon,2810000.0,Marié,1,0
36,413000,21.0,CDI,8370000,120,1,Moyen,3070000.0,Célibataire,1,1
54,438000,7.0,CDI,7940000,60,0,Moyen,1860000.0,Marié,1,1
26,445000,18.0,Indépendant,13060000,24,3,Moyen,4220000.0,Célibataire,2,0
25,221000,23.0,CDD,1160000,36,4,Bon,320000.0,Divorcé,1,1
49,130000,,Fonctionnaire,860000,120,0,Bon,,Célibataire,0,1
45,223000,13.0,Indépendant,7370000,60,2,Bon,2700000.0,Marié,1,0
46,634000,10.0,CDI,15830000,60,1,Bon,2080000.0,Marié,3,1
64,339000,2.0,Indépendant,2120000,12,2,Bon,130000.0,Célibataire,0,0
57,214000,11.0,CDD,2100000,60,0,Moyen,810000.0,Divorcé,1,1
29,354000,18.0,CDD,8390000,120,4,Moyen,490000.0,Marié,2,1
28,335000,5.0,CDD,9640000,60,2,Bon,2440000.0,Divorcé,1,1
58,595000,17.0,Indépendant,9770000,84,0,Moyen,2370000.0,Marié,0,1
42,263000,18.0,Indépendant,3510000,120,2,Bon,1140000.0,Célibataire,0,1
60,801000,11.0,CDI,26000000,12,1,Mauvais,4780000.0,Célibataire,5,0
55,172000,27.0,Fonctionnaire,4600000,84,2,Bon,430000.0,Célibataire,3,1
32,403000,8.0,CDI,11990000,24,1,Bon,3090000.0,Divorcé,0,0
57,477000,16.0,CDI,5500000,24,3,Bon,380000.0,Marié,0,1
44,334000,22.0,CDI,12540000,84,0,Bon,3430000.0,Marié,2,1
41,197000,14.0,Indépendant,2310000,12,0,Mauvais,120000.0,Célibataire,2,0
64,415000,3.0,CDD,4500000,12,2,Mauvais,1520000.0,Divorcé,4,0
27,237000,24.0,Indépendant,9300000,48,1,Mauvais,0.0,Célibataire,1,0
60,274000,3.0,Fonctionnaire,5720000,12,3,Bon,1060000.0,Marié,1,0
28,634000,8.0,Indépendant,15340000,12,4,Bon,2080000.0,Marié,3,0
22,336000,1.0,Indépendant,7660000,60,3,Mauvais,1530000.0,Marié,2,0
40,634000,27.0,CDI,17110000,60,2,Moyen,6440000.0,Célibataire,3,1
42,534000,3.0,Indépendant,12440000,12,1,Bon,4540000.0,Célibataire,3,0
51,228000,17.0,Indépendant,8900000,84,0,Bon,2920000.0,Marié,2,1
44,212000,29.0,CDI,4910000,120,1,Moyen,110000.0,Célibataire,1,1
23,571000,18.0,CDD,17380000,48,0,Bon,3120000.0,Marié,0,1
31,642000,3.0,Indépendant,18770000,120,1,,3000000.0,Marié,1,1
63,445000,23.0,CDI,13110000,36,1,Bon,340000.0,Célibataire,0,1
57,1080000,7.0,CDI,11550000,48,1,Bon,1560000.0,Marié,2,1
37,302000,23.0,CDD,11820000,24,1,Bon,4170000.0,Marié,3,0
48,310000,11.0,Indépendant,5550000,12,3,Mauvais,70000.0,Divorcé,2,0
63,513000,13.0,Fonctionnaire,18230000,60,3,Bon,6810000.0,Célibataire,1,1
49,204000,10.0,CDD,6080000,60,0,Bon,1840000.0,Divorcé,3,0
48,239000,15.0,CDI,5110000,48,1,Moyen,2010000.0,Marié,0,1
32,987000,1.0,Indépendant,24960000,24,1,Bon,9140000.0,Célibataire,0,1
37,281000,4.0,CDI,9440000,48,2,Bon,1680000.0,Marié,1,0
30,563000,8.0,CDD,16790000,120,2,Bon,2040000.0,Marié,1,1
44,216000,12.0,Fonctionnaire,2940000,36,0,Bon,640000.0,Marié,1,1
27,645000,5.0,CDD,17750000,36,2,Bon,,Célibataire,0,1
39,319000,15.0,Indépendant,4820000,60,0,Bon,1480000.0,Célibataire,4,1
58,642000,13.0,Indépendant,16040000,84,1,Bon,2740000.0,Divorcé,4,1
62,202000,21.0,Indépendant,7830000,24,1,Moyen,1160000.0,Célibataire,1,0
21,204000,11.0,Indépendant,4870000,48,0,Bon,1690000.0,Divorcé,4,0
42,185000,6.0,CDI,5950000,24,1,Moyen,70000.0,Divorcé,2,0
37,297000,29.0,CDI,10830000,60,2,Bon,800000.0,Célibataire,3,1
57,390000,,CDI,5350000,60,0,Bon,330000.0,Célibataire,1,1
57,412000,5.0,Indépendant,5920000,12,0,Bon,210000.0,Marié,2,0
46,257000,20.0,CDD,10240000,60,1,Moyen,2470000.0,Célibataire,1,0
56,314000,1.0,CDD,5810000,24,2,Bon,1250000.0,Marié,2,0
59,186000,29.0,Indépendant,6650000,48,2,Moyen,1130000.0,Marié,1,0
36,80000,17.0,Indépendant,2200000,48,1,Mauvais,840000.0,Divorcé,4,0
28,590000,27.0,CDI,20580000,48,1,Moyen,4800000.0,Célibataire,3,1
31,323000,20.0,CDI,7310000,120,1,Bon,850000.0,Marié,2,1
54,904000,10.0,Indépendant,26650000,84,1,Bon,5250000.0,Célibataire,1,1
42,571000,2.0,CDD,19190000,120,2,Bon,5500000.0,Célibataire,0,1
38,307000,2.0,CDI,9160000,120,1,Bon,710000.0,Célibataire,1,1
35,285000,19.0,Indépendant,9730000,36,1,Bon,2570000.0,Célibataire,2,0
38,562000,9.0,CDI,18110000,60,1,Moyen,3850000.0,Célibataire,1,1
53,175000,9.0,CDD,4160000,36,2,Mauvais,180000.0,Célibataire,3,0
23,145000,15.0,CDI,1000000,84,3,Bon,350000.0,Marié,1,1
35,296000,27.0,CDD,9760000,36,0,Mauvais,800000.0,Marié,3,0
37,200000,26.0,Indépendant,5000000,60,1,Mauvais,720000.0,Marié,0,0
57,622000,14.0,CDI,20530000,48,2,Bon,,Marié,1,1
35,193000,29.0,CDD,2230000,24,1,Bon,110000.0,Divorcé,3,1
38,335000,,Indépendant,10700000,12,0,Moyen,3290000.0,Marié,1,0
48,275000,21.0,Indépendant,4270000,36,1,Moyen,290000.0,Marié,1,0
56,283000,20.0,CDI,2320000,60,3,Bon,870000.0,Marié,0,1
40,269000,6.0,CDI,9020000,24,2,Bon,1170000.0,Marié,4,0
62,132000,7.0,Indépendant,4680000,12,0,Bon,290000.0,Célibataire,1,0
39,554000,20.0,CDD,6030000,48,4,Moyen,1390000.0,Marié,1,1
64,296000,9.0,CDD,8730000,24,0,Moyen,2580000.0,Marié,2,0
29,80000,17.0,Fonctionnaire,1230000,48,1,Bon,360000.0,Célibataire,1,1
27,292000,23.0,Indépendant,3600000,36,2,Bon,1220000.0,Divorcé,2,1
48,391000,9.0,CDI,5580000,120,0,Bon,510000.0,Marié,2,1
32,80000,21.0,CDD,740000,12,2,Bon,60000.0,Célibataire,1,0
38,233000,6.0,CDI,5870000,48,2,Moyen,410000.0,Marié,6,0
62,161000,12.0,CDI,2040000,48,0,Bon,150000.0,Divorcé,0,1
45,648000,24.0,CDD,13600000,24,0,Bon,2340000.0,Célibataire,1,1
36,521000,,CDD,4330000,12,1,Mauvais,520000.0,Célibataire,2,0
51,132000,25.0,CDI,4120000,12,2,Bon,1600000.0,Célibataire,1,0
59,149000,29.0,CDI,4250000,48,0,Bon,730000.0,Marié,2,1
45,501000,10.0,Fonctionnaire,3060000,48,2,Bon,950000.0,Célibataire,4,1
28,150000,20.0,Indépendant,1870000,60,0,Moyen,,Célibataire,1,1
55,455000,22.0,Fonctionnaire,12870000,84,0,Moyen,5010000.0,Marié,1,1
41,233000,11.0,CDD,4280000,60,0,Mauvais,1140000.0,Marié,0,1
33,127000,27.0,Indépendant,4650000,12,0,Bon,1740000.0,Marié,1,0
41,677000,12.0,CDI,8330000,84,1,Moyen,860000.0,Marié,0,1
42,249000,11.0,Fonctionnaire,4000000,120,1,Bon,860000.0,Marié,1,1
60,194000,11.0,Indépendant,7330000,48,1,Moyen,1520000.0,Marié,1,0
26,201000,27.0,Indépendant,2790000,84,0,Mauvais,60000.0,Marié,5,1
41,183000,22.0,CDD,7230000,12,1,Mauvais,2400000.0,Célibataire,1,0
26,194000,28.0,Indépendant,5270000,24,3,Moyen,1010000.0,Marié,5,0
61,165000,29.0,CDD,5030000,36,1,Bon,1410000.0,Marié,2,0
63,452000,17.0,CDD,5110000,12,1,Moyen,1070000.0,Marié,0,0
46,228000,4.0,Fonctionnaire,5630000,120,1,Moyen,1050000.0,Divorcé,3,1
25,128000,,Indépendant,2230000,84,2,Bon,840000.0,Marié,2,1
59,1197000,22.0,CDD,37210000,48,0,Bon,9900000.0,Marié,0,1
53,701000,13.0,CDD,21350000,36,1,Moyen,,Célibataire,1,0
60,160000,25.0,Indépendant,2550000,120,0,Bon,210000.0,Marié,1,1
40,321000,18.0,Indépendant,6110000,60,2,Bon,380000.0,Marié,2,1
55,196000,20.0,CDI,5870000,120,1,Bon,370000.0,Célibataire,3,1
49,320000,29.0,CDI,6370000,12,2,Bon,730000.0,Marié,2,0
24,551000,22.0,CDI,15520000,48,2,Bon,2320000.0,Célibataire,0,1
59,286000,18.0,CDI,11140000,84,0,Moyen,100000.0,Marié,1,1
26,80000,2.0,CDD,1970000,24,1,Moyen,590000.0,Divorcé,0,0
63,628000,25.0,Indépendant,10620000,84,2,Bon,510000.0,Marié,4,1
22,171000,26.0,CDI,4100000,84,1,Bon,420000.0,Célibataire,1,1
32,131000,2.0,CDI,3720000,60,1,Moyen,1210000.0,Célibataire,2,0
33,252000,20.0,CDD,4300000,24,5,Moyen,120000.0,Marié,1,0
43,236000,3.0,CDI,4010000,120,2,Moyen,700000.0,Marié,2,1
45,826000,19.0,Fonctionnaire,9530000,36,0,Moyen,2650000.0,Célibataire,0,1
57,387000,11.0,CDD,7600000,12,2,Bon,1190000.0,Divorcé,2,0
25,438000,16.0,CDD,13630000,24,4,Moyen,630000.0,Célibataire,0,0
47,80000,24.0,Indépendant,450000,48,0,Bon,90000.0,Célibataire,1,1
62,787000,22.0,CDI,29220000,48,0,Bon,2440000.0,Marié,1,1
26,120000,25.0,Fonctionnaire,2750000,60,1,Bon,320000.0,Marié,2,1
44,439000,0.0,Indépendant,3390000,12,1,Moyen,1050000.0,Marié,1,0
47,265000,20.0,CDD,5250000,12,0,Mauvais,2060000.0,Divorcé,1,0
51,663000,11.0,CDI,24800000,120,4,Bon,4040000.0,Marié,1,1
42,320000,17.0,Fonctionnaire,3260000,84,1,Mauvais,550000.0,Célibataire,0,1
60,355000,4.0,Fonctionnaire,11670000,84,1,Moyen,2380000.0,Célibataire,3,0
39,491000,1.0,CDI,19020000,36,1,Bon,3740000.0,Marié,1,0
60,249000,7.0,CDI,9110000,84,0,Bon,950000.0,Célibataire,2,1
23,794000,18.0,Fonctionnaire,15740000,120,4,Mauvais,2660000.0,Célibataire,1,1
23,432000,28.0,Indépendant,17090000,24,1,Moyen,2660000.0,Marié,3,0
34,312000,16.0,CDD,2310000,60,0,Bon,900000.0,Marié,1,1
42,444000,19.0,CDD,9070000,48,0,Moyen,1060000.0,Marié,0,1
26,134000,25.0,CDI,5040000,60,0,Bon,1630000.0,Marié,1,1
43,119000,5.0,CDI,750000,48,3,Mauvais,100000.0,Célibataire,2,0
58,573000,21.0,CDD,5690000,60,1,Moyen,1530000.0,Marié,3,1
55,526000,6.0,CDD,20900000,48,1,Bon,7300000.0,Marié,0,1
30,411000,1.0,Indépendant,15550000,120,1,Bon,2780000.0,Divorcé,3,1
61,234000,13.0,Fonctionnaire,8450000,120,2,Mauvais,2880000.0,Marié,1,1
39,275000,22.0,Indépendant,6590000,60,1,Bon,1950000.0,Célibataire,4,1
40,390000,1.0,CDI,11150000,12,0,Mauvais,3720000.0,Marié,0,0
61,213000,11.0,CDI,6880000,24,0,Bon,1130000.0,Marié,3,0
21,240000,6.0,Indépendant,2320000,48,2,Bon,630000.0,Célibataire,2,1
50,398000,25.0,Indépendant,7440000,84,0,Bon,2390000.0,Divorcé,0,1
24,244000,3.0,CDD,8840000,120,1,Bon,990000.0,Marié,2,1
62,439000,24.0,CDI,15250000,24,0,Bon,2260000.0,Célibataire,0,0
53,166000,0.0,CDI,1070000,60,3,Bon,360000.0,Marié,1,1
60,427000,3.0,CDI,16390000,24,1,Bon,4420000.0,Célibataire,1,0
24,467000,28.0,CDI,5050000,12,1,Moyen,1770000.0,Marié,0,1
30,195000,21.0,Fonctionnaire,2120000,84,3,Mauvais,490000.0,Marié,1,0
45,448000,3.0,Indépendant,15880000,120,1,Bon,4310000.0,Divorcé,2,1
59,198000,1.0,CDD,4530000,120,2,Bon,910000.0,Marié,0,1
42,345000,14.0,Indépendant,2010000,36,1,Mauvais,680000.0,Marié,0,1
47,235000,3.0,Indépendant,4230000,48,0,Mauvais,1200000.0,Célibataire,2,0
50,338000,23.0,Indépendant,8400000,24,2,Mauvais,1950000.0,Célibataire,1,0
45,103000,14.0,CDI,3170000,60,0,Moyen,440000.0,Marié,1,0
31,302000,12.0,Indépendant,2150000,60,2,Bon,680000.0,Divorcé,2,1
30,579000,22.0,CDD,15620000,24,0,Bon,1390000.0,Marié,0,1
51,306000,17.0,CDI,12130000,48,1,Moyen,1110000.0,Marié,1,0
40,419000,18.0,CDI,5530000,24,0,Bon,,Marié,2,1
23,284000,5.0,CDI,9870000,120,0,Bon,2450000.0,Marié,3,1
40,629000,12.0,CDI,5680000,84,2,Mauvais,1250000.0,Marié,2,1
28,338000,8.0,CDI,2730000,84,0,Bon,1000000.0,Célibataire,3,1
60,257000,14.0,Fonctionnaire,3090000,120,2,Bon,1040000.0,Célibataire,1,1
55,896000,22.0,CDI,8760000,84,1,Bon,1700000.0,Célibataire,3,1
56,487000,18.0,CDD,7150000,84,1,Bon,1150000.0,Marié,1,1
28,425000,9.0,CDI,15830000,120,0,Mauvais,2590000.0,Célibataire,2,1
47,161000,19.0,Fonctionnaire,5870000,84,2,Moyen,2260000.0,Divorcé,2,1
52,176000,19.0,Indépendant,3610000,120,2,Bon,280000.0,Marié,1,1
26,149000,12.0,CDI,3100000,60,3,Bon,40000.0,Célibataire,1,1
53,537000,16.0,Indépendant,12680000,120,0,Bon,4130000.0,Célibataire,1,1
60,575000,11.0,Indépendant,16320000,60,0,Bon,4360000.0,Marié,4,1
24,772000,,CDD,12600000,36,2,Moyen,3840000.0,Marié,2,1
38,212000,18.0,CDI,4270000,24,1,Bon,980000.0,Célibataire,1,1
51,687000,21.0,CDD,7050000,120,1,Moyen,470000.0,Marié,3,1
61,244000,7.0,Indépendant,7250000,36,4,Moyen,1960000.0,Célibataire,0,0
42,190000,3.0,CDD,3130000,24,0,Bon,1120000.0,Marié,0,1
58,80000,22.0,Fonctionnaire,2020000,84,0,Moyen,30000.0,Célibataire,3,1
56,438000,0.0,Fonctionnaire,13400000,60,3,Moyen,4100000.0,Célibataire,1,0
28,145000,19.0,Indépendant,1710000,84,2,Bon,470000.0,Célibataire,2,1
21,344000,14.0,CDD,7080000,60,2,Mauvais,1710000.0,Marié,3,0
24,376000,1.0,CDI,11060000,24,4,Bon,2580000.0,Célibataire,0,0
53,258000,6.0,CDI,10040000,48,1,Bon,1540000.0,Célibataire,0,0
30,172000,7.0,CDI,4980000,60,1,Bon,660000.0,Marié,0,1
50,392000,,CDI,9440000,60,2,Bon,2850000.0,Divorcé,2,1
26,513000,,CDI,10940000,12,0,Bon,2250000.0,Marié,0,0
33,610000,1.0,CDD,20460000,12,3,Moyen,3430000.0,Marié,0,0
63,585000,28.0,Fonctionnaire,17470000,12,0,Bon,4930000.0,Célibataire,2,0
52,80000,4.0,CDI,2210000,36,1,Bon,130000.0,Célibataire,0,0
45,510000,17.0,Indépendant,9020000,120,0,Moyen,1580000.0,Marié,0,1
22,415000,5.0,Fonctionnaire,9540000,60,0,Moyen,2680000.0,Divorcé,2,1
61,271000,17.0,Indépendant,8060000,12,1,Moyen,910000.0,Marié,3,0
41,86000,28.0,CDI,2200000,120,1,Moyen,760000.0,Marié,2,1
41,1042000,8.0,CDI,27600000,84,1,Moyen,5710000.0,Marié,0,1
40,340000,29.0,CDD,1910000,24,0,Bon,510000.0,Célibataire,0,1
25,597000,9.0,CDD,5470000,84,0,Moyen,2110000.0,Divorcé,0,1
52,263000,6.0,Fonctionnaire,6110000,84,1,Bon,2050000.0,Célibataire,3,1
32,170000,14.0,CDI,2510000,60,1,Moyen,490000.0,Célibataire,1,1
58,232000,23.0,CDD,3220000,12,0,Moyen,970000.0,Marié,0,0
57,200000,2.0,CDI,3790000,60,1,Bon,940000.0,Célibataire,3,1
47,231000,9.0,Indépendant,4300000,48,2,Moyen,1540000.0,Marié,0,1
30,117000,6.0,CDD,4070000,12,1,Bon,1180000.0,Célibataire,5,0
47,256000,16.0,Indépendant,8930000,60,2,Mauvais,1680000.0,Célibataire,1,0
43,1024000,17.0,CDD,11460000,120,0,Bon,2240000.0,Célibataire,0,1
55,448000,20.0,CDI,6920000,48,1,Bon,350000.0,Célibataire,1,1
51,499000,25.0,Fonctionnaire,14480000,36,1,Moyen,1870000.0,Marié,0,1
60,537000,21.0,CDD,16050000,36,1,Moyen,3520000.0,Marié,0,0
44,241000,29.0,CDI,8530000,60,3,Bon,3000000.0,Célibataire,2,1
49,343000,9.0,CDI,9920000,84,2,Mauvais,2060000.0,Célibataire,0,0
55,108000,6.0,CDD,3230000,120,1,Bon,1000000.0,Divorcé,1,1
36,283000,17.0,Indépendant,8190000,60,0,Bon,2650000.0,Divorcé,3,1
43,421000,13.0,Indépendant,4370000,36,0,Mauvais,940000.0,Célibataire,0,1
33,183000,1.0,Fonctionnaire,6430000,84,2,Bon,200000.0,Marié,1,0
46,745000,1.0,Fonctionnaire,15600000,60,2,Bon,2610000.0,Célibataire,1,1
22,376000,28.0,CDD,12260000,48,0,Bon,2390000.0,Divorcé,0,1
28,1116000,19.0,CDI,7280000,36,2,Bon,20000.0,Célibataire,3,1
24,351000,0.0,CDI,13290000,60,1,Bon,220000.0,Célibataire,0,0
29,168000,25.0,CDD,5810000,24,0,Bon,2220000.0,Célibataire,1,0
23,376000,15.0,Indépendant,10140000,60,1,Bon,880000.0,Marié,0,1
51,973000,15.0,CDD,27550000,12,2,Bon,8070000.0,Marié,2,0
30,235000,8.0,CDI,2300000,48,2,Bon,770000.0,Marié,0,1
23,415000,15.0,Indépendant,5670000,24,2,Bon,50000.0,Marié,4,1
26,220000,10.0,Indépendant,5310000,12,1,Mauvais,1250000.0,Marié,0,0
60,367000,18.0,CDI,10190000,48,1,Mauvais,310000.0,Marié,0,0
43,475000,23.0,CDD,8180000,36,1,,970000.0,Marié,1,1
55,493000,23.0,CDD,7610000,120,0,Moyen,1560000.0,Marié,3,1
26,128000,20.0,Indépendant,2680000,24,1,Bon,780000.0,Marié,2,0
32,251000,,CDI,8830000,84,1,,740000.0,Marié,2,1
51,216000,19.0,Indépendant,3040000,36,1,Moyen,130000.0,Marié,1,1
56,246000,25.0,Fonctionnaire,2200000,120,0,Mauvais,410000.0,Célibataire,2,1
33,326000,13.0,Indépendant,11340000,48,1,Moyen,2280000.0,Marié,1,0
33,158000,8.0,CDI,3460000,120,0,Mauvais,100000.0,Célibataire,2,0
46,304000,26.0,CDI,4970000,48,1,Bon,450000.0,Marié,0,1
22,207000,7.0,CDD,5960000,60,0,Bon,1720000.0,Marié,3,1
42,280000,26.0,CDI,8960000,120,1,Bon,1220000.0,Marié,2,1
29,400000,21.0,CDD,10960000,48,1,Moyen,550000.0,Célibataire,1,0
48,388000,1.0,CDD,7100000,60,2,Mauvais,1050000.0,Marié,1,0
61,202000,1.0,CDD,7920000,12,2,Bon,2150000.0,Divorcé,0,0
30,689000,13.0,CDI,15470000,24,4,Bon,1840000.0,Célibataire,2,0
42,80000,11.0,CDI,2670000,24,0,Moyen,160000.0,Marié,3,0
38,328000,7.0,CDD,3100000,36,3,Moyen,390000.0,Marié,2,1
38,172000,10.0,CDD,1640000,48,1,Moyen,160000.0,Marié,0,1
48,109000,27.0,Indépendant,2690000,12,1,Mauvais,840000.0,Célibataire,3,0
49,265000,2.0,CDI,5080000,12,2,Moyen,170000.0,Célibataire,1,0
47,676000,27.0,CDD,14280000,120,2,Moyen,3280000.0,Célibataire,3,1
31,246000,19.0,Indépendant,1940000,120,0,Bon,520000.0,Marié,3,1
24,146000,18.0,Indépendant,3510000,120,1,Bon,610000.0,Marié,2,1
57,80000,13.0,Indépendant,430000,120,1,Moyen,80000.0,Célibataire,3,1
64,358000,24.0,CDI,7060000,12,0,Bon,390000.0,Célibataire,2,0
47,483000,24.0,CDD,15550000,24,1,Bon,560000.0,Célibataire,1,0
60,306000,3.0,CDI,4110000,84,0,Bon,450000.0,Célibataire,2,1
23,288000,14.0,CDI,1940000,60,1,,740000.0,Célibataire,0,1
47,554000,15.0,CDD,3930000,60,2,Moyen,820000.0,Célibataire,2,1
43,260000,17.0,Indépendant,5700000,48,0,Bon,960000.0,Célibataire,6,1
22,554000,19.0,Fonctionnaire,3180000,60,2,Moyen,960000.0,Marié,1,1
63,715000,10.0,CDI,25950000,12,0,Bon,2660000.0,Marié,2,0
23,243000,27.0,CDI,8740000,84,3,Bon,2700000.0,Marié,2,1
60,689000,8.0,CDI,18550000,24,1,Bon,5170000.0,Célibataire,3,0
50,403000,26.0,CDD,6610000,36,2,Bon,1370000.0,Célibataire,0,1
33,517000,26.0,CDI,12580000,120,1,Bon,4510000.0,Marié,1,1
28,700000,3.0,Fonctionnaire,16670000,48,0,Moyen,5710000.0,Célibataire,2,1
39,80000,28.0,CDI,2950000,48,1,Bon,700000.0,Marié,1,1
45,152000,10.0,Fonctionnaire,3320000,12,3,Bon,490000.0,Marié,2,0
28,381000,26.0,CDI,10080000,84,1,Bon,230000.0,Marié,0,1
56,342000,0.0,Indépendant,7190000,84,1,Moyen,120000.0,Marié,2,1
49,368000,15.0,Fonctionnaire,12630000,24,0,Moyen,270000.0,Célibataire,3,0
53,361000,2.0,Indépendant,7550000,36,3,Bon,770000.0,Marié,3,0
46,660000,7.0,Fonctionnaire,13770000,12,4,Bon,1160000.0,Célibataire,0,0
64,340000,26.0,Indépendant,2710000,48,2,Bon,520000.0,Marié,0,1
42,186000,0.0,CDI,6480000,24,2,Bon,2440000.0,Célibataire,0,0
25,237000,5.0,CDI,8860000,12,1,Moyen,820000.0,Célibataire,2,0
55,306000,14.0,CDI,10940000,48,4,Mauvais,4060000.0,Marié,1,0
21,162000,28.0,Indépendant,2180000,120,3,Moyen,190000.0,Marié,1,1
56,293000,,Indépendant,3460000,36,3,Mauvais,950000.0,Marié,2,0
47,366000,8.0,CDI,9320000,48,1,Moyen,1790000.0,Marié,2,0
41,387000,22.0,CDD,13670000,12,0,Moyen,1150000.0,Célibataire,2,0
31,144000,17.0,CDI,4820000,84,0,Mauvais,120000.0,Célibataire,1,0
22,386000,5.0,Indépendant,8650000,48,0,Mauvais,3460000.0,Célibataire,2,0
22,281000,9.0,CDI,8060000,24,1,Bon,920000.0,Célibataire,4,0
31,605000,17.0,CDD,10590000,36,1,,460000.0,Marié,3,1
29,213000,19.0,CDD,4310000,24,0,Mauvais,1430000.0,Marié,3,0
22,229000,14.0,CDD,3750000,24,3,Moyen,150000.0,Célibataire,1,0
56,633000,,Indépendant,7540000,12,0,Mauvais,260000.0,Marié,1,0
24,366000,27.0,CDD,13670000,48,1,Bon,1790000.0,Marié,1,1
35,317000,11.0,CDI,4010000,120,1,Moyen,170000.0,Divorcé,0,1
38,80000,2.0,Fonctionnaire,1870000,60,2,Bon,470000.0,Célibataire,1,1
47,600000,29.0,Indépendant,10130000,12,0,Bon,560000.0,Célibataire,1,0
50,310000,28.0,CDD,3570000,120,0,Bon,290000.0,Célibataire,0,1
63,399000,13.0,CDI,10800000,48,1,Bon,4260000.0,Marié,2,1
28,366000,26.0,CDD,3760000,48,1,Bon,650000.0,Marié,1,1
39,1035000,8.0,Fonctionnaire,27440000,48,2,Mauvais,5050000.0,Marié,2,1
40,554000,0.0,CDD,8180000,48,1,Bon,450000.0,Marié,2,1
64,144000,15.0,CDI,1780000,24,0,Bon,550000.0,Divorcé,1,1
51,628000,21.0,CDI,21110000,48,0,Bon,7860000.0,Marié,3,1
49,216000,19.0,Indépendant,8290000,24,2,Bon,1980000.0,Célibataire,0,0
38,630000,8.0,CDI,4660000,12,1,Mauvais,1060000.0,Divorcé,2,1
62,199000,17.0,Fonctionnaire,1690000,60,2,Bon,310000.0,Célibataire,3,1
41,514000,28.0,Indépendant,16360000,60,0,Moyen,5890000.0,Marié,1,1
53,155000,27.0,CDI,1210000,24,3,Moyen,260000.0,Marié,1,1
30,564000,25.0,CDD,5890000,48,0,Mauvais,1940000.0,Marié,3,1
33,182000,15.0,CDI,1160000,24,1,Bon,250000.0,Divorcé,3,1
34,143000,25.0,CDI,3720000,120,2,Moyen,1320000.0,Célibataire,1,1
37,382000,16.0,Indépendant,8450000,120,2,Bon,2570000.0,Célibataire,1,1
38,290000,7.0,CDI,11090000,48,2,Bon,2220000.0,Célibataire,1,0
53,837000,8.0,CDI,12880000,36,4,Mauvais,3630000.0,Célibataire,1,1
32,240000,5.0,CDI,9590000,120,0,Bon,3070000.0,Marié,2,1
54,179000,7.0,CDI,2480000,60,0,Mauvais,20000.0,Marié,0,1
29,341000,15.0,CDI,6250000,84,3,Bon,850000.0,Marié,2,1
51,344000,18.0,Indépendant,9060000,48,0,Mauvais,100000.0,Célibataire,3,0
52,387000,18.0,Fonctionnaire,5770000,12,3,Bon,720000.0,Célibataire,1,0
22,463000,11.0,CDI,4800000,12,2,Bon,450000.0,Marié,4,0
27,254000,11.0,CDD,2570000,120,1,,240000.0,Divorcé,1,1
63,139000,21.0,Indépendant,4140000,120,3,Mauvais,760000.0,Marié,2,0
22,210000,25.0,Fonctionnaire,1760000,48,1,Moyen,,Marié,4,1
49,706000,11.0,CDD,15160000,60,1,Bon,3300000.0,Divorcé,0,1
38,322000,3.0,CDD,8160000,24,1,Bon,3180000.0,Divorcé,0,0
45,185000,2.0,Fonctionnaire,7390000,36,2,Moyen,2470000.0,Marié,2,0
59,200000,24.0,CDD,2780000,12,1,Bon,920000.0,Marié,0,0
50,178000,28.0,CDI,2970000,36,0,Moyen,930000.0,Marié,2,1
46,286000,11.0,CDD,7280000,60,1,Mauvais,2390000.0,Marié,2,0
37,92000,23.0,Indépendant,1050000,24,0,Bon,120000.0,Divorcé,2,1
27,339000,22.0,CDI,2100000,120,2,Bon,430000.0,Célibataire,2,1
51,197000,28.0,CDI,7240000,12,4,Bon,1760000.0,Célibataire,0,0
31,507000,11.0,Indépendant,19810000,48,2,Moyen,1930000.0,Célibataire,1,0
53,337000,,Indépendant,3630000,48,2,Moyen,260000.0,Célibataire,1,1
35,291000,26.0,Indépendant,2310000,60,2,Bon,360000.0,Marié,2,1
39,313000,28.0,CDI,10550000,84,0,Moyen,2220000.0,Marié,1,1
54,407000,22.0,CDD,15900000,24,2,Mauvais,4470000.0,Marié,1,0
64,680000,17.0,Indépendant,7940000,12,2,Moyen,0.0,Marié,0,0
54,398000,23.0,CDD,8890000,120,1,Bon,830000.0,Célibataire,0,1
36,80000,22.0,CDI,2810000,84,1,Bon,930000.0,Célibataire,1,1
48,547000,10.0,CDD,10360000,36,1,Bon,2430000.0,Marié,3,1
50,115000,25.0,CDI,2330000,12,3,Bon,820000.0,Marié,2,0
61,702000,28.0,Fonctionnaire,18440000,120,1,Mauvais,4230000.0,Marié,0,1
59,205000,5.0,CDD,3100000,84,6,Mauvais,720000.0,Marié,1,0
21,335000,13.0,CDI,4180000,84,4,Bon,660000.0,Marié,2,1
41,282000,18.0,CDD,6040000,48,0,Bon,960000.0,Marié,3,1
22,415000,15.0,CDI,4460000,84,0,Moyen,630000.0,Célibataire,2,1
62,372000,5.0,Indépendant,9850000,12,2,Bon,2170000.0,Célibataire,2,0
63,778000,27.0,CDD,19450000,84,1,Moyen,7470000.0,Célibataire,1,1
62,244000,7.0,CDI,1590000,48,1,Bon,200000.0,Marié,0,1
32,80000,11.0,CDD,610000,24,0,Moyen,90000.0,Célibataire,3,1
61,129000,15.0,CDI,3910000,120,3,Bon,,Marié,0,1
33,496000,4.0,CDD,3830000,12,1,Mauvais,740000.0,Célibataire,1,0
58,340000,17.0,CDI,13070000,60,2,Moyen,560000.0,Célibataire,2,0
34,506000,7.0,Fonctionnaire,16620000,24,0,Bon,6650000.0,Marié,0,0
30,836000,2.0,Fonctionnaire,26550000,120,1,Moyen,3860000.0,Célibataire,0,1
59,221000,5.0,Indépendant,4770000,60,1,Bon,1770000.0,Marié,1,1
51,736000,0.0,Fonctionnaire,13060000,120,2,Bon,3150000.0,Célibataire,2,1
34,1003000,7.0,Indépendant,9730000,12,1,Bon,1880000.0,Marié,1,1
22,94000,9.0,CDI,2610000,84,1,Bon,1030000.0,Célibataire,0,1
62,634000,18.0,CDD,24860000,84,0,Bon,4100000.0,Célibataire,1,1
57,311000,29.0,CDD,4650000,84,1,Bon,1160000.0,Célibataire,0,1
31,577000,26.0,Indépendant,13370000,36,0,Bon,2280000.0,Célibataire,1,1
57,437000,25.0,CDD,13150000,120,0,Moyen,1230000.0,Marié,1,1
52,403000,,CDI,4290000,24,2,Mauvais,1010000.0,Célibataire,1,0
40,413000,28.0,CDD,9220000,120,2,Bon,1670000.0,Célibataire,1,1
32,80000,18.0,Indépendant,2950000,60,2,Moyen,250000.0,Célibataire,1,0
27,121000,27.0,CDI,3830000,24,1,Bon,1460000.0,Célibataire,1,0
26,153000,18.0,CDI,2570000,60,3,Mauvais,380000.0,Célibataire,2,0
58,249000,5.0,CDI,9680000,36,2,Mauvais,1780000.0,Marié,1,0
56,489000,26.0,CDD,13400000,36,0,Mauvais,1070000.0,Célibataire,0,0
27,98000,8.0,Indépendant,680000,24,1,Moyen,220000.0,Marié,2,0
52,140000,15.0,CDI,5180000,48,1,Bon,1770000.0,Marié,0,0
63,80000,29.0,Fonctionnaire,2720000,12,2,Bon,1020000.0,Marié,1,0
53,234000,28.0,CDI,1450000,120,0,Moyen,490000.0,Célibataire,4,1
56,245000,23.0,Indépendant,1810000,36,2,Bon,660000.0,Célibataire,0,1
48,462000,23.0,CDI,15220000,24,0,Moyen,4970000.0,Célibataire,0,0
34,340000,17.0,CDD,7510000,48,1,Moyen,2320000.0,Célibataire,1,1
24,702000,16.0,CDI,17960000,84,1,Bon,420000.0,Marié,0,1
32,80000,6.0,CDD,2180000,120,3,,210000.0,Célibataire,4,0
38,122000,4.0,Indépendant,1410000,84,0,Bon,,Marié,1,1
30,187000,15.0,Indépendant,1970000,60,2,Bon,40000.0,Célibataire,0,1
32,232000,3.0,CDD,7320000,84,2,Mauvais,2230000.0,Célibataire,1,0
64,415000,27.0,CDI,6950000,36,1,Bon,2150000.0,Célibataire,1,1
22,349000,3.0,CDD,10420000,24,2,Mauvais,4020000.0,Célibataire,5,0
56,525000,11.0,CDI,4070000,24,0,Mauvais,40000.0,Divorcé,3,0
30,80000,24.0,Indépendant,1170000,84,0,Bon,,Marié,3,1
64,416000,15.0,CDI,7980000,84,2,Mauvais,2740000.0,Marié,4,1
50,409000,22.0,Indépendant,3990000,24,1,Moyen,730000.0,Célibataire,3,1
37,148000,7.0,CDI,5290000,60,2,Bon,2010000.0,Marié,2,0
42,180000,3.0,CDD,5000000,12,0,Moyen,1270000.0,Marié,3,0
57,111000,13.0,CDD,1970000,84,0,Bon,330000.0,Divorcé,3,1
32,369000,5.0,CDI,1920000,12,2,Bon,740000.0,Célibataire,4,1
53,439000,6.0,Indépendant,6670000,120,0,Bon,300000.0,Marié,2,1
52,515000,13.0,CDI,8540000,120,1,Bon,1030000.0,Marié,1,1
36,185000,25.0,Indépendant,4610000,60,2,Bon,1670000.0,Célibataire,3,1
43,308000,27.0,Fonctionnaire,4980000,36,2,Bon,560000.0,Célibataire,1,1
46,376000,2.0,CDD,13870000,24,2,Bon,2430000.0,Divorcé,0,0
35,379000,12.0,Fonctionnaire,13390000,84,2,Bon,2590000.0,Marié,3,1
51,248000,19.0,Indépendant,6860000,84,2,Bon,1150000.0,Marié,0,1
57,1096000,4.0,CDI,19700000,12,0,Moyen,7250000.0,Marié,2,0
30,674000,10.0,CDD,19950000,12,0,Bon,6420000.0,Marié,2,0
41,314000,29.0,CDI,11170000,24,1,Bon,3850000.0,Célibataire,3,0
59,334000,25.0,CDI,1720000,24,0,Moyen,580000.0,Divorcé,1,1
56,332000,17.0,CDD,9200000,12,3,Bon,2810000.0,Célibataire,3,0
44,410000,27.0,Indépendant,14330000,48,0,Moyen,,Marié,1,1
27,80000,27.0,CDD,2090000,24,1,Bon,310000.0,Célibataire,2,0
44,357000,23.0,CDI,2960000,48,2,Moyen,,Célibataire,2,1
40,509000,4.0,Indépendant,6980000,120,2,Bon,1180000.0,Marié,0,1
64,251000,1.0,CDD,9080000,12,1,Bon,2710000.0,Célibataire,2,0
25,1241000,7.0,Indépendant,20520000,12,1,Bon,7170000.0,Marié,0,1
25,361000,21.0,CDD,3990000,84,2,Bon,450000.0,Divorcé,1,1
36,556000,22.0,CDI,13800000,12,2,Bon,4710000.0,Marié,2,0
40,546000,2.0,Indépendant,20540000,84,2,Bon,4430000.0,Marié,2,1
44,1371000,9.0,Fonctionnaire,43340000,36,0,Bon,12880000.0,Marié,3,1
64,709000,7.0,Indépendant,5880000,84,0,Bon,2230000.0,Divorcé,2,1
24,251000,1.0,CDD,4310000,24,0,Bon,1370000.0,Marié,0,0
25,356000,9.0,CDI,6790000,84,1,Mauvais,1190000.0,Célibataire,0,1
29,562000,20.0,CDD,6700000,60,4,Bon,2220000.0,Marié,1,1
39,337000,1.0,CDD,4150000,24,1,Mauvais,840000.0,Marié,5,0
55,95000,1.0,Indépendant,2080000,84,2,Bon,770000.0,Divorcé,2,0
64,231000,15.0,CDI,3390000,60,1,Bon,760000.0,Célibataire,1,1
28,215000,13.0,CDD,8060000,36,1,Bon,1970000.0,Marié,1,0
48,515000,,CDD,12010000,84,0,Mauvais,440000.0,Célibataire,1,1
44,479000,25.0,CDI,10660000,120,1,Moyen,3140000.0,Marié,2,1
53,178000,26.0,CDI,3110000,36,1,Bon,1060000.0,Marié,1,1
40,134000,22.0,CDD,1810000,48,2,Mauvais,680000.0,Célibataire,2,0
47,213000,27.0,Indépendant,1640000,24,0,Mauvais,20000.0,Célibataire,0,1
41,256000,24.0,CDD,2790000,120,2,Bon,540000.0,Célibataire,1,1
45,281000,11.0,CDI,9850000,24,2,Bon,1820000.0,Marié,5,0
59,480000,0.0,Indépendant,18040000,60,2,Mauvais,6110000.0,Célibataire,1,0
32,374000,17.0,CDI,7500000,84,1,Bon,1320000.0,Marié,2,1
61,146000,7.0,Indépendant,5080000,48,1,Mauvais,960000.0,Célibataire,0,0
47,439000,24.0,CDD,12870000,12,1,Bon,4390000.0,Marié,1,0
30,392000,5.0,Indépendant,15440000,24,0,Mauvais,5950000.0,Marié,3,0
21,313000,6.0,CDI,6390000,60,1,Bon,2330000.0,Divorcé,0,1
38,743000,7.0,Indépendant,24440000,12,0,Bon,7980000.0,Célibataire,0,0
24,404000,18.0,CDD,7040000,24,0,Mauvais,2780000.0,Célibataire,0,0
39,559000,24.0,CDI,9540000,36,1,Bon,690000.0,Célibataire,2,1
36,700000,19.0,CDD,10270000,48,1,Bon,3770000.0,Divorcé,3,1
62,80000,15.0,CDD,620000,60,0,Mauvais,90000.0,Célibataire,0,1
26,236000,1.0,CDI,8190000,12,2,Mauvais,1770000.0,Marié,0,0
24,241000,12.0,Fonctionnaire,3680000,60,3,Bon,400000.0,Marié,4,1
58,211000,21.0,CDD,8340000,120,0,Bon,2870000.0,Célibataire,2,1
22,149000,26.0,CDI,5570000,48,0,Mauvais,1690000.0,Célibataire,1,0
33,102000,7.0,Indépendant,570000,60,1,Bon,120000.0,Marié,2,1
24,217000,26.0,CDI,4700000,84,1,Moyen,1290000.0,Célibataire,3,1
33,321000,19.0,Fonctionnaire,2000000,48,3,Bon,300000.0,Marié,2,1
61,349000,10.0,Fonctionnaire,11490000,84,1,Bon,2460000.0,Marié,2,1
36,84000,10.0,Indépendant,1880000,48,0,Bon,700000.0,Marié,1,1
37,184000,5.0,Indépendant,5650000,60,2,Bon,1600000.0,Célibataire,1,0
48,446000,2.0,Indépendant,7200000,48,0,Bon,1390000.0,Marié,2,1
54,360000,27.0,CDI,5070000,36,0,Bon,440000.0,Marié,0,1
42,456000,17.0,CDI,13260000,12,0,Bon,910000.0,Divorcé,0,0
46,486000,,CDI,16640000,48,0,Mauvais,2520000.0,Célibataire,2,1
64,372000,14.0,Fonctionnaire,14170000,84,1,Bon,5130000.0,Marié,2,1
55,593000,3.0,Indépendant,18900000,36,3,Moyen,4530000.0,Divorcé,2,0
44,577000,12.0,CDD,16440000,48,0,Moyen,6510000.0,Marié,0,1
40,212000,28.0,Fonctionnaire,7090000,120,1,Bon,2780000.0,Marié,1,1
64,441000,5.0,Indépendant,16700000,36,4,Bon,4100000.0,Célibataire,1,0
35,430000,16.0,CDD,12660000,36,1,Moyen,1270000.0,Marié,0,0
32,354000,15.0,CDI,13550000,120,1,Bon,580000.0,Célibataire,0,1
52,114000,15.0,Fonctionnaire,4240000,36,2,Bon,480000.0,Marié,2,0
46,380000,21.0,Fonctionnaire,5090000,36,0,Mauvais,420000.0,Célibataire,0,1
26,179000,14.0,CDD,6610000,60,3,Bon,290000.0,Marié,1,0
42,212000,13.0,CDI,4540000,36,0,Bon,1180000.0,Marié,1,1
39,276000,,Fonctionnaire,2590000,60,1,Moyen,90000.0,Marié,1,1
33,524000,0.0,CDI,13940000,36,0,Moyen,4130000.0,Célibataire,2,0
50,349000,29.0,CDD,6440000,120,0,Mauvais,1120000.0,Célibataire,2,1
63,456000,27.0,Fonctionnaire,5340000,36,1,Bon,1280000.0,Célibataire,0,1
43,196000,22.0,CDI,3860000,24,1,Bon,220000.0,Célibataire,1,1
41,254000,16.0,Indépendant,3690000,120,0,Bon,350000.0,Marié,1,1
47,137000,15.0,CDI,3630000,48,3,Bon,390000.0,Marié,1,1
26,209000,28.0,CDD,3760000,12,2,Bon,190000.0,Marié,2,0
45,255000,26.0,Indépendant,3750000,60,0,Moyen,160000.0,Marié,1,1
38,402000,9.0,CDD,5570000,84,1,Moyen,930000.0,Marié,0,1
54,757000,0.0,CDD,25030000,24,0,Bon,50000.0,Marié,1,0
49,314000,21.0,CDD,9320000,120,0,Bon,2470000.0,Célibataire,1,1
43,256000,28.0,Fonctionnaire,6060000,60,0,Moyen,2300000.0,Célibataire,1,1
21,86000,22.0,CDD,920000,12,0,Bon,330000.0,Divorcé,1,0
51,454000,29.0,Indépendant,17390000,36,0,Moyen,5390000.0,Célibataire,0,0
21,220000,12.0,Fonctionnaire,1630000,36,2,Moyen,60000.0,Marié,0,1
27,88000,15.0,CDD,3260000,84,0,Mauvais,310000.0,Marié,1,0
57,213000,12.0,CDD,4070000,36,5,Bon,1240000.0,Célibataire,4,0
57,81000,23.0,CDI,2840000,12,0,Moyen,690000.0,Marié,1,0
63,483000,13.0,CDI,15140000,36,1,Bon,4000000.0,Célibataire,1,1
50,133000,15.0,Indépendant,4270000,48,2,Mauvais,1270000.0,Marié,2,0
55,610000,5.0,Indépendant,8580000,48,0,Bon,2680000.0,Marié,0,1
24,294000,6.0,CDI,3340000,84,1,Bon,340000.0,Marié,1,1
25,112000,4.0,Indépendant,760000,60,1,Bon,280000.0,Célibataire,3,1
37,262000,24.0,CDI,9380000,84,0,Bon,2360000.0,Marié,1,1
44,153000,26.0,Indépendant,2140000,48,0,Bon,730000.0,Célibataire,1,1
21,491000,21.0,CDI,16120000,12,1,Bon,2810000.0,Divorcé,0,0
30,382000,24.0,Indépendant,5810000,36,0,Moyen,340000.0,Marié,2,1
31,850000,29.0,CDI,30690000,120,0,Moyen,7780000.0,Marié,1,1
58,80000,1.0,CDI,2160000,120,2,Mauvais,140000.0,Célibataire,4,0
59,242000,22.0,CDI,1460000,60,2,Mauvais,,Marié,1,1
52,309000,5.0,CDI,12080000,60,1,Bon,1170000.0,Célibataire,4,0
23,105000,25.0,CDI,710000,12,3,,100000.0,Marié,3,1
40,131000,12.0,CDD,3390000,12,1,Moyen,540000.0,Marié,2,0
24,665000,11.0,CDI,6860000,84,3,Mauvais,2170000.0,Marié,3,1
34,639000,23.0,CDD,20240000,48,0,Moyen,1090000.0,Marié,2,1
62,431000,18.0,CDI,9460000,24,0,Bon,3020000.0,Divorcé,2,1
48,488000,6.0,CDI,18980000,12,1,Moyen,5400000.0,Marié,1,0
27,297000,,CDD,2930000,120,0,Bon,540000.0,Marié,0,1
53,292000,29.0,CDI,5670000,60,1,Moyen,1120000.0,Marié,2,1
42,731000,10.0,CDI,18930000,120,1,Mauvais,1750000.0,Célibataire,2,1
24,166000,20.0,Fonctionnaire,3340000,12,4,Bon,740000.0,Célibataire,1,0
48,113000,25.0,Fonctionnaire,3250000,120,1,Moyen,350000.0,Marié,3,1
47,309000,15.0,CDI,5330000,48,3,Mauvais,1000000.0,Marié,0,0
37,337000,23.0,CDD,7880000,12,0,Moyen,3020000.0,Célibataire,0,0
28,457000,14.0,Fonctionnaire,14310000,120,1,Bon,400000.0,Marié,2,1
59,416000,18.0,CDI,4240000,24,0,Mauvais,1450000.0,Célibataire,2,1
54,369000,23.0,CDI,3140000,120,2,Moyen,540000.0,Marié,3,1
44,376000,3.0,CDI,2690000,12,2,Bon,520000.0,Marié,0,1
43,159000,13.0,CDI,2390000,84,2,Mauvais,490000.0,Divorcé,0,0
49,88000,17.0,Fonctionnaire,1410000,60,2,Bon,530000.0,Célibataire,3,1
41,446000,25.0,CDI,3290000,24,1,Bon,1130000.0,Marié,1,1
37,129000,28.0,Indépendant,950000,60,1,Bon,360000.0,Célibataire,2,1
21,196000,15.0,Fonctionnaire,6350000,48,0,Bon,1530000.0,Marié,1,1
22,400000,13.0,Fonctionnaire,9930000,24,1,Bon,2760000.0,Marié,2,0
53,254000,22.0,CDD,7010000,84,0,Bon,1850000.0,Marié,0,1
39,176000,18.0,CDI,5350000,60,3,Moyen,1610000.0,Célibataire,0,0
40,230000,4.0,CDI,8150000,24,2,Bon,1690000.0,Célibataire,2,0
27,614000,0.0,Fonctionnaire,14290000,120,0,Bon,1260000.0,Célibataire,0,1
50,404000,,CDD,12460000,12,1,Bon,,Célibataire,2,0
44,304000,18.0,CDI,7420000,48,2,Bon,490000.0,Marié,1,1
57,328000,16.0,Fonctionnaire,7610000,12,0,Moyen,2070000.0,Marié,1,0
41,247000,6.0,CDD,5800000,12,3,Bon,270000.0,Marié,1,0
54,350000,25.0,CDD,9310000,24,0,,130000.0,Célibataire,1,0
43,563000,2.0,CDD,17290000,36,0,Moyen,5460000.0,Marié,3,0
40,100000,18.0,CDD,3350000,24,0,Moyen,390000.0,Célibataire,1,0
26,218000,9.0,Indépendant,2710000,84,0,Bon,910000.0,Célibataire,0,1
28,199000,9.0,Indépendant,2710000,84,2,Bon,940000.0,Marié,3,1
59,83000,4.0,CDI,2950000,120,1,Mauvais,210000.0,Célibataire,2,0
35,228000,21.0,CDD,5250000,36,2,Mauvais,920000.0,Marié,3,0
28,696000,25.0,Fonctionnaire,6270000,48,1,Moyen,360000.0,Célibataire,2,1
31,368000,25.0,CDI,9890000,120,0,Bon,720000.0,Célibataire,1,1
51,345000,26.0,Fonctionnaire,8440000,36,1,Bon,2900000.0,Marié,1,1
46,287000,12.0,CDI,5260000,12,0,,130000.0,Célibataire,1,0
35,584000,18.0,Fonctionnaire,19600000,48,3,Bon,340000.0,Marié,4,1
21,319000,2.0,Indépendant,9920000,12,1,Bon,560000.0,Marié,2,0
34,122000,13.0,CDD,1120000,24,1,Bon,0.0,Célibataire,1,1
52,388000,0.0,Indépendant,12060000,24,3,Mauvais,1870000.0,Célibataire,1,0
45,216000,16.0,CDD,2200000,36,0,Bon,590000.0,Divorcé,3,1
58,203000,,CDD,6510000,84,4,Bon,1540000.0,Marié,1,1
58,342000,29.0,CDD,13370000,60,0,Bon,1570000.0,Célibataire,3,1
64,738000,6.0,CDI,4250000,12,0,Bon,760000.0,Célibataire,1,1
62,444000,8.0,Indépendant,9990000,24,3,Moyen,500000.0,Divorcé,1,0
43,686000,5.0,CDI,5760000,12,3,Mauvais,1080000.0,Divorcé,2,0
31,149000,10.0,CDD,1020000,24,1,Bon,400000.0,Célibataire,1,1
49,259000,1.0,CDD,3790000,60,2,Bon,810000.0,Célibataire,3,1
28,350000,28.0,Fonctionnaire,5680000,36,1,Bon,2270000.0,Célibataire,4,1
43,287000,5.0,Indépendant,7470000,48,0,Moyen,1240000.0,Marié,1,0
32,217000,27.0,CDD,5170000,48,2,Bon,1100000.0,Marié,2,1
26,224000,2.0,Indépendant,3280000,12,1,Mauvais,180000.0,Célibataire,0,0
27,217000,8.0,Fonctionnaire,2580000,36,0,Bon,590000.0,Célibataire,0,1
52,102000,3.0,CDD,2790000,36,1,Moyen,1030000.0,Divorcé,4,0
35,496000,3.0,Fonctionnaire,2660000,48,1,Moyen,470000.0,Célibataire,1,1
60,95000,15.0,CDI,1640000,12,1,Moyen,20000.0,Célibataire,1,0
55,606000,18.0,CDD,21080000,120,2,Bon,8000000.0,Marié,3,1
36,425000,20.0,CDI,3620000,84,0,Moyen,1360000.0,Marié,3,1
57,892000,12.0,CDD,12600000,36,1,Bon,4010000.0,Célibataire,3,1
29,690000,3.0,Indépendant,14750000,84,1,Bon,2670000.0,Marié,1,1
32,323000,12.0,CDI,12100000,24,2,Mauvais,3830000.0,Marié,1,0
57,434000,3.0,Fonctionnaire,13750000,120,2,Bon,3690000.0,Marié,1,1
34,182000,,Fonctionnaire,4740000,120,1,Bon,400000.0,Marié,0,1
44,80000,14.0,Fonctionnaire,2460000,48,0,Bon,110000.0,Célibataire,1,1
26,345000,23.0,CDD,2860000,84,4,Bon,870000.0,Célibataire,1,1
38,521000,10.0,Indépendant,19750000,60,0,Moyen,4960000.0,Célibataire,0,1
40,256000,16.0,CDD,5010000,48,1,Mauvais,500000.0,Marié,0,0
49,164000,23.0,Fonctionnaire,1540000,120,0,Bon,210000.0,Divorcé,2,1
54,430000,27.0,CDI,9480000,48,0,Moyen,,Divorcé,4,1
32,192000,14.0,CDI,2900000,24,0,Bon,1110000.0,Marié,4,1
22,213000,15.0,Fonctionnaire,2000000,48,0,Bon,490000.0,Célibataire,0,1
32,148000,24.0,CDD,4050000,12,1,Bon,510000.0,Marié,0,0
39,443000,,CDD,9390000,24,0,Bon,3410000.0,Marié,2,0
30,479000,12.0,Fonctionnaire,5100000,36,0,Moyen,960000.0,Marié,2,1
47,225000,8.0,Fonctionnaire,5810000,24,0,Bon,1450000.0,Célibataire,0,0
40,231000,8.0,Fonctionnaire,8010000,24,3,Bon,2970000.0,Célibataire,1,0
55,389000,8.0,CDD,6610000,48,0,Bon,1270000.0,Marié,2,1
38,372000,22.0,CDD,13440000,36,1,Bon,,Célibataire,2,0
59,633000,10.0,CDI,10910000,36,3,Bon,3960000.0,Marié,2,1
37,124000,3.0,CDD,3120000,120,2,Bon,260000.0,Marié,1,1
45,507000,3.0,CDD,20130000,36,1,Moyen,7680000.0,Célibataire,0,0
40,174000,21.0,CDI,4130000,84,0,Bon,1540000.0,Célibataire,1,1
44,480000,,Indépendant,4800000,36,0,Bon,1330000.0,Marié,0,1
46,439000,28.0,CDI,15280000,84,1,Bon,5810000.0,Célibataire,3,1
64,354000,19.0,CDI,12300000,48,1,Moyen,2070000.0,Célibataire,3,1
59,264000,0.0,Indépendant,4940000,36,1,Mauvais,40000.0,Divorcé,1,0
45,282000,,Fonctionnaire,1790000,24,2,Bon,560000.0,Célibataire,0,1
27,465000,3.0,Indépendant,8650000,60,1,Bon,1890000.0,Célibataire,1,1
37,258000,5.0,Indépendant,1480000,36,1,Bon,460000.0,Marié,2,1
48,224000,18.0,CDD,6930000,60,0,Moyen,2340000.0,Marié,1,1
58,310000,26.0,Fonctionnaire,9720000,48,2,Moyen,1620000.0,Marié,1,0
61,524000,18.0,CDD,20880000,36,0,Bon,5090000.0,Marié,1,1
40,406000,9.0,Indépendant,3370000,48,0,Mauvais,1330000.0,Marié,0,1
54,133000,24.0,Fonctionnaire,2700000,24,1,Bon,590000.0,Divorcé,2,0
58,188000,27.0,CDI,1120000,24,0,Bon,190000.0,Marié,2,1
31,245000,18.0,Indépendant,7930000,120,0,Bon,1700000.0,Célibataire,0,1
50,375000,4.0,Indépendant,14680000,60,0,Bon,410000.0,Marié,1,0
23,289000,12.0,CDI,4870000,120,2,Bon,1100000.0,Célibataire,1,1
35,190000,7.0,Indépendant,4630000,120,1,Bon,1270000.0,Marié,2,1
35,280000,4.0,Indépendant,2350000,48,3,Moyen,470000.0,Marié,2,0
23,414000,25.0,Indépendant,12010000,60,4,Moyen,3230000.0,Marié,1,1
31,510000,9.0,CDI,9030000,48,0,Bon,2580000.0,Marié,1,1
55,305000,10.0,CDD,8870000,60,2,Bon,1160000.0,Marié,1,0
42,208000,20.0,CDD,2140000,60,5,Bon,720000.0,Célibataire,4,1
38,180000,12.0,Indépendant,5270000,12,0,Bon,1420000.0,Célibataire,1,0
59,502000,0.0,CDI,3310000,120,0,Moyen,1210000.0,Marié,1,1
39,352000,1.0,CDI,3660000,120,5,Mauvais,880000.0,Célibataire,1,0
60,434000,15.0,CDI,12790000,24,2,Bon,4060000.0,Marié,2,0
37,389000,13.0,CDD,8900000,24,2,Bon,2790000.0,Célibataire,2,0
21,235000,7.0,Indépendant,2420000,84,0,Moyen,190000.0,Marié,5,1
55,80000,20.0,CDD,2680000,24,2,Bon,120000.0,Célibataire,1,0
45,146000,1.0,CDD,1280000,12,3,Bon,360000.0,Marié,1,0
29,145000,18.0,Fonctionnaire,1950000,84,2,Bon,670000.0,Célibataire,0,1
34,358000,2.0,CDI,3660000,36,1,Bon,230000.0,Célibataire,2,1
35,324000,18.0,CDD,2340000,48,1,Bon,490000.0,Célibataire,0,1
39,485000,17.0,Indépendant,8780000,24,1,Moyen,1620000.0,Divorcé,0,1
61,358000,5.0,CDD,7880000,48,1,Bon,900000.0,Célibataire,1,1
44,268000,24.0,CDD,4980000,120,2,Mauvais,730000.0,Marié,4,1
63,664000,24.0,Indépendant,20460000,48,3,Moyen,460000.0,Marié,1,1
52,195000,,Fonctionnaire,4220000,120,1,Bon,1650000.0,Célibataire,0,1
36,100000,23.0,CDI,3520000,48,2,Bon,970000.0,Divorcé,5,0
31,524000,23.0,CDI,8740000,84,0,Bon,2520000.0,Marié,2,1
31,225000,21.0,Fonctionnaire,2310000,48,1,Mauvais,170000.0,Célibataire,1,1
43,345000,13.0,CDI,5480000,36,2,Mauvais,1340000.0,Marié,2,0
60,132000,10.0,CDI,4050000,36,3,Bon,1000000.0,Marié,1,0
63,113000,2.0,Indépendant,2810000,120,1,Moyen,220000.0,Marié,0,0
40,224000,22.0,CDD,7780000,84,1,Mauvais,1540000.0,Marié,3,0
59,245000,10.0,CDD,8700000,24,1,Bon,3460000.0,Célibataire,2,0
23,715000,14.0,CDI,5200000,120,1,Mauvais,2000000.0,Marié,2,1
58,241000,1.0,CDD,4590000,48,1,Bon,0.0,Marié,2,0
38,293000,29.0,CDI,6640000,60,2,Bon,30000.0,Marié,1,1
60,789000,8.0,CDI,12320000,48,0,Mauvais,2120000.0,Divorcé,3,1
44,138000,28.0,CDI,3260000,36,1,Bon,130000.0,Célibataire,0,1
40,142000,2.0,CDI,3830000,36,1,Bon,1220000.0,Célibataire,1,0
34,108000,10.0,CDD,2330000,36,0,Bon,220000.0,Marié,1,1
41,433000,1.0,Indépendant,14890000,36,1,Bon,920000.0,Célibataire,3,0
41,203000,2.0,Indépendant,7610000,36,1,Bon,970000.0,Marié,3,0
31,271000,8.0,Indépendant,8460000,24,0,Bon,2520000.0,Marié,1,0
55,420000,5.0,CDI,10210000,36,2,Bon,3310000.0,Divorcé,2,1
56,566000,17.0,CDI,8490000,84,1,Moyen,910000.0,Divorcé,0,1
64,539000,2.0,CDD,17930000,120,0,Mauvais,2550000.0,Marié,2,1
29,287000,11.0,CDI,10400000,36,1,Bon,2990000.0,Divorcé,3,0
22,80000,16.0,Indépendant,2980000,84,2,Bon,20000.0,Marié,0,0
39,250000,2.0,CDD,8260000,12,2,Mauvais,2610000.0,Marié,1,0
54,221000,23.0,CDI,8410000,84,0,Bon,3020000.0,Célibataire,2,1
29,246000,19.0,Fonctionnaire,5400000,48,1,Bon,750000.0,Célibataire,0,1
39,310000,,CDD,5050000,24,2,Bon,1320000.0,Marié,2,1
37,689000,2.0,CDI,19620000,24,0,Mauvais,900000.0,Divorcé,1,0
38,455000,19.0,CDD,13520000,84,3,Bon,2170000.0,Célibataire,1,1
57,156000,16.0,CDD,4550000,48,1,Mauvais,0.0,Divorcé,1,0
39,890000,25.0,Fonctionnaire,35450000,36,1,Bon,3410000.0,Marié,0,1
57,80000,2.0,Fonctionnaire,2770000,84,0,Bon,1010000.0,Marié,1,1
47,252000,29.0,CDI,4490000,84,2,Moyen,40000.0,Marié,1,1
64,427000,0.0,CDI,15050000,84,0,Moyen,1870000.0,Marié,1,1
42,292000,1.0,CDD,4690000,48,3,Bon,30000.0,Célibataire,1,0
39,709000,3.0,Indépendant,12380000,48,0,Mauvais,490000.0,Célibataire,0,1
28,425000,,Indépendant,8460000,36,2,Bon,3140000.0,Célibataire,1,1
30,1350000,9.0,Fonctionnaire,36380000,84,1,Moyen,8780000.0,Marié,2,1
62,818000,27.0,Fonctionnaire,7540000,120,1,Moyen,1660000.0,Célibataire,2,1
46,302000,18.0,CDI,1860000,24,1,Bon,690000.0,Marié,1,1
62,118000,10.0,CDI,2030000,36,1,Mauvais,0.0,Marié,1,0
29,95000,23.0,Fonctionnaire,3790000,60,0,Moyen,440000.0,Célibataire,1,1
25,742000,16.0,Indépendant,6110000,12,3,Moyen,240000.0,Célibataire,1,1
27,360000,21.0,Fonctionnaire,10310000,120,2,Bon,1640000.0,Marié,0,1
57,182000,17.0,CDI,4220000,24,1,Mauvais,170000.0,Célibataire,2,0
43,427000,7.0,CDI,9130000,48,1,Bon,2160000.0,Marié,4,1
58,174000,1.0,CDD,2800000,120,2,Moyen,250000.0,Marié,1,0
48,586000,10.0,CDI,14440000,36,1,Moyen,1270000.0,Célibataire,1,1
55,358000,1.0,CDI,5350000,84,1,Bon,880000.0,Marié,1,1
52,168000,20.0,Indépendant,3830000,60,0,Bon,510000.0,Marié,0,1
30,80000,24.0,CDD,2490000,60,0,Moyen,720000.0,Marié,1,0
34,308000,27.0,Fonctionnaire,9700000,84,1,,1980000.0,Marié,4,1
21,882000,2.0,CDD,25730000,60,2,,,Divorcé,1,1
31,378000,13.0,Indépendant,15100000,60,1,Bon,2600000.0,Marié,4,1
24,560000,20.0,CDD,17840000,48,1,Moyen,2700000.0,Divorcé,1,1
57,482000,5.0,Indépendant,10020000,36,0,Bon,1910000.0,Célibataire,1,1
26,251000,14.0,CDD,3480000,120,1,Moyen,870000.0,Marié,0,1
48,386000,29.0,Indépendant,6830000,36,0,Bon,970000.0,Marié,1,1
37,498000,4.0,Indépendant,16260000,84,1,Bon,6400000.0,Marié,0,1
41,269000,21.0,CDD,7610000,12,0,Moyen,530000.0,Célibataire,1,0
62,214000,5.0,CDD,4950000,36,0,Moyen,1690000.0,Marié,3,0
26,427000,9.0,CDD,3420000,48,3,Bon,1180000.0,Marié,1,1
41,347000,20.0,Indépendant,6400000,48,0,Moyen,530000.0,Marié,2,1
42,183000,7.0,CDI,6250000,36,3,Bon,1640000.0,Divorcé,1,0
30,91000,2.0,CDI,3590000,12,3,Mauvais,1140000.0,Célibataire,1,0
61,497000,21.0,Fonctionnaire,19870000,84,0,Moyen,30000.0,Marié,1,1
24,524000,0.0,Indépendant,16230000,36,0,Mauvais,5630000.0,Marié,1,0
37,175000,27.0,CDI,6990000,12,1,Bon,810000.0,Célibataire,0,0
40,246000,5.0,Fonctionnaire,4010000,120,4,Moyen,1460000.0,Divorcé,1,1
35,133000,6.0,CDI,1860000,36,3,Mauvais,460000.0,Divorcé,1,0
46,335000,7.0,CDI,5770000,36,1,Mauvais,2150000.0,Marié,3,0
57,234000,26.0,CDI,5190000,48,1,Moyen,640000.0,Célibataire,3,1
42,290000,2.0,CDI,10070000,36,1,Mauvais,1140000.0,Marié,1,0
59,375000,16.0,CDD,10570000,48,1,Bon,2570000.0,Célibataire,1,1
27,487000,6.0,Indépendant,12220000,48,2,Bon,640000.0,Célibataire,2,1
61,187000,21.0,Indépendant,1180000,36,1,Moyen,270000.0,Célibataire,4,1
36,281000,5.0,CDD,4990000,120,0,Moyen,1960000.0,Célibataire,0,1
62,188000,18.0,CDI,1550000,120,4,Bon,500000.0,Marié,2,1
43,392000,14.0,Indépendant,9260000,60,1,Mauvais,1290000.0,Marié,1,0
23,352000,18.0,Indépendant,6980000,24,1,Bon,390000.0,Marié,1,1
25,501000,2.0,CDD,3830000,24,2,Moyen,200000.0,Marié,0,1
29,372000,20.0,Indépendant,5120000,12,3,Mauvais,1050000.0,Célibataire,1,0
35,512000,10.0,CDD,9110000,12,1,Bon,1620000.0,Célibataire,1,0
46,291000,24.0,CDD,4180000,84,0,Bon,,Marié,1,1
34,600000,2.0,CDD,15840000,12,0,Bon,2680000.0,Marié,1,0
62,484000,27.0,Fonctionnaire,7500000,36,1,Moyen,1560000.0,Célibataire,0,1
53,80000,8.0,Indépendant,2310000,120,2,Mauvais,40000.0,Marié,0,0
46,268000,5.0,CDD,1550000,12,2,Moyen,410000.0,Divorcé,0,0
23,668000,28.0,CDI,12380000,48,0,Bon,830000.0,Marié,2,1
40,174000,25.0,CDI,2020000,12,2,Bon,560000.0,Célibataire,0,0
39,526000,8.0,CDI,11590000,48,2,Moyen,350000.0,Célibataire,0,1
59,413000,22.0,Indépendant,5440000,60,1,Mauvais,220000.0,Marié,1,1
25,509000,27.0,Fonctionnaire,2600000,48,0,Moyen,400000.0,Marié,0,1
51,373000,25.0,Fonctionnaire,12470000,36,2,Moyen,4120000.0,Marié,4,0
40,220000,1.0,Fonctionnaire,6920000,48,3,Moyen,360000.0,Marié,1,0
57,80000,22.0,CDI,2100000,36,0,Bon,370000.0,Divorcé,0,1
64,421000,28.0,Fonctionnaire,15790000,24,2,Bon,5970000.0,Divorcé,0,0
41,665000,9.0,CDD,21290000,36,3,Bon,5370000.0,Marié,1,0
37,1057000,0.0,CDD,25680000,120,2,Mauvais,9610000.0,Marié,1,1
29,702000,1.0,CDD,8480000,24,2,Bon,3290000.0,Marié,3,1
39,586000,2.0,CDI,6280000,36,1,Bon,1920000.0,Marié,0,1
56,597000,1.0,CDI,20500000,84,2,Bon,2490000.0,Célibataire,3,1
38,339000,6.0,CDD,9280000,36,0,Bon,940000.0,Marié,1,0
51,306000,8.0,CDI,2630000,12,2,Mauvais,730000.0,Marié,0,0
36,111000,2.0,CDD,1340000,60,2,Mauvais,80000.0,Marié,1,0
37,683000,1.0,CDD,24040000,36,1,Moyen,3260000.0,Célibataire,0,0
45,418000,28.0,CDI,8660000,24,1,Bon,2820000.0,Célibataire,3,1
44,141000,27.0,CDI,2270000,12,1,Bon,830000.0,Marié,0,0
36,649000,16.0,CDD,17570000,84,1,Moyen,2840000.0,Marié,2,1
62,235000,1.0,CDI,8550000,12,0,,790000.0,Célibataire,0,0
46,378000,18.0,Indépendant,12810000,84,3,Bon,4320000.0,Célibataire,7,0
53,479000,23.0,Fonctionnaire,3950000,24,1,Bon,1390000.0,Marié,0,1
58,215000,8.0,CDI,3460000,12,0,Bon,760000.0,Célibataire,3,0
44,332000,25.0,CDI,11790000,12,2,Moyen,3010000.0,Célibataire,1,0
23,410000,,Indépendant,13070000,60,0,Bon,1190000.0,Divorcé,0,1
44,579000,15.0,Fonctionnaire,18850000,48,1,Moyen,350000.0,Divorcé,0,1
50,652000,13.0,CDD,7040000,12,2,Bon,790000.0,Marié,1,1
28,465000,26.0,Indépendant,13970000,84,0,Moyen,5280000.0,Marié,5,1
38,537000,29.0,CDI,11380000,24,1,Bon,2090000.0,Célibataire,0,1
25,130000,10.0,CDI,1720000,84,6,Moyen,110000.0,Marié,3,0
30,86000,4.0,Fonctionnaire,1010000,60,2,Bon,400000.0,Marié,1,1
26,158000,26.0,CDI,4420000,48,2,Bon,1200000.0,Divorcé,2,1
29,432000,22.0,CDI,6000000,60,0,Bon,1870000.0,Marié,1,1
26,300000,10.0,Fonctionnaire,4200000,60,2,Bon,450000.0,Célibataire,1,1
50,850000,17.0,Indépendant,28310000,12,0,Moyen,2850000.0,Marié,4,0
56,558000,7.0,CDD,7540000,24,0,Bon,230000.0,Marié,0,1
35,456000,,CDI,9920000,60,0,Moyen,3150000.0,Marié,0,1
30,184000,22.0,Fonctionnaire,1320000,12,0,Bon,130000.0,Marié,1,1
37,80000,16.0,CDI,1230000,84,1,Bon,320000.0,Célibataire,1,1
27,309000,19.0,CDI,7380000,120,1,Moyen,1160000.0,Marié,0,1
40,640000,28.0,CDI,14220000,24,0,Bon,1960000.0,Marié,1,1
41,353000,29.0,CDD,14080000,60,1,Mauvais,5600000.0,Divorcé,1,0
29,408000,6.0,CDD,12110000,24,2,Bon,1120000.0,Marié,2,0
30,80000,19.0,Fonctionnaire,2280000,60,2,Mauvais,760000.0,Célibataire,0,0
23,867000,27.0,Fonctionnaire,19440000,48,1,Bon,4930000.0,Marié,2,1
48,88000,2.0,CDI,1290000,84,2,Bon,50000.0,Célibataire,0,1
30,143000,3.0,CDI,3820000,48,1,Mauvais,1520000.0,Marié,1,0
56,202000,10.0,Indépendant,2890000,120,1,Mauvais,710000.0,Célibataire,2,0
27,439000,24.0,Fonctionnaire,13800000,36,2,Mauvais,3250000.0,Divorcé,2,0
48,290000,3.0,Indépendant,9260000,60,1,Bon,960000.0,Marié,0,1
58,123000,1.0,CDD,4010000,36,2,Bon,810000.0,Célibataire,2,0
25,230000,4.0,CDI,2170000,24,2,,490000.0,Célibataire,3,1
59,148000,17.0,CDI,5320000,84,0,Bon,1760000.0,Célibataire,2,1
41,386000,22.0,Fonctionnaire,7720000,12,1,Bon,2020000.0,Célibataire,1,0
25,233000,20.0,CDI,2820000,84,1,Bon,280000.0,Marié,1,1
58,291000,3.0,Indépendant,2150000,12,1,Bon,140000.0,Célibataire,3,0
63,427000,0.0,Fonctionnaire,4100000,60,0,Moyen,1000000.0,Marié,2,1
54,180000,10.0,Fonctionnaire,2300000,48,2,Moyen,860000.0,Célibataire,1,1
39,115000,7.0,Fonctionnaire,1280000,12,1,Bon,220000.0,Marié,4,0
64,402000,21.0,Indépendant,14230000,36,0,Moyen,480000.0,Marié,1,0
47,363000,24.0,CDD,9210000,36,0,Bon,1770000.0,Célibataire,1,1
49,268000,29.0,CDD,1850000,12,3,Bon,610000.0,Marié,0,1
46,199000,19.0,CDI,2230000,84,2,Bon,710000.0,Marié,0,1
54,314000,7.0,CDD,7670000,84,0,Bon,2820000.0,Célibataire,3,1
46,200000,17.0,CDD,6920000,84,0,Bon,1870000.0,Célibataire,1,1
25,588000,27.0,CDD,12850000,24,1,Mauvais,1680000.0,Célibataire,2,0
48,244000,12.0,CDD,2830000,84,3,Bon,600000.0,Marié,2,1
26,395000,5.0,CDI,2870000,24,2,Moyen,40000.0,Marié,1,1
59,550000,6.0,CDI,10980000,120,1,Bon,3020000.0,Célibataire,1,1
36,359000,5.0,CDI,14220000,12,1,Bon,1700000.0,Marié,1,0
30,348000,27.0,CDI,13480000,60,0,Mauvais,4430000.0,Marié,4,1
31,175000,1.0,Indépendant,3210000,120,2,Bon,110000.0,Marié,1,1
50,851000,24.0,CDI,26080000,48,1,Bon,8530000.0,Marié,1,1
48,142000,,CDI,3320000,24,1,Bon,1000000.0,Divorcé,0,0
38,469000,10.0,CDD,12340000,12,0,Bon,2080000.0,Célibataire,0,0
39,390000,19.0,CDD,12860000,84,1,Mauvais,1040000.0,Marié,2,1
38,299000,20.0,Indépendant,11560000,84,2,Bon,190000.0,Célibataire,1,1
55,276000,14.0,CDI,2110000,24,3,Moyen,560000.0,Marié,3,1
42,188000,1.0,CDD,6760000,120,1,Bon,2670000.0,Célibataire,1,1
54,756000,6.0,Indépendant,23740000,84,1,Moyen,7350000.0,Divorcé,1,1
41,895000,21.0,Indépendant,6550000,120,1,Moyen,1330000.0,Marié,1,1
59,234000,3.0,CDI,4240000,24,2,Bon,760000.0,Marié,2,0
63,754000,11.0,CDD,20480000,84,0,Bon,2870000.0,Divorcé,2,1
59,251000,27.0,Indépendant,5150000,36,3,Moyen,610000.0,Marié,3,0
60,960000,20.0,Fonctionnaire,35710000,84,1,Moyen,6290000.0,Célibataire,3,1
63,270000,1.0,CDI,4070000,60,2,Mauvais,260000.0,Célibataire,1,0
58,718000,10.0,CDI,14700000,84,1,Moyen,5810000.0,Divorcé,1,1
50,395000,16.0,CDI,9420000,48,1,Moyen,290000.0,Marié,1,1
31,299000,12.0,Indépendant,7980000,36,1,Mauvais,1490000.0,Marié,4,0
32,733000,17.0,Indépendant,25200000,12,0,Bon,5730000.0,Marié,1,0
32,421000,23.0,CDI,13850000,24,1,Bon,2260000.0,Marié,1,0
46,194000,9.0,Indépendant,5650000,36,1,Moyen,1020000.0,Célibataire,2,0
42,254000,22.0,Fonctionnaire,8900000,12,3,Bon,2260000.0,Marié,1,0
52,358000,21.0,CDD,4350000,12,2,Mauvais,500000.0,Marié,1,0
62,138000,15.0,Indépendant,3750000,120,1,Moyen,1040000.0,Célibataire,2,1
48,362000,25.0,Indépendant,3140000,120,0,Moyen,80000.0,Marié,2,1
46,791000,7.0,CDI,22610000,84,4,Moyen,3140000.0,Marié,0,1
49,427000,15.0,CDD,9230000,120,2,Bon,1190000.0,Marié,2,1
60,241000,3.0,Indépendant,3350000,60,0,Mauvais,1030000.0,Célibataire,1,0
60,199000,,Indépendant,7800000,12,0,Bon,1380000.0,Marié,2,0
48,123000,11.0,Indépendant,1810000,84,0,Moyen,680000.0,Célibataire,1,1
31,384000,7.0,Indépendant,12390000,36,0,Bon,4630000.0,Marié,1,0
44,82000,22.0,Indépendant,1050000,120,0,Bon,280000.0,Célibataire,3,1
26,555000,29.0,Indépendant,9800000,60,2,Moyen,1820000.0,Marié,2,1
62,171000,26.0,Indépendant,3630000,84,1,Bon,390000.0,Marié,2,1
55,281000,7.0,Indépendant,5240000,60,1,Bon,880000.0,Célibataire,3,1
52,150000,21.0,CDI,4980000,84,1,Bon,120000.0,Marié,2,1
59,311000,3.0,Fonctionnaire,11580000,12,2,Bon,1580000.0,Marié,0,0
45,443000,22.0,Indépendant,12840000,36,0,Mauvais,3620000.0,Marié,1,0
28,252000,25.0,CDI,3150000,48,1,Bon,1020000.0,Marié,1,1
22,601000,27.0,Indépendant,12140000,60,1,Mauvais,4610000.0,Marié,0,1
22,336000,3.0,CDI,12540000,36,2,Mauvais,3900000.0,Célibataire,1,0
49,434000,3.0,CDI,9860000,36,1,Bon,2040000.0,Marié,3,1
38,330000,14.0,Indépendant,5910000,48,1,Bon,900000.0,Célibataire,1,1
51,613000,24.0,CDI,6390000,36,1,Mauvais,1910000.0,Marié,1,1
61,381000,22.0,CDI,9650000,24,3,Bon,1010000.0,Célibataire,2,0
62,172000,13.0,CDI,5320000,36,0,Bon,2080000.0,Célibataire,3,0
24,451000,13.0,Indépendant,7450000,24,0,Bon,2340000.0,Célibataire,2,1
62,409000,13.0,Fonctionnaire,10670000,12,1,Bon,320000.0,Divorcé,1,0
31,259000,26.0,Indépendant,5590000,12,1,Mauvais,540000.0,Célibataire,1,0
61,401000,17.0,CDD,11720000,60,4,Moyen,3760000.0,Célibataire,1,1
33,317000,21.0,CDI,10990000,12,2,,1340000.0,Célibataire,0,0
45,289000,27.0,CDD,7400000,48,0,Bon,1980000.0,Célibataire,3,1
51,719000,21.0,CDI,15070000,84,3,Bon,5780000.0,Marié,0,1
22,393000,22.0,Indépendant,6550000,60,0,Moyen,1680000.0,Célibataire,3,1
22,360000,,CDD,7580000,36,0,Bon,620000.0,Marié,1,1
34,238000,11.0,CDD,5730000,24,2,Moyen,2170000.0,Célibataire,1,0
25,158000,12.0,Indépendant,3660000,84,6,Moyen,1000000.0,Marié,3,0
31,119000,21.0,Fonctionnaire,2780000,12,3,Bon,770000.0,Marié,0,0
59,1097000,7.0,CDD,25970000,60,2,Moyen,2730000.0,Célibataire,0,1
35,499000,5.0,CDD,17120000,48,2,Bon,6220000.0,Célibataire,0,0
64,313000,17.0,Indépendant,2510000,24,0,Bon,840000.0,Marié,0,1
51,134000,5.0,Indépendant,2290000,84,1,Bon,760000.0,Célibataire,1,1
52,109000,0.0,Indépendant,2160000,60,3,Moyen,460000.0,Célibataire,2,0
32,731000,5.0,Fonctionnaire,13110000,36,0,Mauvais,1740000.0,Célibataire,1,1
22,80000,10.0,CDD,2570000,24,3,Bon,940000.0,Célibataire,1,0
52,312000,0.0,CDI,3260000,120,3,Moyen,1280000.0,Marié,0,1
43,209000,28.0,CDI,2820000,84,3,Bon,450000.0,Célibataire,1,1
41,206000,17.0,Indépendant,2690000,120,3,Bon,920000.0,Marié,3,1
21,787000,5.0,Indépendant,20470000,120,0,Mauvais,,Divorcé,3,1
64,702000,21.0,CDD,11000000,36,2,Mauvais,3760000.0,Célibataire,1,1
52,133000,26.0,CDI,3630000,24,1,Bon,120000.0,Marié,1,0
55,611000,13.0,CDI,9520000,24,1,Moyen,2050000.0,Divorcé,1,1
60,223000,2.0,Indépendant,4960000,36,2,Mauvais,1250000.0,Marié,3,0
53,651000,9.0,CDI,14090000,24,2,Moyen,4000000.0,Marié,1,0
49,422000,10.0,CDD,11810000,12,1,Moyen,2480000.0,Marié,2,0
30,617000,14.0,Fonctionnaire,8640000,120,4,Mauvais,2600000.0,Marié,1,1
51,297000,14.0,Fonctionnaire,10880000,36,1,Bon,710000.0,Célibataire,2,0
55,394000,5.0,Fonctionnaire,13850000,60,0,Bon,3030000.0,Marié,2,1
42,685000,28.0,Indépendant,21540000,120,2,Bon,1470000.0,Marié,0,1
45,675000,17.0,CDI,21680000,36,0,,7150000.0,Célibataire,1,1
42,398000,29.0,CDI,9650000,84,0,Bon,1560000.0,Marié,2,1
41,188000,17.0,CDD,4370000,48,1,Bon,610000.0,Marié,0,1
62,280000,5.0,CDI,2630000,48,3,Bon,430000.0,Marié,2,1
29,447000,29.0,Fonctionnaire,12230000,24,1,Bon,2080000.0,Marié,0,1
40,560000,5.0,Indépendant,10960000,84,2,Bon,3440000.0,Marié,1,1
25,435000,17.0,CDD,2310000,12,1,Mauvais,430000.0,Marié,3,0
30,529000,28.0,Indépendant,3510000,48,0,Bon,220000.0,Marié,3,1
48,244000,18.0,CDI,7930000,120,0,Bon,2320000.0,Marié,0,1
33,422000,1.0,Fonctionnaire,2550000,24,0,Mauvais,390000.0,Marié,5,1
28,946000,21.0,Fonctionnaire,25860000,120,0,,4790000.0,Marié,3,1
60,202000,18.0,CDI,3590000,36,0,Mauvais,1040000.0,Marié,0,0
39,157000,13.0,CDI,3480000,48,1,Bon,1040000.0,Célibataire,1,1
43,664000,0.0,Fonctionnaire,19010000,12,0,Bon,1180000.0,Célibataire,2,0
36,185000,6.0,CDI,2090000,24,0,Moyen,260000.0,Divorcé,0,1
22,115000,29.0,Indépendant,4280000,36,0,Moyen,510000.0,Célibataire,3,0
43,659000,5.0,CDI,7550000,24,1,Bon,1060000.0,Divorcé,2,1
31,136000,3.0,CDI,2560000,84,0,Moyen,610000.0,Célibataire,1,1
26,294000,15.0,Indépendant,3660000,12,1,Bon,650000.0,Marié,3,0
50,372000,16.0,CDI,4650000,24,0,Bon,720000.0,Marié,1,1
25,222000,6.0,CDI,1110000,84,1,Bon,410000.0,Marié,1,1
31,564000,21.0,CDI,10630000,36,4,Bon,1820000.0,Marié,2,1
25,192000,2.0,CDD,6620000,60,1,Moyen,240000.0,Célibataire,1,0
43,232000,19.0,Indépendant,6440000,120,1,Bon,500000.0,Célibataire,2,1
52,660000,4.0,Indépendant,11540000,12,1,Bon,2910000.0,Célibataire,0,0
27,557000,15.0,Indépendant,5330000,12,2,Bon,1050000.0,Marié,0,0
33,498000,23.0,Indépendant,18660000,60,1,Bon,5500000.0,Célibataire,2,1
38,928000,24.0,CDD,6960000,84,3,Bon,830000.0,Célibataire,4,1
30,265000,5.0,CDI,1920000,24,1,Bon,60000.0,Célibataire,0,1
43,787000,1.0,Fonctionnaire,21040000,36,1,Bon,2240000.0,Célibataire,1,1
44,407000,21.0,Indépendant,4360000,84,1,Bon,610000.0,Célibataire,1,1
63,219000,25.0,CDD,1680000,84,1,Moyen,360000.0,Célibataire,1,1
24,195000,18.0,CDI,1650000,48,1,Moyen,370000.0,Célibataire,0,1
42,185000,9.0,Fonctionnaire,4410000,24,0,Bon,1730000.0,Marié,3,0
27,578000,15.0,CDI,11120000,48,2,Moyen,4210000.0,Célibataire,0,1
28,423000,22.0,CDI,12790000,60,0,Moyen,4630000.0,Célibataire,1,1
59,1420000,4.0,CDI,50090000,12,2,,6120000.0,Célibataire,4,0
51,714000,27.0,CDI,18080000,12,3,Bon,5770000.0,Célibataire,0,0
37,236000,0.0,CDD,6730000,36,1,Mauvais,2250000.0,Célibataire,1,0
39,240000,10.0,CDI,7480000,120,4,Bon,2010000.0,Célibataire,1,1
64,584000,11.0,Indépendant,2930000,24,1,Bon,390000.0,Marié,2,1
28,216000,18.0,Indépendant,6470000,84,2,Bon,120000.0,Célibataire,1,1
48,459000,27.0,CDD,7110000,120,0,Mauvais,250000.0,Célibataire,2,1
55,748000,24.0,CDI,10780000,60,2,Bon,1270000.0,Marié,2,1
38,137000,14.0,Fonctionnaire,4980000,120,1,Bon,1200000.0,Marié,1,1
47,541000,11.0,CDI,16170000,84,5,Bon,1920000.0,Marié,1,1
53,501000,19.0,Fonctionnaire,2840000,36,1,Bon,90000.0,Marié,3,1
63,661000,11.0,Fonctionnaire,17040000,60,1,Bon,3300000.0,Marié,1,1
25,343000,26.0,CDD,12490000,36,1,Mauvais,1900000.0,Marié,2,0
51,279000,5.0,CDD,2130000,120,0,Mauvais,210000.0,Marié,0,1
44,239000,18.0,CDI,4790000,120,1,Moyen,410000.0,Célibataire,1,1
48,161000,21.0,CDI,6340000,24,0,Moyen,1900000.0,Marié,1,0
26,441000,2.0,Indépendant,6410000,48,0,Moyen,1060000.0,Divorcé,1,1
40,264000,18.0,CDD,3770000,24,3,Bon,530000.0,Célibataire,0,0
45,379000,6.0,CDI,9250000,36,0,Moyen,1950000.0,Marié,0,0
51,122000,19.0,Fonctionnaire,2920000,48,3,Bon,370000.0,Marié,4,0
42,922000,5.0,Fonctionnaire,30680000,36,3,Bon,6270000.0,Célibataire,1,1
59,633000,12.0,Fonctionnaire,23050000,48,1,Moyen,1550000.0,Marié,2,1
25,351000,6.0,CDI,3790000,120,2,Moyen,600000.0,Marié,3,1
37,224000,10.0,CDD,2400000,120,4,Mauvais,760000.0,Célibataire,1,0
22,234000,17.0,CDI,7650000,36,3,Bon,2830000.0,Célibataire,1,0
59,254000,3.0,CDD,8510000,60,1,Bon,1860000.0,Célibataire,3,0
63,266000,10.0,CDI,3250000,36,2,Moyen,1200000.0,Marié,1,1
27,428000,21.0,CDD,14050000,36,0,Bon,3420000.0,Marié,2,0
44,177000,25.0,CDI,6940000,12,1,Bon,1830000.0,Marié,3,0
64,239000,10.0,Indépendant,4810000,36,1,Bon,1590000.0,Divorcé,1,1
45,258000,27.0,CDI,2170000,84,3,Bon,,Marié,3,1
39,943000,10.0,CDD,10910000,48,1,Bon,2250000.0,Marié,2,1
26,235000,16.0,CDI,6580000,24,0,Mauvais,1400000.0,Marié,2,0
44,357000,26.0,Indépendant,4080000,60,0,Bon,190000.0,Divorcé,1,1
37,502000,20.0,CDI,7480000,24,0,Bon,2870000.0,Divorcé,1,1
60,80000,19.0,Indépendant,2430000,84,3,Moyen,350000.0,Célibataire,2,0
34,543000,19.0,CDD,16500000,24,2,Bon,1590000.0,Marié,1,0
53,120000,10.0,CDD,1640000,36,1,Mauvais,640000.0,Marié,0,0
27,531000,0.0,Fonctionnaire,9890000,60,0,Moyen,640000.0,Marié,1,1
40,272000,5.0,Indépendant,1620000,36,0,Bon,70000.0,Célibataire,0,1
37,178000,12.0,CDI,4280000,12,1,Mauvais,1400000.0,Marié,2,0
31,314000,29.0,Fonctionnaire,5940000,12,0,Moyen,200000.0,Marié,1,0
28,160000,16.0,CDI,3260000,120,2,Bon,870000.0,Divorcé,0,1
34,483000,8.0,Indépendant,7660000,36,1,Bon,2710000.0,Marié,3,1
55,494000,9.0,CDI,15180000,84,1,Moyen,4690000.0,Divorcé,1,1
40,412000,19.0,CDI,2480000,48,0,Bon,150000.0,Célibataire,1,1
54,488000,15.0,Fonctionnaire,3570000,60,1,Bon,320000.0,Célibataire,0,1
37,239000,3.0,CDI,7620000,60,0,Mauvais,,Célibataire,3,0
38,483000,21.0,CDD,8950000,48,2,Bon,1350000.0,Marié,4,1
54,402000,7.0,CDD,11760000,24,1,Bon,2310000.0,Célibataire,2,0
48,147000,19.0,CDD,2760000,84,1,Bon,390000.0,Marié,3,1
39,298000,25.0,CDI,5940000,120,0,Moyen,1530000.0,Célibataire,2,1
43,82000,0.0,Indépendant,1900000,120,1,Bon,100000.0,Marié,0,1
26,80000,24.0,CDI,3020000,24,2,Mauvais,640000.0,Célibataire,1,0
25,251000,2.0,CDI,7860000,12,2,Bon,1330000.0,Divorcé,1,0
51,681000,18.0,Fonctionnaire,7620000,36,2,,,Célibataire,4,1
27,100000,28.0,CDD,2160000,36,0,Moyen,210000.0,Marié,3,0
28,261000,27.0,Indépendant,7280000,12,3,Bon,2740000.0,Marié,2,0
25,311000,10.0,CDI,7400000,120,1,Bon,2190000.0,Marié,2,1
54,381000,3.0,Indépendant,6330000,60,1,Bon,1810000.0,Marié,0,1
34,405000,27.0,CDD,6280000,120,3,Bon,1200000.0,Célibataire,1,1
50,594000,9.0,Indépendant,6590000,12,4,Bon,900000.0,Marié,2,0
30,215000,13.0,CDD,1810000,36,1,Moyen,130000.0,Célibataire,1,0
52,928000,29.0,Fonctionnaire,24520000,120,0,Bon,550000.0,Célibataire,0,1
34,529000,28.0,CDI,8460000,24,1,Bon,1080000.0,Marié,1,1
30,317000,9.0,CDI,10710000,120,3,Mauvais,3080000.0,Célibataire,0,1
31,418000,12.0,CDD,13030000,36,2,Mauvais,1220000.0,Marié,3,0
47,357000,12.0,CDD,4810000,24,5,Bon,990000.0,Marié,0,0
23,343000,17.0,CDD,6970000,60,1,Moyen,1100000.0,Marié,1,1
32,201000,12.0,Fonctionnaire,3640000,36,0,Moyen,420000.0,Célibataire,2,1
34,104000,12.0,CDD,2210000,12,4,Moyen,720000.0,Marié,3,0
33,462000,5.0,CDD,12140000,60,1,Bon,3970000.0,Célibataire,1,1
64,167000,17.0,CDI,3540000,84,1,Moyen,350000.0,Célibataire,1,1
57,466000,0.0,Indépendant,16690000,60,1,Moyen,3230000.0,Célibataire,2,0
25,650000,,CDD,7190000,60,1,Bon,1750000.0,Marié,0,1
44,549000,28.0,CDI,7900000,36,1,Moyen,1050000.0,Marié,2,1
52,146000,1.0,Indépendant,920000,120,2,Bon,220000.0,Divorcé,1,1
57,522000,27.0,CDD,13540000,36,1,Moyen,4970000.0,Marié,1,1
26,320000,16.0,CDD,3360000,120,3,Bon,710000.0,Célibataire,2,1
36,368000,21.0,CDD,1920000,120,1,Bon,520000.0,Marié,2,1
52,167000,10.0,CDI,6500000,48,2,Moyen,340000.0,Marié,2,0
27,613000,1.0,CDI,24470000,120,1,Moyen,5230000.0,Célibataire,0,1
61,350000,12.0,CDI,13550000,24,3,Mauvais,,Marié,1,0
28,211000,20.0,CDD,5380000,36,4,Bon,670000.0,Célibataire,0,0
24,431000,7.0,CDI,10160000,84,0,Bon,1730000.0,Célibataire,3,1
52,546000,1.0,CDI,20920000,24,3,Mauvais,7570000.0,Marié,0,0
45,298000,23.0,CDD,6290000,36,2,Moyen,2340000.0,Marié,3,0
28,516000,28.0,CDI,10240000,36,1,Bon,940000.0,Célibataire,2,1
49,624000,9.0,Fonctionnaire,19550000,12,2,Moyen,5500000.0,Célibataire,4,0
32,709000,,Indépendant,26690000,120,1,Mauvais,660000.0,Marié,2,1
40,643000,21.0,CDD,15780000,36,3,Mauvais,5160000.0,Marié,1,1
64,492000,10.0,CDD,14330000,36,0,Moyen,3730000.0,Marié,1,0
56,386000,17.0,Indépendant,15240000,12,2,Mauvais,4900000.0,Célibataire,1,0
28,443000,0.0,Indépendant,10770000,120,3,Bon,1380000.0,Célibataire,2,1
61,575000,29.0,CDD,22790000,48,2,Bon,5630000.0,Célibataire,1,1
42,318000,9.0,Indépendant,8590000,36,2,Bon,1540000.0,Marié,2,0
57,425000,1.0,Indépendant,6330000,84,0,Mauvais,1070000.0,Marié,0,0
43,384000,22.0,CDI,13870000,12,1,Bon,4650000.0,Célibataire,1,0
39,475000,15.0,CDI,10780000,24,0,Moyen,960000.0,Divorcé,4,0
25,284000,12.0,CDI,8620000,36,0,Moyen,60000.0,Marié,3,0
46,348000,29.0,CDI,6010000,24,1,Bon,120000.0,Célibataire,1,1
56,979000,13.0,Indépendant,36550000,24,0,Bon,3910000.0,Célibataire,1,0
21,314000,27.0,CDI,5000000,48,0,Moyen,130000.0,Marié,2,1
29,131000,15.0,CDD,1970000,84,3,Bon,660000.0,Célibataire,0,1
53,211000,27.0,Indépendant,1330000,120,0,Bon,470000.0,Célibataire,2,1
51,684000,,Indépendant,12620000,36,3,Moyen,2950000.0,Célibataire,1,0
22,429000,27.0,CDI,9990000,24,0,Moyen,2580000.0,Marié,1,0
35,160000,1.0,Indépendant,2300000,48,1,Bon,480000.0,Marié,0,1
36,497000,22.0,CDD,12450000,24,3,Bon,800000.0,Célibataire,3,0
35,469000,1.0,Indépendant,3520000,12,0,Bon,760000.0,Marié,3,0
35,287000,6.0,CDD,11010000,60,2,Bon,4120000.0,Marié,1,0
51,268000,11.0,CDD,10110000,60,0,Moyen,2590000.0,Célibataire,1,1
48,162000,14.0,CDI,3450000,48,1,Bon,1030000.0,Marié,0,1
24,257000,14.0,Fonctionnaire,9350000,48,0,Mauvais,1340000.0,Marié,1,0
47,923000,17.0,CDI,27080000,48,1,Moyen,6750000.0,Marié,1,1
37,197000,29.0,CDD,2200000,24,1,Moyen,570000.0,Marié,0,1
44,184000,24.0,Indépendant,2720000,120,1,Bon,70000.0,Marié,2,1
22,250000,27.0,Fonctionnaire,8480000,48,1,Mauvais,1290000.0,Marié,0,0
60,543000,26.0,CDI,9840000,36,0,Bon,2150000.0,Marié,3,1
38,229000,19.0,CDI,5430000,12,1,Bon,350000.0,Célibataire,1,0
23,310000,28.0,CDD,2650000,12,0,Bon,830000.0,Célibataire,0,1
23,173000,9.0,CDD,3050000,60,3,Bon,1080000.0,Marié,2,1
22,454000,18.0,CDI,14530000,60,0,Bon,5710000.0,Marié,1,1
56,251000,22.0,CDD,9990000,24,2,Bon,3660000.0,Célibataire,1,0
41,762000,10.0,CDI,6770000,60,1,Moyen,2690000.0,Marié,0,1
57,232000,0.0,Indépendant,2100000,84,1,Moyen,440000.0,Célibataire,0,1
27,292000,22.0,CDD,2230000,60,2,Bon,490000.0,Marié,2,1
44,391000,17.0,CDI,2150000,120,0,Bon,360000.0,Célibataire,1,1
43,440000,9.0,Indépendant,4420000,12,2,Bon,570000.0,Célibataire,0,0
24,206000,17.0,CDI,5020000,60,0,Bon,0.0,Marié,2,1
22,298000,7.0,CDI,4200000,36,2,Bon,1410000.0,Célibataire,1,1
62,188000,0.0,Indépendant,3170000,120,0,Moyen,100000.0,Célibataire,0,1
64,174000,24.0,Fonctionnaire,5920000,12,1,Bon,1980000.0,Divorcé,2,0
21,261000,6.0,CDD,6190000,36,0,Bon,1090000.0,Marié,1,0
42,213000,,CDI,5180000,24,2,Moyen,460000.0,Célibataire,4,0
55,244000,19.0,Fonctionnaire,7510000,120,2,Moyen,1520000.0,Célibataire,2,1
62,175000,20.0,CDD,6850000,84,2,Bon,1300000.0,Marié,1,1
33,425000,28.0,Indépendant,9230000,84,0,Moyen,3660000.0,Célibataire,1,1
40,235000,29.0,CDI,7150000,12,1,Moyen,1340000.0,Marié,2,0
34,576000,25.0,CDI,15230000,12,1,Bon,270000.0,Célibataire,1,0
26,225000,0.0,CDD,8960000,36,0,Mauvais,2490000.0,Célibataire,4,0
62,335000,18.0,Fonctionnaire,1830000,36,0,Bon,500000.0,Célibataire,2,1
40,308000,24.0,Fonctionnaire,8940000,12,0,Bon,3320000.0,Célibataire,1,0
50,561000,14.0,CDI,15600000,60,1,Bon,5650000.0,Marié,0,1
38,222000,27.0,Fonctionnaire,2460000,84,1,Bon,550000.0,Marié,2,1
21,668000,4.0,CDI,16160000,120,2,Bon,3610000.0,Célibataire,4,1
30,236000,15.0,CDI,3320000,60,2,Bon,770000.0,Célibataire,0,1
53,251000,1.0,CDD,3230000,120,1,Bon,70000.0,Divorcé,1,1
34,200000,8.0,CDD,5180000,84,2,Bon,270000.0,Marié,1,1
46,331000,16.0,Indépendant,7530000,120,0,Moyen,110000.0,Divorcé,2,1
31,296000,11.0,CDD,5530000,84,3,Bon,210000.0,Célibataire,1,1
57,265000,23.0,Indépendant,1610000,48,1,Mauvais,140000.0,Marié,4,0
48,80000,28.0,CDD,1650000,84,0,Bon,10000.0,Marié,3,1
59,438000,7.0,Indépendant,16820000,60,3,Moyen,1720000.0,Marié,1,0
23,188000,27.0,Fonctionnaire,7010000,120,1,Mauvais,1110000.0,Célibataire,0,1
29,524000,25.0,CDD,8900000,24,0,Moyen,1070000.0,Marié,1,1
52,494000,15.0,Indépendant,15790000,12,0,Moyen,4040000.0,Marié,0,0
37,460000,2.0,CDI,8860000,36,2,Mauvais,870000.0,Marié,0,0
54,528000,19.0,CDI,14740000,24,2,Bon,2110000.0,Célibataire,3,0
51,172000,18.0,Indépendant,2000000,60,1,Mauvais,760000.0,Marié,3,1
55,146000,12.0,Fonctionnaire,3270000,84,0,Mauvais,580000.0,Marié,0,1
29,375000,28.0,CDI,9310000,60,1,Bon,1840000.0,Célibataire,0,1
22,226000,1.0,Indépendant,9030000,60,0,Bon,1890000.0,Célibataire,1,0
30,297000,,CDI,5940000,60,0,Mauvais,1550000.0,Marié,1,1
46,674000,2.0,CDD,11720000,84,0,Moyen,3130000.0,Marié,1,1
38,369000,11.0,CDI,3290000,24,0,Mauvais,640000.0,Marié,1,1
51,514000,20.0,CDI,3250000,12,0,Bon,790000.0,Marié,1,1
36,110000,16.0,Fonctionnaire,3580000,24,3,Moyen,760000.0,Marié,2,0
46,127000,18.0,Fonctionnaire,3230000,84,0,Bon,170000.0,Marié,5,1
32,444000,9.0,Indépendant,4160000,120,0,Bon,1610000.0,Célibataire,3,1
61,539000,5.0,Indépendant,7420000,48,2,Bon,450000.0,Marié,1,1
29,147000,7.0,Indépendant,4940000,60,1,Bon,1140000.0,Célibataire,1,0
50,373000,21.0,Indépendant,3510000,60,2,Bon,1210000.0,Célibataire,4,1
46,80000,,CDI,1880000,120,4,,110000.0,Célibataire,2,0
58,275000,6.0,CDI,3780000,12,0,Bon,710000.0,Célibataire,3,0
29,382000,21.0,Indépendant,11460000,24,0,Bon,460000.0,Célibataire,1,0
63,354000,2.0,CDI,8650000,84,2,,2990000.0,Marié,2,1
29,236000,15.0,CDI,3740000,120,4,Moyen,990000.0,Marié,1,1
55,774000,5.0,CDI,23670000,84,2,Bon,7330000.0,Marié,0,1
31,855000,3.0,CDI,28540000,48,1,Bon,9160000.0,Divorcé,3,1
22,1163000,24.0,CDD,43940000,48,1,Bon,4660000.0,Célibataire,2,1
50,194000,28.0,CDI,6280000,60,2,Bon,620000.0,Marié,0,1
57,514000,8.0,Fonctionnaire,14960000,120,0,Bon,5640000.0,Célibataire,3,1
62,143000,18.0,CDD,3450000,24,2,Bon,1020000.0,Célibataire,1,0
46,1236000,15.0,Fonctionnaire,30200000,12,1,Moyen,5000000.0,Célibataire,1,0
61,196000,8.0,CDI,7680000,60,1,Moyen,2570000.0,Divorcé,2,0
32,970000,7.0,CDD,18610000,84,0,Moyen,5150000.0,Célibataire,2,1
62,266000,3.0,CDI,5150000,48,1,Bon,1580000.0,Marié,1,1
43,290000,3.0,CDI,9510000,120,1,Bon,1110000.0,Célibataire,0,1
53,99000,15.0,Indépendant,1690000,12,2,Bon,630000.0,Marié,2,0
59,308000,6.0,CDI,5950000,84,2,Bon,2360000.0,Célibataire,1,1
58,415000,12.0,CDI,3060000,12,0,Bon,430000.0,Marié,1,1
38,267000,1.0,CDI,1880000,84,3,Mauvais,680000.0,Célibataire,1,1
45,591000,0.0,Fonctionnaire,21100000,24,1,Bon,3360000.0,Célibataire,1,0
53,634000,26.0,Indépendant,21490000,120,0,Bon,8600000.0,Marié,0,1
64,432000,15.0,CDD,9210000,84,3,Bon,3100000.0,Célibataire,3,1
50,80000,22.0,Indépendant,2430000,84,2,Bon,680000.0,Marié,1,1
60,231000,0.0,Indépendant,5130000,12,1,Bon,1880000.0,Marié,1,0
31,167000,20.0,CDD,6500000,12,0,Moyen,450000.0,Divorcé,0,0
26,269000,16.0,Fonctionnaire,10250000,120,0,Bon,1280000.0,Célibataire,1,1
62,167000,9.0,CDI,2980000,48,3,Moyen,520000.0,Divorcé,1,0
30,384000,3.0,CDI,4230000,84,0,Bon,1670000.0,Marié,3,1
23,613000,3.0,Indépendant,6890000,12,3,Moyen,2340000.0,Marié,0,0
48,667000,9.0,Indépendant,25330000,120,1,Moyen,6520000.0,Divorcé,1,1
60,91000,14.0,CDD,2580000,84,1,Bon,790000.0,Marié,1,1
55,674000,25.0,Indépendant,17300000,60,0,Moyen,6060000.0,Célibataire,1,1
22,634000,11.0,Indépendant,14630000,24,3,Bon,50000.0,Marié,2,0
37,459000,22.0,CDD,8290000,84,0,Mauvais,3020000.0,Marié,1,1
24,217000,21.0,CDD,5270000,120,2,Bon,460000.0,Célibataire,0,1
61,475000,2.0,CDI,14520000,12,1,Bon,5690000.0,Marié,2,0
55,515000,,Indépendant,5230000,36,2,Bon,990000.0,Marié,4,1
31,80000,18.0,CDI,1310000,12,1,Mauvais,520000.0,Célibataire,4,0
55,468000,16.0,Indépendant,4640000,60,0,Bon,880000.0,Célibataire,2,1
26,173000,29.0,CDI,1780000,120,2,Moyen,320000.0,Célibataire,4,1
23,183000,5.0,Indépendant,1970000,12,3,Bon,740000.0,Célibataire,1,0
61,879000,27.0,CDD,26190000,84,0,Bon,3700000.0,Divorcé,2,1
31,103000,3.0,CDD,890000,84,3,Moyen,90000.0,Marié,1,0
40,955000,8.0,CDI,34980000,60,1,Bon,370000.0,Marié,0,1
26,446000,0.0,Indépendant,5720000,12,1,Moyen,1250000.0,Marié,0,0
33,376000,27.0,Indépendant,2070000,60,1,Bon,530000.0,Célibataire,2,1
21,581000,19.0,CDI,12560000,36,1,Moyen,2150000.0,Marié,1,1
45,289000,7.0,CDI,7460000,60,1,Bon,410000.0,Marié,1,1
38,416000,27.0,CDI,16080000,36,0,Bon,3160000.0,Marié,1,1
40,279000,1.0,Indépendant,3970000,12,1,Moyen,230000.0,Célibataire,1,0
51,363000,5.0,CDD,2870000,120,0,Bon,190000.0,Célibataire,0,1
49,356000,27.0,Indépendant,3810000,120,0,Moyen,400000.0,Divorcé,1,1
26,477000,4.0,CDD,15220000,36,2,Mauvais,6080000.0,Célibataire,1,0
23,252000,11.0,Indépendant,7920000,12,0,Bon,1840000.0,Divorcé,0,0
45,151000,20.0,CDD,2520000,60,0,Bon,620000.0,Marié,0,1
58,237000,8.0,CDI,3180000,48,0,Bon,290000.0,Divorcé,4,1
46,734000,7.0,CDI,18700000,84,2,Moyen,2070000.0,Célibataire,0,1
26,242000,24.0,CDD,2820000,120,0,Moyen,190000.0,Célibataire,1,1
37,596000,17.0,Indépendant,8230000,24,1,Mauvais,2030000.0,Marié,4,1
52,89000,20.0,CDD,3550000,120,1,Bon,620000.0,Célibataire,1,1
51,220000,16.0,Indépendant,5170000,12,0,Moyen,10000.0,Marié,0,0
36,187000,18.0,CDD,7450000,36,1,Mauvais,2050000.0,Célibataire,0,0
23,214000,11.0,CDI,4890000,48,3,Moyen,250000.0,Célibataire,1,0
22,279000,1.0,Fonctionnaire,2320000,120,0,Moyen,790000.0,Divorcé,0,1
30,211000,29.0,Fonctionnaire,3080000,12,2,Bon,70000.0,Marié,1,0
31,254000,25.0,CDD,7320000,36,2,Moyen,2420000.0,Marié,2,0
31,399000,19.0,CDD,6310000,84,1,Moyen,570000.0,Marié,2,1
57,912000,10.0,Fonctionnaire,16430000,48,3,Mauvais,4790000.0,Célibataire,1,1
28,185000,12.0,CDD,5380000,84,2,Bon,1630000.0,Célibataire,1,1
24,527000,20.0,Indépendant,3360000,36,0,Bon,1340000.0,Marié,0,1
54,171000,14.0,CDI,5600000,12,1,Bon,2040000.0,Divorcé,1,0
25,467000,29.0,CDD,7650000,120,1,Mauvais,610000.0,Marié,1,1
39,80000,4.0,CDD,2810000,84,0,Bon,960000.0,Marié,3,0
34,80000,26.0,CDD,1950000,48,0,Moyen,30000.0,Célibataire,0,1
27,290000,14.0,CDI,8380000,36,0,Bon,2450000.0,Célibataire,1,1
35,135000,3.0,CDD,870000,36,0,Mauvais,300000.0,Marié,2,0
42,328000,25.0,Indépendant,12970000,48,1,Bon,4870000.0,Marié,3,0
36,175000,17.0,CDD,6490000,12,0,Bon,400000.0,Célibataire,1,0
52,460000,16.0,CDD,15780000,36,2,Bon,5080000.0,Divorcé,1,0
52,245000,17.0,CDD,3630000,36,1,Mauvais,90000.0,Marié,4,0
58,663000,29.0,CDD,20830000,12,3,Bon,1730000.0,Marié,0,0
52,176000,12.0,CDI,1710000,36,1,,180000.0,Célibataire,2,1
28,346000,19.0,CDD,5230000,84,0,Bon,270000.0,Marié,1,1
57,265000,1.0,Indépendant,9900000,12,2,Bon,2170000.0,Divorcé,1,0
63,204000,0.0,Indépendant,8150000,36,1,Bon,1200000.0,Célibataire,1,0
52,156000,10.0,CDD,3880000,60,1,Bon,540000.0,Marié,0,1
50,810000,25.0,Indépendant,26180000,48,1,Bon,8510000.0,Marié,0,1
58,466000,6.0,Indépendant,14680000,120,0,Bon,2890000.0,Marié,2,1
57,182000,4.0,Indépendant,5850000,12,0,Bon,680000.0,Marié,1,0
23,946000,11.0,CDD,21120000,24,0,Bon,770000.0,Célibataire,0,1
46,264000,24.0,CDD,6670000,48,1,,280000.0,Célibataire,2,0
60,155000,12.0,Indépendant,5730000,12,1,Bon,1620000.0,Marié,2,0
48,162000,19.0,CDI,6280000,60,1,Bon,1330000.0,Célibataire,0,1
52,733000,1.0,CDD,5350000,84,1,Moyen,1420000.0,Célibataire,0,1
62,317000,21.0,CDD,2130000,60,2,Mauvais,740000.0,Marié,1,1
25,221000,25.0,CDD,7930000,48,1,Bon,1130000.0,Célibataire,0,0
27,256000,29.0,Indépendant,10150000,84,3,Bon,2530000.0,Marié,2,1
34,463000,13.0,CDD,15620000,48,1,Bon,4680000.0,Marié,1,1
33,390000,18.0,Indépendant,9600000,120,1,Bon,120000.0,Célibataire,0,1
36,80000,17.0,CDD,940000,120,1,Moyen,210000.0,Marié,2,1
49,396000,3.0,CDD,2380000,60,0,Bon,780000.0,Célibataire,1,1
36,140000,9.0,CDI,2740000,84,0,Bon,140000.0,Divorcé,1,1
34,318000,27.0,Indépendant,7210000,60,2,Moyen,710000.0,Célibataire,1,1
60,320000,16.0,CDD,3310000,48,0,Bon,10000.0,Marié,1,1
47,129000,12.0,CDI,2720000,120,1,Moyen,1000000.0,Marié,2,1
44,205000,13.0,CDD,7780000,24,2,Mauvais,2930000.0,Marié,2,0
46,495000,10.0,CDI,5700000,12,1,Moyen,1500000.0,Célibataire,1,0
37,203000,20.0,CDD,7570000,48,2,Bon,170000.0,Marié,1,0
44,444000,7.0,Indépendant,17260000,120,1,Bon,2650000.0,Célibataire,1,1
32,389000,20.0,CDD,4100000,60,1,Mauvais,950000.0,Célibataire,2,1
31,302000,12.0,Fonctionnaire,5960000,120,2,Moyen,630000.0,Marié,2,1
49,260000,27.0,CDI,1930000,84,1,Bon,60000.0,Divorcé,1,1
45,291000,18.0,CDD,10390000,36,2,Moyen,3810000.0,Marié,1,0
24,406000,23.0,CDI,11160000,48,2,Bon,2990000.0,Marié,2,1
28,677000,12.0,Indépendant,25400000,36,1,Moyen,1750000.0,Marié,0,0
28,165000,29.0,Indépendant,6090000,12,3,Bon,1660000.0,Célibataire,2,0
49,250000,18.0,CDI,9540000,120,1,Bon,10000.0,Célibataire,3,1
64,107000,19.0,CDD,4200000,24,4,Bon,850000.0,Célibataire,2,0
64,157000,28.0,CDD,4480000,24,2,Moyen,1010000.0,Célibataire,1,0
61,386000,15.0,Fonctionnaire,5060000,48,2,Bon,910000.0,Divorcé,1,1
45,965000,6.0,CDD,30470000,120,2,Bon,3350000.0,Marié,1,1
30,500000,8.0,CDD,14930000,24,2,Moyen,5380000.0,Célibataire,2,0
42,522000,2.0,Fonctionnaire,13800000,36,3,Bon,4460000.0,Marié,2,0
24,260000,16.0,Fonctionnaire,5260000,48,2,Moyen,580000.0,Célibataire,2,1
49,473000,20.0,CDI,18080000,36,0,Bon,4830000.0,Marié,1,1
58,346000,11.0,CDD,13800000,36,1,Bon,,Célibataire,5,0
50,785000,26.0,CDI,15310000,120,0,Mauvais,2340000.0,Marié,1,1
56,422000,25.0,CDD,10710000,48,1,Bon,3040000.0,Divorcé,0,1
64,439000,15.0,CDI,2790000,12,1,Moyen,150000.0,Divorcé,1,1
46,164000,7.0,CDI,5260000,36,2,Bon,1860000.0,Célibataire,3,0
42,622000,24.0,CDI,14070000,24,0,Moyen,1710000.0,Célibataire,3,1
64,267000,27.0,CDD,10320000,24,2,Bon,3050000.0,Célibataire,2,0
26,83000,28.0,CDD,1850000,120,4,Bon,260000.0,Marié,1,1
54,85000,24.0,Indépendant,490000,12,0,Bon,190000.0,Marié,0,1
34,722000,17.0,CDD,20230000,48,1,Mauvais,3790000.0,Marié,1,1
63,109000,3.0,CDD,1690000,84,0,Moyen,590000.0,Célibataire,0,1
42,117000,15.0,Fonctionnaire,1970000,12,1,Moyen,,Célibataire,1,0
35,318000,9.0,CDI,1710000,60,3,Bon,420000.0,Marié,0,1
55,175000,20.0,CDI,1130000,120,0,Moyen,270000.0,Divorcé,1,1
23,423000,13.0,CDI,3740000,60,1,Mauvais,340000.0,Célibataire,3,1
36,476000,4.0,CDI,6560000,120,2,Bon,2340000.0,Célibataire,1,1
50,448000,26.0,Fonctionnaire,6000000,36,2,Bon,1030000.0,Marié,2,1
62,257000,10.0,Fonctionnaire,3750000,60,1,Bon,590000.0,Divorcé,2,1
60,308000,21.0,CDD,10610000,120,1,Moyen,230000.0,Célibataire,3,1
36,258000,21.0,CDI,5560000,24,3,Mauvais,1880000.0,Marié,0,0
37,133000,25.0,CDD,4380000,12,0,Bon,1380000.0,Célibataire,0,0
55,220000,0.0,CDD,3020000,48,2,Bon,610000.0,Marié,4,0
63,241000,3.0,CDI,7210000,12,1,Bon,2790000.0,Marié,2,0
22,222000,11.0,Fonctionnaire,1330000,84,2,Mauvais,320000.0,Marié,1,1
33,306000,2.0,CDD,1930000,36,1,Bon,200000.0,Marié,2,1
29,325000,14.0,CDD,11360000,120,3,Moyen,3260000.0,Célibataire,3,0
22,382000,8.0,CDD,14410000,48,0,Moyen,150000.0,Divorcé,2,0
30,457000,13.0,CDD,16480000,36,2,Bon,1680000.0,Marié,0,0
33,245000,4.0,CDI,2360000,36,1,Mauvais,120000.0,Divorcé,2,0
54,117000,12.0,Indépendant,1110000,120,0,Moyen,310000.0,Marié,1,1
36,1094000,23.0,Indépendant,17340000,48,1,Mauvais,800000.0,Célibataire,1,1
42,301000,8.0,Indépendant,2970000,60,1,Bon,110000.0,Marié,1,1
62,445000,6.0,CDI,10820000,84,1,Moyen,3430000.0,Marié,3,1
40,397000,22.0,CDD,13400000,36,2,Bon,210000.0,Célibataire,1,0
51,348000,15.0,CDI,11430000,36,1,Moyen,1690000.0,Marié,1,0
37,683000,24.0,Indépendant,3650000,48,2,Bon,1170000.0,Marié,3,1
34,203000,27.0,Fonctionnaire,3600000,24,0,Moyen,1000000.0,Célibataire,1,1
32,496000,27.0,CDI,13120000,84,1,Bon,4700000.0,Marié,1,1
63,190000,4.0,CDI,2580000,48,3,Mauvais,920000.0,Célibataire,2,0
59,590000,20.0,CDD,10530000,48,0,Bon,2590000.0,Marié,2,1
54,327000,19.0,CDI,8140000,24,0,Bon,3130000.0,Célibataire,2,1
40,226000,16.0,Fonctionnaire,7600000,120,0,Bon,2680000.0,Marié,1,1
31,186000,18.0,Fonctionnaire,6860000,24,0,Bon,2310000.0,Divorcé,2,0
50,80000,16.0,CDI,2560000,48,0,Bon,230000.0,Célibataire,1,1
51,513000,29.0,CDI,5990000,48,1,Bon,720000.0,Divorcé,2,1
25,357000,20.0,Indépendant,3690000,48,2,Moyen,1220000.0,Marié,3,1
45,418000,7.0,CDI,14170000,84,3,Moyen,1170000.0,Célibataire,0,1
32,153000,29.0,CDI,4790000,60,1,Bon,1300000.0,Marié,2,1
43,296000,8.0,CDI,2670000,36,4,Moyen,460000.0,Célibataire,0,1
49,312000,15.0,CDI,4130000,48,0,Moyen,1150000.0,Célibataire,1,1
42,208000,16.0,CDD,4410000,120,1,Bon,1150000.0,Marié,2,1
39,138000,11.0,Indépendant,2760000,120,1,Bon,960000.0,Célibataire,1,1
28,126000,25.0,CDI,2250000,48,0,Mauvais,280000.0,Marié,3,1
64,299000,,CDI,6030000,36,1,Bon,40000.0,Célibataire,3,1
58,484000,16.0,CDI,18740000,24,1,Moyen,5380000.0,Divorcé,2,0
48,423000,28.0,CDI,9880000,84,0,Bon,90000.0,Célibataire,2,1
35,112000,23.0,CDI,3350000,48,0,Bon,400000.0,Marié,2,1
60,410000,20.0,CDI,12360000,60,0,Bon,4200000.0,Marié,1,1
47,109000,24.0,CDD,2710000,12,0,Mauvais,610000.0,Marié,1,0
54,506000,2.0,CDD,10750000,60,1,Bon,2860000.0,Marié,1,1
64,355000,1.0,CDI,3890000,24,3,Moyen,730000.0,Marié,1,0
53,118000,3.0,CDI,4360000,36,0,Moyen,20000.0,Marié,0,0
22,332000,20.0,Indépendant,7440000,60,3,Bon,1860000.0,Divorcé,1,1
24,114000,0.0,CDI,4120000,36,0,Bon,130000.0,Célibataire,4,0
61,217000,12.0,Indépendant,8510000,60,5,Bon,2580000.0,Marié,5,0
63,897000,16.0,CDI,25120000,120,2,Bon,3850000.0,Célibataire,0,1
36,378000,29.0,CDD,6450000,48,1,Bon,680000.0,Marié,2,1
55,144000,13.0,CDD,4620000,12,2,Mauvais,250000.0,Célibataire,2,0
47,726000,1.0,CDI,20710000,24,1,Bon,6930000.0,Marié,0,0
31,342000,6.0,CDD,2170000,36,2,Bon,820000.0,Célibataire,0,1
39,402000,23.0,CDD,11480000,120,1,Bon,2210000.0,Marié,3,1
37,324000,10.0,CDD,10410000,48,0,Moyen,700000.0,Marié,1,0
39,188000,0.0,CDD,4730000,24,2,Mauvais,1360000.0,Marié,0,0
31,825000,23.0,CDD,7310000,12,0,Bon,2690000.0,Célibataire,1,1
39,312000,8.0,CDI,2970000,60,0,Moyen,1190000.0,Marié,1,1
32,112000,6.0,CDD,620000,120,2,Mauvais,50000.0,Célibataire,0,0
53,129000,20.0,Indépendant,1840000,24,1,Bon,550000.0,Célibataire,4,0
62,679000,11.0,CDI,13240000,84,1,Bon,2530000.0,Divorcé,0,1
53,263000,23.0,Fonctionnaire,10510000,60,1,,4000000.0,Marié,2,1
37,337000,2.0,Fonctionnaire,10880000,48,3,Bon,2920000.0,Marié,3,0
42,255000,13.0,CDI,1290000,120,3,Moyen,250000.0,Célibataire,2,1
54,220000,21.0,CDD,6550000,84,2,Bon,1080000.0,Célibataire,0,1
32,668000,8.0,CDI,24850000,12,0,Bon,2070000.0,Marié,1,0
52,439000,7.0,Indépendant,11650000,84,1,Moyen,3950000.0,Célibataire,0,1
25,253000,15.0,Indépendant,5770000,48,2,Bon,460000.0,Marié,0,0
35,589000,6.0,Indépendant,21400000,12,0,Bon,5070000.0,Marié,2,0
25,308000,21.0,CDI,4120000,48,1,Bon,1470000.0,Marié,1,1
28,215000,25.0,Fonctionnaire,2890000,36,1,Bon,410000.0,Marié,2,1
63,470000,27.0,CDI,12880000,60,1,Moyen,1780000.0,Célibataire,3,1
64,192000,0.0,CDI,3620000,60,0,Bon,1160000.0,Marié,1,1
21,546000,25.0,CDI,12450000,12,0,Bon,3180000.0,Marié,2,0
63,658000,24.0,Indépendant,12660000,24,1,Bon,1750000.0,Marié,1,1
32,208000,19.0,CDI,8020000,120,1,Mauvais,3120000.0,Célibataire,1,1
37,275000,3.0,CDD,9300000,36,2,Bon,3130000.0,Célibataire,4,0
21,177000,,CDI,1530000,120,2,Moyen,530000.0,Célibataire,3,1
35,450000,4.0,Fonctionnaire,3000000,60,1,Bon,540000.0,Célibataire,1,1
22,382000,5.0,Fonctionnaire,8700000,84,0,Bon,1020000.0,Célibataire,1,1
42,219000,15.0,Indépendant,7560000,84,1,Bon,2400000.0,Célibataire,3,1
47,205000,28.0,CDI,4690000,48,2,Bon,1340000.0,Marié,1,1
38,681000,9.0,CDI,17680000,60,3,Bon,6420000.0,Marié,0,1
60,338000,,CDD,8690000,36,0,Bon,1830000.0,Marié,1,1
39,164000,20.0,CDI,5350000,12,0,Moyen,170000.0,Marié,1,0
44,623000,11.0,CDD,12420000,84,2,Bon,,Célibataire,2,1
27,724000,2.0,CDD,5830000,120,0,Moyen,2160000.0,Marié,2,1
41,382000,26.0,CDI,3590000,24,0,Moyen,690000.0,Marié,0,1
51,407000,19.0,CDD,10530000,36,1,Moyen,3750000.0,Marié,0,1
48,220000,7.0,Indépendant,3750000,120,0,Bon,530000.0,Marié,1,1
31,679000,9.0,Fonctionnaire,24580000,36,2,Moyen,3050000.0,Célibataire,0,0
55,781000,5.0,CDD,29020000,12,0,Bon,5970000.0,Célibataire,0,0
39,516000,28.0,CDI,14910000,84,1,Bon,80000.0,Marié,2,1
47,581000,15.0,Fonctionnaire,21090000,84,1,Moyen,1840000.0,Marié,1,1
31,372000,10.0,CDI,13200000,36,2,Moyen,510000.0,Divorcé,2,0
64,459000,27.0,CDD,5390000,48,1,,440000.0,Célibataire,1,1
46,80000,,CDI,2030000,36,2,Moyen,50000.0,Célibataire,0,0
35,284000,27.0,CDI,1700000,60,1,Bon,120000.0,Célibataire,0,1
31,82000,6.0,CDI,3150000,120,2,Bon,390000.0,Marié,0,1
40,197000,21.0,CDI,2410000,24,1,Bon,790000.0,Marié,4,1
33,503000,6.0,CDD,7660000,36,1,Mauvais,3020000.0,Marié,1,0
50,109000,18.0,CDI,2160000,48,2,Bon,760000.0,Marié,1,1
36,365000,24.0,CDD,2970000,24,0,Bon,1160000.0,Marié,0,1
64,784000,28.0,Fonctionnaire,13290000,24,0,Mauvais,4630000.0,Marié,1,1
25,387000,12.0,CDD,10550000,36,1,Bon,3260000.0,Marié,1,0
38,422000,19.0,Fonctionnaire,9080000,36,3,Bon,640000.0,Marié,2,1
42,80000,0.0,CDD,2240000,120,0,Bon,710000.0,Marié,2,0
55,366000,22.0,CDI,12380000,60,2,Mauvais,2050000.0,Célibataire,2,0
36,548000,14.0,CDD,16340000,24,0,Bon,4090000.0,Marié,3,0
53,933000,18.0,CDI,16510000,24,1,Moyen,6040000.0,Marié,2,1
42,94000,6.0,CDI,940000,120,4,Bon,20000.0,Célibataire,2,1
40,545000,17.0,CDD,9730000,84,1,Bon,120000.0,Marié,4,1
61,357000,24.0,Indépendant,7730000,84,0,Bon,980000.0,Célibataire,4,1
30,110000,27.0,CDI,830000,84,1,Bon,300000.0,Marié,2,1
25,241000,14.0,CDI,2440000,12,0,Bon,530000.0,Divorcé,2,0
35,339000,14.0,Indépendant,13520000,48,1,Bon,2010000.0,Divorcé,1,0
46,365000,22.0,CDI,2440000,60,0,Bon,450000.0,Marié,0,1
43,477000,6.0,Indépendant,3720000,120,0,Bon,360000.0,Marié,5,1
57,279000,23.0,CDI,5460000,60,1,Moyen,1240000.0,Célibataire,2,1
28,386000,6.0,Fonctionnaire,5140000,120,1,Bon,1710000.0,Célibataire,3,1
29,273000,19.0,CDD,7600000,120,1,Bon,2110000.0,Célibataire,1,1
35,289000,3.0,Indépendant,7410000,24,6,Moyen,1780000.0,Marié,1,0
41,177000,0.0,Indépendant,5090000,48,1,Moyen,1750000.0,Marié,1,0
48,251000,7.0,CDD,7170000,48,1,Bon,1100000.0,Célibataire,1,0
22,184000,15.0,CDI,2740000,24,1,Moyen,430000.0,Marié,1,0
62,319000,24.0,Indépendant,3890000,84,1,Bon,1470000.0,Marié,3,1
26,216000,25.0,Indépendant,5840000,24,1,Moyen,570000.0,Célibataire,3,0
57,103000,29.0,CDI,1640000,24,3,Bon,10000.0,Célibataire,5,0
27,257000,19.0,Indépendant,7360000,24,1,Bon,1360000.0,Marié,2,0
38,344000,23.0,CDD,10360000,48,1,Moyen,3550000.0,Célibataire,0,1
59,250000,7.0,Fonctionnaire,8380000,36,0,Moyen,1870000.0,Célibataire,1,0
23,652000,11.0,CDD,23460000,12,1,Moyen,5450000.0,Célibataire,1,0
39,137000,11.0,Fonctionnaire,3710000,48,0,Moyen,590000.0,Célibataire,1,0
51,193000,1.0,Fonctionnaire,7340000,36,1,Moyen,780000.0,Marié,0,0
29,488000,28.0,CDI,16230000,60,2,Bon,3780000.0,Célibataire,0,1
43,207000,3.0,Fonctionnaire,3020000,12,1,Bon,320000.0,Célibataire,1,0
37,380000,24.0,Indépendant,11500000,60,0,Moyen,4530000.0,Marié,1,1
34,195000,24.0,Indépendant,4570000,24,0,Bon,130000.0,Marié,0,0
50,166000,26.0,Fonctionnaire,4180000,84,1,Bon,1100000.0,Célibataire,2,1
24,421000,14.0,Indépendant,8460000,84,3,Bon,1790000.0,Marié,2,1
39,329000,8.0,Fonctionnaire,12730000,48,0,Bon,3500000.0,Divorcé,1,0
39,358000,17.0,CDI,10550000,84,2,Mauvais,2920000.0,Célibataire,1,1
51,513000,12.0,CDD,3320000,48,2,Moyen,610000.0,Célibataire,3,1
59,401000,23.0,Indépendant,6330000,24,0,Bon,2470000.0,Célibataire,1,1
39,317000,12.0,CDI,2470000,120,0,Moyen,440000.0,Marié,0,1
35,632000,13.0,CDI,17120000,120,0,Bon,910000.0,Divorcé,2,1
37,196000,15.0,Fonctionnaire,3160000,12,1,Mauvais,1110000.0,Marié,1,0
36,457000,18.0,Fonctionnaire,7970000,60,1,Bon,1300000.0,Marié,4,1
57,556000,9.0,CDI,20210000,24,2,Bon,5780000.0,Célibataire,2,0
34,574000,11.0,CDD,22750000,84,1,Moyen,7210000.0,Célibataire,2,1
24,230000,28.0,Indépendant,2100000,60,1,Bon,100000.0,Divorcé,1,1
38,437000,10.0,CDI,6000000,120,0,Moyen,1690000.0,Célibataire,1,1
37,564000,27.0,Fonctionnaire,3360000,120,0,Moyen,560000.0,Célibataire,0,1
52,204000,5.0,CDI,4060000,48,1,Mauvais,680000.0,Marié,0,0
26,359000,0.0,CDD,2660000,36,1,Bon,490000.0,Célibataire,1,1
25,757000,27.0,CDI,22900000,24,1,Bon,1050000.0,Célibataire,1,1
60,394000,22.0,Indépendant,12470000,12,2,Moyen,790000.0,Marié,2,0
25,221000,,Fonctionnaire,1230000,60,2,Bon,170000.0,Marié,1,1
41,743000,,CDD,15470000,60,2,Mauvais,5610000.0,Célibataire,1,1
32,238000,10.0,CDD,6130000,24,1,Mauvais,260000.0,Marié,0,0
47,779000,7.0,CDI,7660000,12,2,Moyen,1570000.0,Marié,1,1
53,437000,3.0,CDI,15290000,60,1,Moyen,1540000.0,Célibataire,1,1
36,549000,19.0,CDI,9990000,60,1,Mauvais,2180000.0,Célibataire,1,1
47,711000,12.0,CDI,11590000,60,1,Mauvais,780000.0,Célibataire,3,1
30,177000,14.0,CDD,3000000,36,1,Bon,130000.0,Célibataire,2,1
35,170000,11.0,CDD,5440000,12,0,Bon,500000.0,Marié,3,0
28,299000,5.0,CDI,10090000,120,0,Moyen,1620000.0,Célibataire,1,1
27,429000,24.0,CDD,12130000,12,1,Bon,2000000.0,Marié,3,0
47,419000,17.0,CDD,11730000,60,2,Bon,890000.0,Marié,1,1
43,529000,16.0,CDI,10200000,120,0,Bon,2790000.0,Divorcé,1,1
43,533000,15.0,CDI,15340000,60,0,Bon,3910000.0,Marié,1,1
29,726000,8.0,Indépendant,22330000,24,1,Moyen,6780000.0,Divorcé,3,0
41,383000,22.0,Fonctionnaire,3690000,60,0,Moyen,650000.0,Marié,3,1
44,195000,,Indépendant,1390000,60,1,Bon,20000.0,Marié,0,1
38,134000,18.0,CDD,5120000,120,0,Moyen,1610000.0,Marié,0,1
38,257000,9.0,Fonctionnaire,4190000,120,0,Bon,50000.0,Marié,0,1
26,208000,3.0,CDD,3530000,12,0,Mauvais,20000.0,Divorcé,0,0
40,188000,7.0,Indépendant,4610000,12,3,Bon,810000.0,Marié,0,0
63,967000,0.0,CDD,9100000,36,1,Bon,1430000.0,Marié,2,1
59,89000,16.0,Fonctionnaire,1150000,60,0,Bon,110000.0,Célibataire,3,1
28,470000,17.0,Fonctionnaire,6620000,24,4,Bon,1770000.0,Célibataire,1,1
62,179000,6.0,CDD,6510000,60,1,,1370000.0,Célibataire,2,0
26,156000,17.0,Indépendant,5920000,84,2,Bon,650000.0,Divorcé,0,1
26,178000,28.0,Fonctionnaire,4610000,36,0,Mauvais,620000.0,Célibataire,0,0
27,245000,11.0,Indépendant,4560000,36,2,Bon,1130000.0,Marié,2,0
31,234000,22.0,CDD,8580000,24,0,Moyen,2830000.0,Divorcé,1,0
46,253000,26.0,Indépendant,3970000,12,0,Bon,1130000.0,Célibataire,1,0
40,140000,16.0,CDD,910000,84,0,Moyen,20000.0,Célibataire,4,1
44,94000,24.0,CDI,1160000,12,1,Bon,260000.0,Célibataire,3,0
28,540000,21.0,CDD,10160000,120,0,Bon,1100000.0,Marié,1,1
52,737000,5.0,CDI,9640000,84,1,Bon,900000.0,Marié,0,1
29,417000,17.0,CDI,6430000,120,2,Bon,2160000.0,Célibataire,5,1
43,463000,28.0,CDI,16980000,60,1,Moyen,2950000.0,Célibataire,2,1
33,80000,16.0,CDI,1830000,60,0,Moyen,550000.0,Divorcé,1,1
25,312000,1.0,CDI,8800000,36,2,Moyen,3190000.0,Marié,2,0
34,430000,3.0,Fonctionnaire,11140000,120,1,Mauvais,550000.0,Célibataire,2,1
44,442000,8.0,Indépendant,16830000,60,3,Moyen,5350000.0,Marié,2,0
22,117000,14.0,CDI,1680000,60,1,Bon,490000.0,Divorcé,2,1
23,562000,29.0,CDD,21870000,120,1,Bon,3030000.0,Marié,3,1
62,314000,28.0,Indépendant,5660000,36,1,Moyen,640000.0,Marié,0,1
33,621000,22.0,Fonctionnaire,13010000,84,4,Bon,3560000.0,Marié,2,1
35,640000,6.0,CDD,16590000,84,0,Bon,2160000.0,Marié,0,1
53,170000,12.0,Fonctionnaire,3020000,24,0,Mauvais,690000.0,Divorcé,2,0
27,822000,22.0,Fonctionnaire,21150000,84,1,Bon,1500000.0,Marié,1,1
63,285000,28.0,CDI,4660000,84,0,Bon,1340000.0,Célibataire,1,1
35,641000,,CDI,8470000,12,3,Bon,1920000.0,Célibataire,0,0
31,654000,27.0,CDD,22930000,60,2,Moyen,5950000.0,Marié,2,1
51,473000,13.0,Fonctionnaire,17530000,48,0,Bon,3940000.0,Célibataire,2,1
23,218000,23.0,Indépendant,5490000,12,0,Bon,930000.0,Marié,0,0
31,257000,16.0,CDI,7120000,48,1,Moyen,820000.0,Célibataire,3,0
23,129000,2.0,CDI,2900000,12,1,Mauvais,290000.0,Célibataire,2,0
46,448000,15.0,CDD,3640000,12,2,Moyen,1080000.0,Célibataire,0,1
35,139000,24.0,CDI,2220000,48,1,Bon,370000.0,Marié,1,1
50,415000,18.0,CDI,14640000,36,3,Bon,1830000.0,Marié,1,0
55,127000,27.0,CDI,2320000,36,1,Moyen,650000.0,Célibataire,0,0
50,233000,3.0,Fonctionnaire,1250000,120,1,Moyen,10000.0,Marié,0,1
21,595000,8.0,Indépendant,9150000,48,0,Bon,2720000.0,Célibataire,1,1
44,80000,2.0,CDD,1410000,120,0,Moyen,50000.0,Célibataire,5,0
31,234000,26.0,Fonctionnaire,5160000,120,2,,1010000.0,Marié,2,1
28,489000,25.0,Indépendant,8380000,24,0,Bon,480000.0,Marié,1,1
61,626000,20.0,Indépendant,21660000,48,1,Bon,4810000.0,Marié,1,1
29,828000,17.0,Fonctionnaire,25070000,60,2,Bon,2340000.0,Célibataire,3,1
52,238000,27.0,CDI,9340000,24,1,Mauvais,410000.0,Marié,1,0
59,397000,17.0,CDD,6310000,24,1,Bon,1920000.0,Marié,1,1
35,120000,5.0,CDI,1350000,36,2,Moyen,530000.0,Divorcé,1,1
23,450000,0.0,CDI,10530000,84,0,Mauvais,870000.0,Marié,0,1
32,229000,0.0,Fonctionnaire,7070000,120,0,Bon,1960000.0,Marié,1,1
36,294000,23.0,CDI,5340000,12,1,Mauvais,360000.0,Marié,0,0
24,114000,21.0,CDI,1700000,48,0,Bon,650000.0,Divorcé,3,1
60,130000,20.0,CDI,3070000,120,0,Mauvais,750000.0,Marié,4,1
57,454000,5.0,Indépendant,13250000,120,3,Bon,5060000.0,Célibataire,1,1
51,430000,9.0,CDD,3090000,84,1,Moyen,250000.0,Marié,3,1
57,301000,21.0,Indépendant,11630000,60,2,Moyen,620000.0,Marié,0,0
27,444000,28.0,CDD,4470000,84,2,Bon,220000.0,Célibataire,0,1
62,142000,8.0,CDD,4940000,120,1,Moyen,1160000.0,Marié,2,0
39,80000,11.0,CDI,830000,12,2,Mauvais,240000.0,Marié,1,0
33,353000,29.0,Fonctionnaire,2590000,48,1,Bon,730000.0,Marié,2,1
26,409000,5.0,CDI,14940000,36,1,Moyen,2640000.0,Marié,0,0
42,221000,5.0,Fonctionnaire,1120000,48,2,Bon,0.0,Marié,2,1
52,155000,18.0,Indépendant,5590000,24,1,Bon,700000.0,Célibataire,1,0
54,428000,25.0,CDD,2590000,48,1,Moyen,340000.0,Marié,1,1
46,151000,16.0,Indépendant,3340000,60,3,Moyen,560000.0,Marié,1,0
37,291000,22.0,Fonctionnaire,4640000,84,1,Bon,230000.0,Marié,1,1
30,297000,27.0,CDD,6590000,36,1,Moyen,1210000.0,Divorcé,2,1
63,312000,23.0,CDI,2580000,36,1,Bon,120000.0,Célibataire,4,1
56,428000,,Fonctionnaire,11120000,36,0,Bon,1370000.0,Marié,0,1
46,358000,5.0,Fonctionnaire,12980000,48,0,Bon,400000.0,Divorcé,0,1
33,171000,6.0,Fonctionnaire,1510000,48,0,Bon,490000.0,Célibataire,3,1
50,367000,27.0,CDI,10900000,84,1,Moyen,2960000.0,Marié,1,1
34,411000,16.0,Indépendant,15530000,12,1,Moyen,3900000.0,Divorcé,3,0
31,382000,21.0,CDD,10970000,24,2,Bon,2400000.0,Célibataire,1,0
38,147000,5.0,Fonctionnaire,4470000,84,0,Bon,1080000.0,Célibataire,1,1
42,210000,28.0,CDI,5660000,12,0,,1410000.0,Marié,3,0
43,80000,7.0,Indépendant,1150000,60,4,Bon,370000.0,Marié,1,1
57,570000,22.0,Indépendant,4400000,48,2,Bon,1520000.0,Marié,1,1
27,383000,11.0,CDD,5640000,84,0,Moyen,390000.0,Célibataire,3,1
22,458000,12.0,Indépendant,3040000,36,2,Moyen,700000.0,Marié,1,1
45,588000,27.0,CDI,9370000,36,1,Moyen,1640000.0,Divorcé,0,1
59,233000,,Fonctionnaire,3710000,60,1,Bon,820000.0,Marié,4,1
44,192000,10.0,CDD,6420000,36,0,Mauvais,1360000.0,Célibataire,0,0
63,476000,8.0,CDD,15850000,12,1,Bon,6240000.0,Célibataire,5,0
41,457000,22.0,CDI,12570000,36,2,Bon,2700000.0,Marié,2,1
37,435000,9.0,CDI,8510000,120,1,Bon,1640000.0,Célibataire,1,1
44,498000,19.0,Indépendant,7450000,24,2,Moyen,1500000.0,Célibataire,0,1
43,496000,17.0,CDD,3120000,36,2,Moyen,670000.0,Marié,0,1
55,202000,22.0,Indépendant,6110000,24,1,Bon,1520000.0,Célibataire,3,0
42,183000,19.0,CDI,2940000,36,1,Moyen,870000.0,Célibataire,1,1
29,648000,26.0,Fonctionnaire,25070000,84,0,Bon,2980000.0,Marié,1,1
35,106000,18.0,CDI,1410000,24,0,Bon,170000.0,Marié,2,1
60,211000,13.0,CDD,6540000,36,2,Mauvais,2490000.0,Marié,0,0
42,218000,23.0,Fonctionnaire,4950000,12,2,Moyen,1640000.0,Célibataire,1,0
30,281000,26.0,Fonctionnaire,7150000,36,1,Moyen,1350000.0,Marié,3,1
63,80000,8.0,CDI,3160000,120,0,Mauvais,360000.0,Divorcé,1,0
25,770000,5.0,CDI,13250000,60,1,Bon,2230000.0,Divorcé,1,1
30,287000,27.0,Indépendant,2570000,36,1,Bon,780000.0,Marié,2,1
55,486000,6.0,CDI,5230000,24,0,Moyen,1330000.0,Marié,0,1
41,460000,5.0,CDD,13270000,36,1,Moyen,2520000.0,Célibataire,1,0
31,502000,29.0,Indépendant,3530000,48,3,Bon,750000.0,Célibataire,2,1
60,245000,4.0,CDD,3630000,36,0,Mauvais,480000.0,Célibataire,1,0
23,636000,20.0,CDD,25270000,84,2,Moyen,9060000.0,Marié,1,1
43,277000,5.0,CDI,8690000,84,2,Bon,190000.0,Célibataire,0,1
59,520000,0.0,CDD,11780000,84,2,Bon,3790000.0,Marié,2,1
47,489000,2.0,Indépendant,13690000,48,1,Moyen,2450000.0,Célibataire,0,0
43,532000,17.0,Fonctionnaire,5680000,120,1,Moyen,2040000.0,Célibataire,2,1
63,743000,6.0,CDD,19770000,48,3,Bon,6460000.0,Marié,1,1
29,418000,25.0,CDI,9830000,84,0,Bon,2960000.0,Marié,3,1
24,593000,11.0,Fonctionnaire,19410000,24,0,Moyen,6050000.0,Célibataire,2,0
29,235000,29.0,Fonctionnaire,3790000,60,0,Bon,370000.0,Célibataire,1,1
29,587000,9.0,Indépendant,10020000,24,2,Mauvais,2170000.0,Célibataire,1,0
34,277000,15.0,CDD,8040000,48,3,Bon,2860000.0,Marié,0,1
34,393000,27.0,CDD,8310000,12,2,Mauvais,970000.0,Marié,4,0
63,80000,23.0,Fonctionnaire,2620000,60,2,Bon,380000.0,Célibataire,2,1
59,166000,12.0,CDI,5690000,120,0,Bon,1220000.0,Marié,1,1
47,80000,18.0,Fonctionnaire,1450000,36,4,Bon,10000.0,Célibataire,1,0
39,300000,29.0,CDI,8790000,120,0,Bon,440000.0,Célibataire,1,1
51,164000,3.0,Indépendant,4260000,36,0,Moyen,1510000.0,Marié,1,0
22,308000,10.0,Fonctionnaire,5420000,60,2,Bon,1250000.0,Marié,1,1
28,191000,2.0,Fonctionnaire,4510000,12,2,Mauvais,1190000.0,Marié,1,0
26,267000,3.0,Fonctionnaire,4100000,120,6,Moyen,470000.0,Célibataire,1,0
59,767000,19.0,Fonctionnaire,29290000,36,1,Bon,10720000.0,Marié,3,1
33,168000,7.0,CDI,4700000,36,2,Mauvais,1250000.0,Célibataire,1,0
40,215000,24.0,CDD,1630000,24,0,Bon,390000.0,Marié,1,1
47,399000,27.0,Indépendant,11830000,60,1,Bon,840000.0,Célibataire,2,1
64,351000,16.0,CDD,7950000,120,4,Bon,270000.0,Marié,2,1
31,231000,11.0,CDI,3480000,12,0,Bon,270000.0,Célibataire,1,0
39,120000,7.0,CDD,4210000,120,0,Mauvais,10000.0,Marié,2,0
22,102000,23.0,CDI,800000,24,0,Bon,280000.0,Célibataire,2,1
21,198000,12.0,Indépendant,2020000,84,3,Bon,210000.0,Divorcé,1,1
27,607000,29.0,Indépendant,23000000,48,1,Mauvais,7300000.0,Marié,1,0
43,448000,14.0,CDI,8310000,60,3,Moyen,,Divorcé,1,1
58,426000,7.0,CDI,8900000,120,4,Mauvais,3560000.0,Célibataire,2,1
41,200000,28.0,Indépendant,5720000,48,0,Moyen,240000.0,Célibataire,3,1
51,704000,28.0,CDD,13270000,12,1,Moyen,3070000.0,Marié,2,0
44,434000,4.0,Indépendant,3590000,36,2,Bon,750000.0,Célibataire,0,1
44,149000,14.0,CDI,1860000,36,1,Mauvais,450000.0,Célibataire,1,0
40,366000,7.0,Indépendant,12910000,36,1,Bon,2910000.0,Célibataire,1,0
58,474000,21.0,CDI,3090000,120,0,Mauvais,600000.0,Célibataire,4,1
53,507000,28.0,CDD,13680000,48,2,Bon,3490000.0,Marié,4,1
35,250000,15.0,Fonctionnaire,1250000,84,1,,130000.0,Divorcé,1,1
33,239000,7.0,CDD,2150000,12,0,Bon,30000.0,Marié,0,0
62,252000,17.0,CDD,8400000,48,1,Moyen,1750000.0,Marié,2,0
44,232000,12.0,CDI,8240000,12,1,Bon,90000.0,Marié,0,0
22,735000,13.0,CDI,4530000,24,2,Bon,910000.0,Marié,1,1
36,353000,3.0,CDD,12820000,60,0,Bon,810000.0,Célibataire,2,0
27,162000,13.0,Fonctionnaire,2090000,12,0,Moyen,90000.0,Marié,0,0
64,292000,6.0,Indépendant,10300000,120,3,Bon,2040000.0,Marié,1,1
37,106000,2.0,CDI,1220000,48,2,Bon,450000.0,Célibataire,1,1
28,395000,13.0,CDD,3690000,84,2,Bon,1330000.0,Célibataire,0,1
21,788000,22.0,CDI,14350000,12,4,Mauvais,5330000.0,Célibataire,0,0
54,427000,7.0,CDD,9370000,24,0,Mauvais,3040000.0,Célibataire,0,0
21,600000,2.0,CDI,16010000,48,1,Bon,5200000.0,Marié,0,1
46,434000,10.0,CDD,11520000,84,2,Bon,1810000.0,Marié,2,1
62,439000,17.0,Fonctionnaire,14560000,48,2,Bon,2830000.0,Célibataire,0,1
40,679000,0.0,Indépendant,18010000,48,1,Moyen,6320000.0,Marié,2,1
44,209000,6.0,Indépendant,5090000,24,0,Bon,930000.0,Marié,3,0
38,258000,9.0,CDI,8670000,12,1,Moyen,3240000.0,Célibataire,5,0
24,529000,1.0,CDD,18480000,12,0,Mauvais,2130000.0,Marié,0,0
63,308000,2.0,CDI,11210000,120,0,Moyen,2670000.0,Marié,4,1
38,766000,19.0,CDD,18190000,12,2,Bon,6930000.0,Marié,1,0
22,353000,6.0,Indépendant,13690000,24,0,Bon,4670000.0,Célibataire,1,0
51,211000,20.0,CDI,1950000,60,0,Moyen,130000.0,Célibataire,3,1
38,442000,9.0,CDI,8420000,36,2,Moyen,10000.0,Célibataire,3,1
37,463000,13.0,CDD,8790000,84,1,Bon,1390000.0,Marié,1,1
47,111000,14.0,CDI,950000,36,1,Moyen,300000.0,Célibataire,2,1
50,194000,26.0,CDD,7620000,48,3,Moyen,2370000.0,Célibataire,3,0
32,803000,8.0,CDD,5210000,120,0,Mauvais,40000.0,Marié,1,1
29,680000,26.0,Indépendant,5840000,36,0,Bon,990000.0,Célibataire,2,1
33,205000,28.0,Indépendant,5150000,84,1,Bon,1380000.0,Célibataire,0,1
64,276000,29.0,CDD,3980000,24,3,Bon,1580000.0,Marié,0,1
26,112000,27.0,Indépendant,3150000,120,2,Bon,630000.0,Divorcé,2,1
42,398000,15.0,CDI,15670000,48,2,Bon,3580000.0,Marié,7,0
21,366000,8.0,Fonctionnaire,4960000,120,0,Mauvais,1600000.0,Célibataire,2,1
42,90000,10.0,Indépendant,3170000,60,0,Bon,1050000.0,Célibataire,3,0
31,144000,16.0,CDD,4750000,60,3,Moyen,1200000.0,Célibataire,3,0
21,245000,0.0,Indépendant,3360000,48,1,Bon,690000.0,Divorcé,0,1
29,242000,0.0,Fonctionnaire,8720000,60,1,Bon,2270000.0,Marié,0,1
61,370000,11.0,CDD,5290000,84,3,Moyen,1180000.0,Divorcé,2,1
40,1029000,9.0,Indépendant,11890000,36,0,Bon,790000.0,Marié,3,1
33,209000,9.0,Fonctionnaire,6900000,60,1,Moyen,2540000.0,Marié,1,0
30,651000,4.0,CDI,10640000,24,0,Bon,530000.0,Marié,0,1
64,116000,7.0,Indépendant,3120000,48,0,Bon,540000.0,Marié,4,0
28,221000,21.0,CDI,3560000,24,3,Bon,420000.0,Marié,2,1
61,324000,7.0,CDI,7270000,60,0,Bon,1300000.0,Célibataire,0,1
44,113000,4.0,CDD,3730000,48,0,Bon,340000.0,Marié,1,0
53,117000,11.0,Indépendant,1740000,48,3,Bon,620000.0,Marié,1,1
59,174000,6.0,Indépendant,5470000,48,1,Mauvais,2010000.0,Marié,2,0
44,592000,4.0,CDD,7480000,60,1,Bon,1630000.0,Célibataire,2,1
60,199000,1.0,CDD,7900000,84,3,Moyen,1630000.0,Marié,1,0
40,573000,,Fonctionnaire,8100000,24,1,Bon,560000.0,Célibataire,1,1
64,509000,0.0,CDD,3030000,60,0,Bon,800000.0,Divorcé,2,1
28,722000,4.0,Indépendant,20230000,24,0,Bon,7730000.0,Célibataire,3,0
51,531000,4.0,Fonctionnaire,11370000,120,1,Bon,3220000.0,Divorcé,2,1
32,116000,23.0,Indépendant,4290000,84,1,Bon,1690000.0,Marié,1,1
32,262000,29.0,CDI,5510000,60,0,Moyen,1100000.0,Marié,4,1
39,405000,11.0,Indépendant,10220000,60,2,Bon,3980000.0,Divorcé,2,1
60,229000,6.0,Fonctionnaire,8500000,120,1,Bon,1880000.0,Marié,0,1
42,460000,0.0,Indépendant,12290000,48,1,Moyen,2510000.0,Divorcé,1,0
52,432000,24.0,Fonctionnaire,14760000,12,5,Mauvais,1120000.0,Célibataire,0,0
49,433000,22.0,CDI,9790000,60,2,Moyen,950000.0,Marié,0,1
33,85000,10.0,Indépendant,1330000,120,0,Bon,20000.0,Divorcé,2,1
44,663000,29.0,Fonctionnaire,5520000,24,2,,1910000.0,Marié,1,1
51,463000,17.0,CDI,14840000,84,1,Moyen,5360000.0,Célibataire,2,1
49,161000,29.0,CDI,1310000,60,1,Bon,370000.0,Marié,0,1
27,117000,18.0,CDI,1280000,24,1,Mauvais,260000.0,Célibataire,2,0
31,541000,21.0,CDI,10890000,48,1,Bon,2060000.0,Marié,3,1
42,888000,0.0,CDD,5160000,24,1,Bon,650000.0,Célibataire,0,1
26,303000,6.0,Indépendant,8880000,24,2,Moyen,3520000.0,Marié,1,0
57,185000,7.0,Indépendant,7130000,84,3,Bon,380000.0,Célibataire,1,0
29,224000,18.0,Fonctionnaire,8330000,36,1,Bon,2890000.0,Célibataire,1,0
35,91000,27.0,CDD,3200000,24,0,Bon,690000.0,Célibataire,5,0
63,298000,14.0,CDD,3740000,60,1,,1340000.0,Marié,0,1
26,184000,28.0,CDI,2540000,12,1,Moyen,770000.0,Marié,2,0
35,191000,5.0,CDD,5780000,12,1,Bon,1080000.0,Marié,1,0
54,125000,26.0,CDI,4500000,24,0,Moyen,910000.0,Célibataire,0,0
44,198000,6.0,CDI,7250000,60,0,Moyen,1620000.0,Marié,2,0
49,267000,2.0,CDD,1620000,12,2,Moyen,40000.0,Célibataire,0,0
54,421000,10.0,Indépendant,14900000,84,1,Moyen,4090000.0,Marié,1,1
26,455000,2.0,CDD,14580000,24,1,Bon,1050000.0,Marié,1,0
63,134000,28.0,CDI,1720000,24,0,Bon,10000.0,Marié,0,1
37,583000,24.0,Fonctionnaire,7200000,120,0,Bon,1490000.0,Marié,2,1
61,735000,5.0,Fonctionnaire,22890000,36,1,Bon,7940000.0,Célibataire,2,1
52,245000,29.0,CDI,8010000,60,4,Moyen,2350000.0,Divorcé,3,0
52,847000,10.0,CDD,4590000,84,2,Moyen,200000.0,Marié,2,1
32,328000,21.0,CDI,7320000,60,1,Bon,1620000.0,Marié,0,1
45,406000,29.0,CDD,13720000,24,0,,4510000.0,Marié,3,0
52,346000,11.0,CDD,10330000,36,5,Mauvais,420000.0,Marié,1,0
36,696000,28.0,Fonctionnaire,22560000,48,0,Bon,8960000.0,Marié,1,1
36,993000,21.0,CDD,36060000,48,1,Bon,13850000.0,Marié,0,1
36,529000,7.0,CDI,13330000,60,1,Moyen,990000.0,Marié,1,1
50,502000,18.0,CDD,11030000,24,0,Bon,310000.0,Marié,2,1
58,303000,17.0,CDD,5150000,60,0,Moyen,1240000.0,Marié,1,1
55,189000,13.0,Indépendant,2810000,24,3,Bon,980000.0,Célibataire,2,0
41,145000,12.0,Indépendant,1920000,36,0,Moyen,490000.0,Célibataire,0,0
52,290000,12.0,CDI,8670000,120,0,Bon,1520000.0,Marié,4,1
53,292000,15.0,Fonctionnaire,5380000,60,1,Bon,1370000.0,Marié,2,1
55,467000,17.0,CDI,15080000,24,0,Mauvais,3190000.0,Divorcé,1,0
43,279000,21.0,CDI,6510000,36,1,Bon,960000.0,Marié,1,1
62,534000,15.0,Indépendant,4140000,84,1,Mauvais,1350000.0,Marié,3,1
31,102000,1.0,Fonctionnaire,2020000,48,1,Bon,420000.0,Célibataire,1,1
58,99000,8.0,Indépendant,2880000,48,1,Bon,90000.0,Marié,2,0
22,362000,9.0,Fonctionnaire,8120000,60,1,Moyen,2940000.0,Marié,0,1
30,284000,4.0,Indépendant,2990000,120,0,Bon,730000.0,Marié,2,1
49,674000,25.0,CDI,6610000,84,2,Mauvais,1600000.0,Célibataire,3,1
22,212000,16.0,Indépendant,4430000,84,1,Moyen,710000.0,Célibataire,1,1
21,469000,10.0,Indépendant,17170000,24,1,Bon,260000.0,Célibataire,0,0
60,676000,13.0,Indépendant,18000000,120,2,,970000.0,Divorcé,1,1
57,275000,15.0,Indépendant,5190000,48,0,Bon,520000.0,Divorcé,2,1
25,462000,2.0,Indépendant,13250000,24,0,Bon,5230000.0,Marié,2,0
28,193000,10.0,CDD,5000000,24,1,Moyen,990000.0,Célibataire,2,0
64,528000,22.0,Indépendant,12920000,24,3,Bon,3530000.0,Divorcé,0,1
22,80000,24.0,CDI,420000,84,0,Bon,60000.0,Marié,3,1
52,405000,15.0,Indépendant,14070000,12,1,Moyen,1230000.0,Marié,1,0
63,765000,2.0,CDD,7890000,60,2,Bon,2370000.0,Marié,2,1
26,1482000,23.0,Indépendant,56460000,48,2,Bon,17330000.0,Marié,2,1
43,117000,19.0,CDD,2470000,120,0,Bon,620000.0,Célibataire,2,1
29,159000,19.0,Fonctionnaire,2100000,12,2,Bon,650000.0,Célibataire,2,0
21,302000,24.0,CDD,1690000,84,1,Moyen,330000.0,Marié,2,1
43,662000,8.0,CDD,21980000,12,0,Moyen,5150000.0,Célibataire,1,0
55,232000,25.0,CDD,6120000,120,0,Bon,,Célibataire,2,1
47,460000,0.0,CDD,6820000,60,1,Moyen,1000000.0,Célibataire,3,1
23,424000,6.0,CDI,8610000,60,3,Bon,2830000.0,Célibataire,3,1
48,292000,19.0,Indépendant,1870000,24,0,Moyen,430000.0,Divorcé,2,1
58,683000,20.0,CDD,8080000,36,3,Bon,2480000.0,Marié,1,1
34,371000,24.0,CDI,7100000,36,0,Moyen,460000.0,Marié,2,1
45,203000,24.0,CDI,5100000,36,1,Bon,,Célibataire,0,1
43,574000,21.0,Indépendant,20320000,24,3,Bon,2610000.0,Célibataire,1,0
54,415000,13.0,Indépendant,6560000,60,1,Moyen,,Marié,1,1
27,267000,26.0,CDD,9330000,120,2,Bon,440000.0,Marié,3,1
43,313000,14.0,Indépendant,6200000,120,0,Moyen,1160000.0,Marié,2,1
53,345000,5.0,CDD,9300000,60,0,Bon,3060000.0,Marié,1,1
48,247000,17.0,Fonctionnaire,4930000,36,1,Bon,1140000.0,Célibataire,0,1
40,352000,,CDI,11660000,24,2,Moyen,4010000.0,Marié,2,0
57,157000,28.0,CDI,3150000,12,0,Mauvais,960000.0,Célibataire,1,0
22,114000,18.0,CDI,4300000,36,1,Moyen,1690000.0,Célibataire,2,0
51,327000,15.0,Fonctionnaire,7110000,12,1,Bon,1790000.0,Marié,2,0
55,421000,27.0,Indépendant,2610000,36,3,Moyen,400000.0,Célibataire,1,1
44,102000,29.0,Indépendant,2300000,120,1,Moyen,400000.0,Marié,3,1
24,711000,21.0,CDI,13960000,12,1,Bon,950000.0,Célibataire,1,0
25,241000,17.0,CDI,8250000,36,1,Moyen,1330000.0,Célibataire,2,0
37,423000,26.0,Fonctionnaire,10490000,24,1,Moyen,1660000.0,Marié,1,0
44,388000,26.0,CDI,6760000,48,2,Bon,420000.0,Célibataire,1,1
30,279000,23.0,CDD,6950000,120,1,,1860000.0,Marié,2,1
34,410000,2.0,Indépendant,7800000,36,0,Bon,1550000.0,Célibataire,1,1
37,547000,7.0,Fonctionnaire,11460000,120,1,Bon,1100000.0,Marié,1,1
39,85000,20.0,CDI,1020000,12,0,Moyen,120000.0,Célibataire,2,0
45,295000,16.0,Fonctionnaire,2340000,12,1,Bon,80000.0,Marié,3,0
63,283000,28.0,CDD,4860000,12,2,Bon,860000.0,Marié,0,0
33,143000,1.0,CDI,1500000,48,0,Bon,270000.0,Marié,2,1
29,263000,4.0,CDI,5220000,84,3,Bon,2020000.0,Célibataire,1,1
25,114000,9.0,Indépendant,1330000,48,0,Moyen,470000.0,Célibataire,0,1
62,135000,24.0,CDD,2590000,12,1,Bon,,Célibataire,1,0
37,807000,6.0,Fonctionnaire,5190000,12,1,Bon,820000.0,Marié,0,1
23,136000,25.0,CDD,1150000,48,0,Moyen,230000.0,Divorcé,2,1
32,549000,13.0,CDD,16610000,48,1,Bon,1580000.0,Marié,0,1
62,284000,8.0,CDD,4980000,12,2,Moyen,400000.0,Marié,2,0
64,104000,0.0,CDD,3240000,60,1,Bon,1220000.0,Célibataire,5,0
40,100000,8.0,CDI,2730000,84,0,Bon,410000.0,Marié,1,1
58,433000,0.0,CDI,3330000,24,1,Moyen,160000.0,Marié,1,1
42,338000,17.0,CDD,3420000,84,0,Bon,1350000.0,Célibataire,3,1
62,81000,16.0,CDD,790000,12,1,Bon,240000.0,Célibataire,0,0
35,354000,15.0,CDI,2050000,60,2,Bon,350000.0,Marié,0,1
60,81000,9.0,Fonctionnaire,2890000,84,2,Bon,880000.0,Marié,1,1
27,421000,5.0,CDI,9710000,12,2,Bon,2000000.0,Célibataire,3,0
25,301000,20.0,CDI,5170000,48,0,Mauvais,220000.0,Divorcé,0,1
21,343000,4.0,CDI,10340000,48,2,Bon,570000.0,Célibataire,1,0
36,80000,10.0,CDI,1830000,48,1,Mauvais,40000.0,Marié,0,0
30,312000,2.0,CDD,7660000,84,1,Moyen,50000.0,Célibataire,3,0
60,287000,17.0,CDD,7000000,12,1,Bon,2650000.0,Marié,3,0
21,186000,9.0,CDD,5730000,12,3,Bon,760000.0,Marié,0,0
55,198000,27.0,Indépendant,4320000,84,1,Moyen,1150000.0,Marié,0,1
34,325000,26.0,CDD,1760000,84,2,Moyen,80000.0,Marié,3,1
54,222000,28.0,CDI,8000000,120,1,Moyen,80000.0,Célibataire,3,1
64,699000,0.0,CDD,19680000,24,3,Moyen,5950000.0,Marié,2,0
36,204000,18.0,CDI,4770000,84,1,Moyen,890000.0,Célibataire,1,1
31,251000,11.0,CDI,4150000,120,0,Moyen,1050000.0,Célibataire,2,1
42,87000,12.0,Fonctionnaire,2550000,84,1,Moyen,830000.0,Célibataire,2,1
46,217000,27.0,CDD,2210000,24,0,Moyen,870000.0,Marié,0,1
28,106000,6.0,Indépendant,1860000,24,1,Bon,660000.0,Célibataire,1,0
28,362000,16.0,CDI,10270000,84,0,Mauvais,1200000.0,Marié,2,1
27,642000,18.0,Fonctionnaire,9430000,60,0,Moyen,3030000.0,Célibataire,0,1
59,205000,,CDI,7560000,36,1,Bon,100000.0,Célibataire,2,0
60,203000,12.0,Fonctionnaire,5400000,120,1,Bon,1420000.0,Marié,4,1
22,80000,10.0,Fonctionnaire,1710000,60,3,Mauvais,240000.0,Marié,2,0
49,900000,5.0,Indépendant,26710000,120,0,Bon,3230000.0,Célibataire,0,1
45,551000,20.0,Fonctionnaire,20200000,60,3,Mauvais,4410000.0,Célibataire,1,0
39,686000,19.0,Indépendant,13460000,84,0,,590000.0,Divorcé,0,1
57,684000,4.0,CDI,7390000,12,1,Moyen,1380000.0,Célibataire,0,1
36,266000,2.0,CDD,6220000,36,2,Bon,1960000.0,Célibataire,1,0
24,281000,18.0,CDI,6330000,24,3,Moyen,2220000.0,Célibataire,1,0
46,453000,12.0,Indépendant,9470000,120,2,Mauvais,1320000.0,Célibataire,0,1
21,555000,3.0,CDI,12930000,120,4,Bon,2930000.0,Marié,0,1
48,81000,1.0,Indépendant,580000,48,4,Bon,50000.0,Marié,1,0
45,156000,24.0,CDD,5430000,84,4,Bon,1470000.0,Célibataire,2,1
53,695000,21.0,Fonctionnaire,10790000,48,2,Moyen,990000.0,Célibataire,1,1
26,210000,14.0,Indépendant,4720000,48,0,Bon,510000.0,Divorcé,0,1
42,311000,12.0,Indépendant,7040000,120,1,Mauvais,1910000.0,Divorcé,0,0
44,122000,20.0,CDI,2660000,36,1,Moyen,440000.0,Divorcé,2,0
25,380000,24.0,CDI,5140000,12,2,Mauvais,1910000.0,Marié,1,0
41,306000,13.0,Fonctionnaire,11450000,84,1,Bon,3100000.0,Marié,1,1
46,81000,12.0,CDI,2310000,84,1,Bon,470000.0,Célibataire,1,1
63,80000,17.0,CDI,1120000,36,1,Bon,280000.0,Divorcé,3,1
49,327000,23.0,CDD,4410000,48,3,Bon,1110000.0,Célibataire,0,1
62,415000,20.0,Indépendant,14420000,60,2,Bon,750000.0,Célibataire,0,1
38,293000,8.0,Indépendant,3400000,36,3,Bon,1180000.0,Divorcé,1,1
50,192000,20.0,CDD,6270000,12,0,Moyen,540000.0,Marié,6,0
55,335000,17.0,CDI,11580000,24,1,,3930000.0,Célibataire,0,0
40,260000,7.0,Fonctionnaire,8430000,60,1,Moyen,2230000.0,Divorcé,1,1
53,142000,28.0,CDI,3330000,12,0,Bon,720000.0,Divorcé,4,0
26,236000,20.0,CDI,6530000,120,2,Moyen,0.0,Marié,1,1
22,245000,7.0,Fonctionnaire,8770000,12,1,Bon,3220000.0,Célibataire,2,0
41,446000,18.0,CDD,8370000,48,2,Mauvais,1770000.0,Célibataire,1,0
43,544000,12.0,CDI,5730000,60,1,Bon,2260000.0,Divorcé,0,1
39,557000,,Fonctionnaire,17390000,24,2,Bon,1180000.0,Divorcé,1,0
55,99000,28.0,CDI,2220000,60,0,Moyen,190000.0,Marié,0,1
35,704000,10.0,CDI,24680000,120,0,Bon,90000.0,Célibataire,2,1
52,108000,12.0,CDI,2140000,48,3,Bon,760000.0,Marié,0,1
45,435000,28.0,Indépendant,9320000,48,1,Bon,350000.0,Marié,1,1
55,312000,1.0,CDI,2010000,120,2,Bon,70000.0,Marié,3,1
36,877000,28.0,CDD,31740000,84,0,Bon,4880000.0,Marié,0,1
31,231000,3.0,Indépendant,3860000,120,1,Moyen,810000.0,Célibataire,2,1
32,196000,0.0,Fonctionnaire,6560000,12,3,Moyen,2460000.0,Marié,1,0
39,254000,29.0,CDD,6960000,84,1,Bon,2670000.0,Marié,1,1
32,90000,14.0,CDI,3100000,12,0,Moyen,570000.0,Marié,1,0
57,442000,22.0,CDI,16860000,24,1,Bon,4330000.0,Célibataire,2,0
46,360000,9.0,CDI,7320000,24,0,Moyen,2220000.0,Marié,0,0
60,82000,5.0,CDI,1840000,84,1,Moyen,320000.0,Marié,3,0
36,272000,18.0,CDI,8910000,24,0,Mauvais,2970000.0,Marié,1,0
26,465000,13.0,CDI,12980000,48,4,Bon,3400000.0,Célibataire,0,1
56,80000,28.0,Indépendant,1100000,48,2,Bon,160000.0,Célibataire,4,1
57,283000,0.0,Indépendant,5270000,120,2,Moyen,1940000.0,Marié,0,1
23,419000,19.0,CDI,2210000,84,3,Bon,310000.0,Célibataire,1,1
37,307000,4.0,Indépendant,11000000,120,3,Bon,3040000.0,Marié,4,1
30,527000,20.0,CDD,13000000,48,3,Moyen,3480000.0,Marié,1,1
58,233000,29.0,CDD,2480000,12,1,Moyen,460000.0,Marié,1,0
32,317000,11.0,Fonctionnaire,2860000,36,1,Moyen,270000.0,Marié,2,1
24,222000,27.0,Indépendant,6980000,24,2,Moyen,330000.0,Célibataire,2,0
38,279000,25.0,CDI,5070000,36,0,Mauvais,1740000.0,Célibataire,2,1
38,602000,20.0,Indépendant,12920000,36,3,Bon,1710000.0,Marié,1,1
54,272000,20.0,Fonctionnaire,7150000,36,0,Mauvais,1400000.0,Marié,0,1
52,612000,8.0,CDD,20490000,48,3,Moyen,1760000.0,Divorcé,2,0
42,450000,27.0,Fonctionnaire,13530000,12,2,Bon,4750000.0,Marié,1,0
45,197000,10.0,CDD,2520000,84,0,Moyen,120000.0,Célibataire,1,1
53,303000,7.0,CDD,7910000,60,0,Bon,2370000.0,Célibataire,0,1
34,178000,20.0,CDD,3400000,84,3,Bon,160000.0,Marié,0,1
54,1073000,25.0,CDI,21360000,120,0,Bon,1130000.0,Marié,1,1
24,266000,16.0,CDI,9720000,12,1,Bon,1560000.0,Célibataire,4,0
44,354000,15.0,Indépendant,5330000,60,2,Moyen,200000.0,Marié,1,1
61,198000,3.0,CDI,5420000,48,3,Bon,400000.0,Célibataire,1,0
46,153000,3.0,CDD,5520000,84,1,Moyen,2070000.0,Marié,1,0
44,302000,14.0,CDI,3540000,84,0,Bon,140000.0,Célibataire,1,1
41,160000,10.0,Fonctionnaire,1450000,48,2,Moyen,40000.0,Marié,2,1
56,312000,4.0,CDI,8640000,24,4,Bon,2920000.0,Marié,0,0
52,133000,24.0,Fonctionnaire,4600000,120,1,Mauvais,220000.0,Divorcé,2,0
45,972000,29.0,Indépendant,5730000,12,0,Bon,1660000.0,Marié,0,1
63,295000,17.0,CDD,5480000,36,0,Mauvais,900000.0,Célibataire,3,0
38,259000,0.0,Indépendant,7270000,36,0,Bon,1320000.0,Divorcé,1,0
36,171000,22.0,CDI,3070000,48,2,Bon,650000.0,Célibataire,3,1
36,264000,22.0,CDI,9810000,84,1,,1970000.0,Divorcé,5,1
54,344000,0.0,Indépendant,7960000,12,1,Bon,600000.0,Célibataire,0,0
32,180000,17.0,Indépendant,1430000,60,2,Moyen,120000.0,Célibataire,1,1
51,331000,8.0,Indépendant,12730000,120,2,Mauvais,2620000.0,Marié,3,0
58,383000,7.0,CDD,10050000,12,0,Mauvais,2770000.0,Marié,2,0
39,286000,1.0,Indépendant,3400000,24,0,Bon,1210000.0,Célibataire,0,0
58,302000,16.0,CDD,5360000,24,1,Mauvais,440000.0,Marié,2,0
30,463000,,Fonctionnaire,5270000,84,0,Bon,1450000.0,Marié,7,1
60,244000,6.0,CDI,6130000,12,2,Moyen,1610000.0,Marié,1,0
56,395000,14.0,CDD,7920000,12,1,Moyen,2790000.0,Marié,1,0
42,344000,13.0,Indépendant,4450000,24,2,Bon,1600000.0,Marié,2,1
46,356000,28.0,CDD,8770000,36,1,Bon,1840000.0,Célibataire,1,1
61,187000,9.0,CDD,3320000,12,1,Bon,710000.0,Marié,0,0
29,80000,14.0,CDI,3150000,12,1,Bon,540000.0,Divorcé,3,0
45,224000,0.0,Indépendant,8220000,120,2,Bon,1560000.0,Marié,1,0
45,168000,23.0,CDD,3550000,84,1,Bon,120000.0,Célibataire,2,1
29,180000,15.0,CDD,4710000,48,1,Bon,390000.0,Célibataire,0,0
39,423000,5.0,CDI,13020000,36,4,Bon,2470000.0,Célibataire,5,0
55,183000,23.0,CDI,1410000,60,3,Bon,100000.0,Marié,1,1
46,165000,,CDD,6140000,60,3,Moyen,260000.0,Marié,4,0
30,527000,24.0,Indépendant,5400000,84,0,Moyen,870000.0,Marié,2,1
36,718000,24.0,Indépendant,21880000,120,1,Bon,6060000.0,Marié,1,1
30,80000,26.0,CDD,2960000,36,1,Moyen,700000.0,Célibataire,1,0
26,926000,2.0,CDD,35890000,48,3,Bon,2970000.0,Célibataire,1,1
29,243000,9.0,Fonctionnaire,4110000,48,1,Moyen,700000.0,Divorcé,3,1
63,362000,9.0,CDD,12120000,36,0,Bon,3920000.0,Marié,1,0
21,430000,28.0,Indépendant,4380000,84,2,Moyen,1350000.0,Marié,0,1
23,426000,1.0,CDI,13880000,12,0,Bon,4940000.0,Marié,0,0
56,160000,12.0,Indépendant,3710000,12,1,Mauvais,650000.0,Marié,2,0
52,207000,17.0,CDI,7060000,48,0,Bon,540000.0,Marié,4,1
58,221000,16.0,Fonctionnaire,3300000,24,2,Mauvais,70000.0,Célibataire,5,0
44,391000,3.0,CDD,5770000,24,0,Bon,1910000.0,Marié,1,1
35,615000,20.0,Indépendant,23060000,48,2,Moyen,5840000.0,Célibataire,2,0
63,175000,26.0,CDI,2020000,120,0,Mauvais,220000.0,Célibataire,2,1
55,356000,1.0,Indépendant,11440000,120,3,Moyen,4490000.0,Célibataire,2,0
57,547000,0.0,Indépendant,16180000,48,1,Bon,4650000.0,Marié,2,1
62,131000,4.0,CDD,2360000,36,0,Moyen,810000.0,Marié,1,0
52,80000,5.0,Fonctionnaire,3140000,48,1,Bon,950000.0,Célibataire,0,0
38,250000,11.0,CDI,1630000,24,2,Bon,650000.0,Marié,1,1
27,419000,3.0,Fonctionnaire,7570000,120,1,Bon,2760000.0,Marié,2,1
35,643000,23.0,Indépendant,10810000,48,0,Bon,1430000.0,Célibataire,1,1
25,173000,4.0,CDI,5510000,120,2,Bon,940000.0,Marié,3,1
49,200000,15.0,CDD,2460000,24,0,Bon,740000.0,Célibataire,1,1
48,503000,28.0,CDI,4000000,36,2,Moyen,490000.0,Marié,3,1
34,738000,8.0,Indépendant,20070000,24,1,Bon,7340000.0,Marié,4,0
38,538000,24.0,Indépendant,12990000,84,1,Moyen,2460000.0,Marié,1,1
62,169000,22.0,CDI,5220000,60,1,Moyen,1750000.0,Marié,0,1
47,402000,6.0,Indépendant,7000000,24,3,Mauvais,500000.0,Divorcé,1,0
23,566000,9.0,Indépendant,13350000,60,2,Mauvais,80000.0,Marié,1,0
42,115000,6.0,CDI,3950000,84,4,Bon,930000.0,Marié,1,0
38,444000,7.0,Fonctionnaire,12030000,84,0,Bon,2510000.0,Célibataire,2,1
61,324000,24.0,CDI,5800000,120,1,Bon,2120000.0,Marié,0,1
27,176000,4.0,CDI,2880000,120,1,Bon,100000.0,Marié,3,1
31,379000,2.0,Fonctionnaire,8610000,48,0,Moyen,3230000.0,Marié,0,1
64,548000,3.0,CDI,14130000,60,2,Bon,2510000.0,Célibataire,1,1
36,80000,3.0,CDD,2370000,84,0,Moyen,60000.0,Marié,2,0
57,665000,24.0,CDD,19030000,120,3,Moyen,4160000.0,Célibataire,3,1
45,573000,10.0,Fonctionnaire,10560000,60,1,Bon,1250000.0,Marié,1,1
24,429000,26.0,Indépendant,8890000,12,1,Bon,890000.0,Marié,0,0
61,276000,2.0,Indépendant,3140000,60,0,Moyen,620000.0,Célibataire,1,1
54,410000,14.0,Fonctionnaire,15490000,36,1,Moyen,1700000.0,Célibataire,0,0
32,260000,22.0,Indépendant,6350000,120,0,Bon,1730000.0,Marié,1,1
40,408000,12.0,CDI,2820000,84,2,Bon,190000.0,Marié,1,1
41,131000,21.0,CDI,5160000,60,1,Bon,400000.0,Marié,0,1
46,442000,13.0,Indépendant,15710000,120,0,Moyen,1860000.0,Marié,2,1
56,193000,12.0,CDD,2320000,120,1,Bon,920000.0,Marié,1,1
62,199000,13.0,Indépendant,7750000,12,0,Moyen,1990000.0,Marié,0,0
29,266000,22.0,CDI,6620000,60,0,Bon,350000.0,Marié,1,1
35,80000,23.0,CDD,2500000,12,2,Moyen,430000.0,Marié,2,0
46,533000,15.0,CDD,9380000,84,2,Bon,1590000.0,Marié,2,1
42,480000,13.0,Indépendant,7380000,120,1,Bon,260000.0,Marié,4,1
30,500000,1.0,CDI,13990000,12,4,Mauvais,1380000.0,Célibataire,0,0
44,547000,17.0,Fonctionnaire,3300000,36,0,Mauvais,1150000.0,Célibataire,0,1
27,252000,28.0,CDD,9460000,12,0,Bon,2140000.0,Marié,0,0
52,171000,7.0,Indépendant,5180000,120,2,Bon,260000.0,Célibataire,1,0
43,110000,6.0,CDD,2460000,84,1,Bon,230000.0,Marié,1,1
58,210000,15.0,Fonctionnaire,5240000,36,0,Moyen,930000.0,Marié,0,0
39,138000,1.0,CDD,4380000,84,2,Mauvais,1270000.0,Marié,2,0
32,163000,27.0,Indépendant,1950000,36,1,Mauvais,660000.0,Célibataire,2,1
36,178000,14.0,CDD,5030000,48,1,Bon,1090000.0,Célibataire,1,0
45,490000,7.0,CDI,18150000,24,0,Bon,340000.0,Marié,1,0
26,130000,22.0,Indépendant,2250000,24,0,Moyen,700000.0,Célibataire,3,0
27,376000,1.0,Indépendant,4460000,48,3,Bon,1180000.0,Célibataire,3,1
21,136000,28.0,CDI,4220000,60,2,Moyen,1660000.0,Célibataire,1,0
50,400000,17.0,Indépendant,10660000,48,2,Bon,2050000.0,Divorcé,1,1
62,127000,13.0,Fonctionnaire,3040000,48,3,Bon,360000.0,Marié,2,1
51,200000,28.0,CDD,4210000,12,4,Mauvais,140000.0,Célibataire,1,0
26,782000,29.0,CDI,10440000,24,0,Moyen,3930000.0,Marié,1,1
50,361000,28.0,CDI,5620000,84,1,Moyen,1700000.0,Divorcé,1,1
42,276000,29.0,CDI,5240000,84,0,Bon,340000.0,Marié,1,1
40,336000,9.0,CDI,10660000,12,1,Moyen,3780000.0,Marié,2,0
21,312000,23.0,Indépendant,12270000,12,2,Mauvais,630000.0,Célibataire,1,0
60,80000,16.0,Indépendant,3120000,84,0,Bon,900000.0,Célibataire,0,1
28,202000,12.0,CDI,3900000,120,1,Bon,180000.0,Marié,3,1
33,144000,0.0,CDD,2390000,84,0,Bon,640000.0,Marié,1,1
41,129000,23.0,CDI,1880000,24,4,Mauvais,680000.0,Célibataire,2,0
35,365000,21.0,CDD,11230000,36,1,Bon,3340000.0,Célibataire,2,0
30,104000,13.0,CDI,660000,36,0,,80000.0,Marié,2,1
39,151000,7.0,CDI,5560000,60,1,Moyen,1780000.0,Célibataire,2,0
58,197000,11.0,CDI,3240000,84,0,Bon,930000.0,Marié,0,1
37,204000,16.0,CDD,7390000,24,1,Bon,320000.0,Marié,0,0
63,314000,22.0,CDI,1890000,24,1,Mauvais,390000.0,Divorcé,1,1
32,901000,2.0,CDI,25340000,60,1,Moyen,6260000.0,Marié,2,1
59,100000,17.0,Fonctionnaire,1990000,24,0,Bon,730000.0,Marié,0,0
23,129000,7.0,CDI,2210000,84,1,Bon,50000.0,Marié,1,1
62,425000,25.0,Fonctionnaire,2510000,24,0,Moyen,780000.0,Divorcé,2,1
56,398000,13.0,Indépendant,3050000,84,1,Bon,660000.0,Célibataire,0,1
59,95000,5.0,Indépendant,2390000,48,0,Bon,380000.0,Marié,2,0
49,80000,14.0,CDD,1100000,120,1,Moyen,90000.0,Célibataire,1,1
31,492000,6.0,Indépendant,5310000,60,1,Moyen,340000.0,Marié,0,1
42,280000,3.0,Indépendant,1820000,48,1,Bon,190000.0,Marié,4,1
50,994000,13.0,CDI,32730000,12,1,Mauvais,2630000.0,Célibataire,1,0
52,131000,8.0,Fonctionnaire,4140000,84,1,Mauvais,920000.0,Célibataire,3,0
46,211000,5.0,CDI,5410000,120,1,Moyen,1630000.0,Célibataire,1,1
52,110000,10.0,Indépendant,1300000,120,1,Mauvais,350000.0,Marié,2,0
48,354000,7.0,CDD,6820000,84,0,Bon,1160000.0,Marié,2,1
35,262000,16.0,CDI,8140000,36,0,Moyen,1130000.0,Marié,1,0
61,664000,21.0,CDD,3430000,12,1,Moyen,460000.0,Marié,1,1
46,151000,2.0,CDD,5690000,24,1,Mauvais,1430000.0,Marié,2,0
34,110000,19.0,CDD,4310000,12,2,Bon,220000.0,Célibataire,1,0
53,226000,5.0,Fonctionnaire,9010000,36,2,Bon,2520000.0,Marié,0,0
52,137000,20.0,Fonctionnaire,2370000,120,2,Moyen,740000.0,Célibataire,1,1
54,189000,10.0,CDD,3240000,120,1,Bon,780000.0,Célibataire,5,1
58,102000,11.0,Fonctionnaire,2360000,48,2,Moyen,400000.0,Marié,1,0
53,213000,13.0,CDD,2030000,84,0,Bon,680000.0,Célibataire,1,1
32,478000,8.0,Indépendant,8770000,48,2,Bon,1390000.0,Divorcé,3,1
28,449000,17.0,CDD,4480000,84,1,Bon,1610000.0,Marié,3,1
30,695000,1.0,Indépendant,7210000,12,2,Moyen,1050000.0,Marié,1,0
48,322000,12.0,Fonctionnaire,11920000,120,0,Bon,3370000.0,Marié,2,1
47,567000,20.0,Fonctionnaire,3430000,120,4,Bon,770000.0,Célibataire,1,1
42,257000,27.0,CDD,2270000,36,2,Mauvais,380000.0,Marié,1,1
37,569000,27.0,Fonctionnaire,13170000,120,1,Moyen,4740000.0,Marié,2,1
54,106000,2.0,Fonctionnaire,1610000,48,0,Bon,460000.0,Célibataire,1,1
58,478000,18.0,CDI,17180000,24,0,Moyen,4130000.0,Divorcé,3,0
42,172000,,CDI,5440000,60,0,Moyen,1200000.0,Marié,5,0
59,479000,23.0,CDD,15140000,36,0,Mauvais,1990000.0,Marié,3,0
42,89000,23.0,CDD,1640000,12,0,Moyen,430000.0,Marié,2,0
35,263000,26.0,Indépendant,9980000,60,4,Moyen,2610000.0,Marié,2,0
63,649000,20.0,CDI,9620000,12,2,Moyen,1260000.0,Marié,2,0
46,808000,19.0,Indépendant,21060000,24,1,Moyen,2530000.0,Marié,2,0
64,431000,20.0,Fonctionnaire,15860000,120,1,Bon,5310000.0,Célibataire,2,1
60,201000,16.0,Indépendant,4770000,12,2,Bon,1790000.0,Célibataire,1,0
40,680000,29.0,CDI,24900000,48,0,Bon,1800000.0,Célibataire,0,1
64,220000,12.0,Indépendant,6140000,60,1,Bon,170000.0,Marié,1,1
40,221000,26.0,CDI,5990000,24,1,Mauvais,2350000.0,Marié,2,0
51,254000,23.0,Indépendant,2240000,84,1,Bon,880000.0,Divorcé,0,1
39,395000,10.0,CDI,7460000,12,3,Mauvais,2900000.0,Célibataire,2,0
48,745000,18.0,Fonctionnaire,19530000,60,0,Bon,6470000.0,Divorcé,1,1
54,382000,21.0,CDI,10630000,84,0,Mauvais,1410000.0,Célibataire,0,1
23,350000,12.0,CDD,5930000,48,1,Bon,560000.0,Célibataire,2,1
40,323000,2.0,CDI,12820000,84,0,Bon,4120000.0,Marié,2,1
34,202000,1.0,CDI,5210000,84,0,Moyen,580000.0,Marié,2,1
38,253000,10.0,Fonctionnaire,5780000,24,0,Bon,2100000.0,Célibataire,3,0
31,565000,20.0,CDI,5210000,36,1,Bon,140000.0,Marié,0,1
52,448000,25.0,Indépendant,4490000,24,1,Bon,350000.0,Célibataire,0,1
35,210000,16.0,Fonctionnaire,7970000,24,1,Moyen,440000.0,Célibataire,3,0
36,376000,25.0,CDD,10050000,12,0,Bon,3110000.0,Marié,0,0
45,629000,24.0,Indépendant,13300000,84,3,Bon,2600000.0,Célibataire,0,1
51,185000,10.0,CDD,6460000,24,2,Moyen,2150000.0,Marié,2,0
23,354000,4.0,CDI,8710000,24,0,Bon,3190000.0,Divorcé,1,0
63,479000,28.0,CDI,9780000,84,2,Mauvais,340000.0,Marié,1,1
27,1036000,9.0,CDD,11390000,36,2,Bon,960000.0,Divorcé,3,1
30,484000,26.0,CDI,12470000,120,1,Bon,260000.0,Marié,1,1
49,80000,8.0,CDI,1940000,36,1,Mauvais,380000.0,Divorcé,0,0
21,183000,17.0,Indépendant,4400000,84,2,Moyen,290000.0,Marié,1,0
51,651000,3.0,CDI,14940000,12,3,Bon,4360000.0,Célibataire,2,0
47,479000,6.0,CDI,4660000,48,0,Moyen,1300000.0,Divorcé,0,1
51,336000,21.0,CDI,8300000,120,1,Bon,980000.0,Marié,2,1
38,643000,13.0,Indépendant,3910000,12,2,Moyen,480000.0,Marié,2,1
35,310000,13.0,CDI,9820000,120,1,Mauvais,2990000.0,Divorcé,1,1
52,420000,29.0,Indépendant,11130000,120,1,Mauvais,780000.0,Marié,3,1
37,235000,28.0,CDI,8860000,12,2,Bon,350000.0,Marié,1,0
38,418000,2.0,Fonctionnaire,12280000,60,3,Bon,,Marié,4,1
33,470000,11.0,CDI,5330000,12,0,Bon,660000.0,Marié,2,1
49,809000,13.0,Indépendant,30360000,24,0,Bon,6720000.0,Célibataire,0,0
54,160000,23.0,CDI,1590000,24,1,Bon,250000.0,Marié,0,1
21,431000,29.0,Indépendant,17210000,120,2,Moyen,5550000.0,Marié,4,1
64,146000,0.0,Indépendant,1320000,84,0,Mauvais,,Célibataire,0,1
35,118000,9.0,CDI,1520000,84,1,Moyen,320000.0,Marié,4,1
26,383000,25.0,Indépendant,2560000,12,0,Moyen,810000.0,Marié,0,1
54,191000,1.0,CDD,2840000,36,1,Bon,870000.0,Marié,1,0
26,501000,13.0,CDI,17070000,48,0,Moyen,5550000.0,Célibataire,2,1
34,233000,11.0,CDD,2930000,48,1,Bon,1160000.0,Célibataire,1,1
22,535000,19.0,Indépendant,17810000,24,1,Moyen,4930000.0,Marié,1,0
26,154000,28.0,CDI,3780000,12,1,Bon,60000.0,Célibataire,1,0
45,225000,1.0,Fonctionnaire,5710000,120,0,Moyen,600000.0,Célibataire,1,1
34,434000,19.0,CDI,10310000,24,0,Bon,1210000.0,Marié,3,0
64,333000,10.0,CDI,4610000,12,2,Mauvais,300000.0,Marié,1,0
63,82000,4.0,CDD,960000,60,4,Bon,250000.0,Célibataire,4,1
41,150000,23.0,Fonctionnaire,1730000,120,2,Bon,280000.0,Célibataire,1,1
38,332000,8.0,CDI,12980000,84,0,Mauvais,2020000.0,Marié,4,0
59,188000,18.0,Indépendant,4480000,120,0,Moyen,450000.0,Célibataire,3,1
54,575000,16.0,CDI,16740000,24,0,Mauvais,1640000.0,Marié,3,0
33,251000,4.0,Indépendant,1540000,60,0,Moyen,410000.0,Célibataire,1,1
34,486000,6.0,CDI,6120000,24,0,Mauvais,2380000.0,Marié,3,0
42,296000,0.0,Indépendant,5180000,12,1,Bon,620000.0,Célibataire,5,0
25,439000,10.0,Fonctionnaire,2740000,120,0,Mauvais,550000.0,Marié,3,1
47,149000,15.0,Indépendant,5030000,120,2,Moyen,580000.0,Célibataire,2,1
44,487000,10.0,CDD,17060000,24,2,Bon,3420000.0,Marié,0,0
53,360000,16.0,Indépendant,1960000,12,1,Bon,240000.0,Célibataire,1,1
33,377000,2.0,CDI,12060000,120,0,Mauvais,630000.0,Marié,1,0
57,178000,20.0,CDD,7100000,120,0,Bon,1600000.0,Célibataire,1,1
57,335000,23.0,CDD,8330000,84,3,Moyen,1360000.0,Marié,1,1
41,179000,1.0,Indépendant,4630000,120,2,Mauvais,820000.0,Célibataire,1,0
58,248000,24.0,CDI,3890000,36,1,,260000.0,Marié,0,0
36,201000,4.0,Indépendant,5530000,84,0,Bon,90000.0,Marié,2,1
21,212000,1.0,Fonctionnaire,6110000,36,1,Bon,2050000.0,Marié,1,0
56,372000,22.0,CDI,12660000,12,3,Bon,1440000.0,Divorcé,1,0
48,312000,15.0,CDD,2840000,24,2,Bon,1020000.0,Marié,1,1
29,331000,29.0,CDD,9710000,60,2,Bon,1560000.0,Marié,0,1
36,106000,17.0,CDD,940000,12,2,Mauvais,0.0,Célibataire,1,0
56,405000,15.0,Indépendant,2050000,84,1,Bon,780000.0,Marié,0,1
52,369000,12.0,CDI,2610000,84,0,Bon,840000.0,Divorcé,0,1
34,216000,13.0,CDD,6070000,60,0,Moyen,960000.0,Célibataire,1,1
42,414000,11.0,CDD,10450000,60,1,Bon,1450000.0,Célibataire,1,1
36,176000,20.0,Indépendant,2910000,120,2,Moyen,610000.0,Célibataire,3,1
29,159000,24.0,Indépendant,5850000,24,1,Bon,40000.0,Marié,1,0
53,303000,15.0,Fonctionnaire,6100000,36,1,Bon,880000.0,Divorcé,1,1
33,374000,15.0,CDD,7250000,12,2,Bon,2290000.0,Célibataire,1,0
53,463000,17.0,CDI,17420000,24,1,Bon,5840000.0,Marié,0,0
45,496000,16.0,CDD,17360000,48,0,Bon,730000.0,Divorcé,0,1
26,700000,3.0,Indépendant,23670000,60,3,Moyen,1960000.0,Marié,0,0
22,300000,23.0,Fonctionnaire,2890000,48,0,Moyen,530000.0,Célibataire,1,1
57,391000,17.0,CDI,15000000,120,2,Bon,970000.0,Divorcé,1,1
27,186000,22.0,Fonctionnaire,5810000,36,1,Bon,1180000.0,Célibataire,4,0
60,223000,29.0,Indépendant,6660000,12,0,Bon,1070000.0,Marié,0,0
42,444000,20.0,CDD,17120000,24,0,Bon,150000.0,Marié,3,0
25,567000,17.0,CDD,10200000,12,1,Bon,3900000.0,Marié,0,0
49,270000,6.0,CDI,7060000,120,2,Moyen,2490000.0,Célibataire,1,1
21,435000,10.0,Indépendant,11920000,84,1,Bon,3280000.0,Célibataire,0,1
63,448000,29.0,Indépendant,11320000,60,0,Moyen,1200000.0,Marié,1,1
25,741000,5.0,CDI,12910000,120,3,Bon,40000.0,Célibataire,2,1
39,204000,3.0,CDI,2950000,48,0,Bon,190000.0,Marié,2,1
23,204000,15.0,Indépendant,1260000,48,1,Mauvais,490000.0,Marié,3,1
28,359000,21.0,CDI,2500000,84,0,Bon,20000.0,Divorcé,1,1
57,678000,10.0,Indépendant,21510000,36,2,Moyen,6820000.0,Marié,3,0
27,717000,5.0,CDD,24470000,12,1,Bon,2530000.0,Divorcé,1,0
57,93000,19.0,Indépendant,3190000,120,0,Moyen,550000.0,Célibataire,1,1
43,494000,9.0,CDI,11650000,36,0,Bon,4230000.0,Marié,0,1
57,1032000,21.0,CDI,23220000,84,2,Bon,3680000.0,Célibataire,1,1
44,189000,,CDD,5320000,84,2,Bon,1170000.0,Marié,1,1
52,345000,21.0,CDD,8550000,24,0,Bon,1450000.0,Célibataire,0,0
21,131000,11.0,CDI,2520000,36,3,Bon,720000.0,Marié,0,0
53,306000,28.0,Indépendant,4730000,84,1,Moyen,240000.0,Marié,4,1
50,268000,26.0,CDI,10600000,24,1,Moyen,1060000.0,Divorcé,1,0
36,101000,27.0,CDI,3820000,48,3,Moyen,320000.0,Marié,1,0
25,304000,8.0,Fonctionnaire,8080000,48,1,Moyen,2030000.0,Divorcé,1,1
45,139000,25.0,CDD,2530000,24,2,Mauvais,200000.0,Célibataire,4,0
64,545000,6.0,CDD,18040000,24,1,Mauvais,3970000.0,Célibataire,1,0
46,630000,6.0,CDD,8830000,120,3,Bon,930000.0,Marié,3,1
58,651000,15.0,Indépendant,12070000,48,1,Bon,4580000.0,Marié,2,1
32,80000,4.0,Indépendant,2210000,60,2,Mauvais,510000.0,Divorcé,2,0
51,395000,2.0,Indépendant,6440000,48,3,Bon,1530000.0,Marié,0,1
37,330000,29.0,CDI,12730000,48,3,Mauvais,4180000.0,Marié,2,0
38,469000,28.0,CDD,2420000,12,0,Moyen,640000.0,Marié,3,1
52,80000,5.0,CDD,2200000,60,1,Moyen,670000.0,Marié,3,0
47,433000,15.0,CDD,15280000,12,0,Moyen,5670000.0,Marié,2,0
26,653000,12.0,CDI,16600000,60,1,Moyen,1360000.0,Célibataire,2,1
48,227000,25.0,CDI,2780000,36,0,Moyen,230000.0,Célibataire,1,1
61,354000,9.0,Indépendant,2160000,48,2,Bon,850000.0,Célibataire,1,1
51,476000,14.0,CDD,7920000,84,0,Mauvais,1190000.0,Marié,0,1
42,201000,29.0,CDI,3470000,36,0,Bon,910000.0,Divorcé,3,1
48,543000,2.0,Indépendant,4040000,48,0,Moyen,390000.0,Célibataire,3,1
56,725000,21.0,CDI,22900000,24,1,Moyen,670000.0,Marié,1,0
29,193000,7.0,Indépendant,5200000,24,1,Moyen,710000.0,Marié,1,0
28,433000,,CDD,3520000,12,1,Bon,970000.0,Célibataire,0,1
54,80000,26.0,Indépendant,1000000,36,1,Bon,270000.0,Marié,0,1
32,433000,15.0,Indépendant,8430000,12,2,Bon,1800000.0,Marié,2,0
51,323000,11.0,CDD,4820000,84,1,Moyen,1160000.0,Marié,2,1
56,223000,24.0,CDI,3860000,48,1,Moyen,570000.0,Marié,2,1
61,496000,23.0,CDI,4960000,36,0,Bon,1870000.0,Divorcé,4,1
27,276000,15.0,CDI,4700000,24,0,Bon,130000.0,Célibataire,1,0
59,310000,28.0,CDI,6980000,24,1,Bon,260000.0,Célibataire,1,0
28,260000,18.0,CDD,4250000,60,1,Bon,860000.0,Célibataire,1,1
43,357000,6.0,CDD,7380000,48,2,Bon,2010000.0,Marié,2,1
41,374000,19.0,Fonctionnaire,6220000,24,1,Bon,1410000.0,Célibataire,2,1
47,242000,2.0,CDI,1940000,24,2,Moyen,330000.0,Célibataire,3,1
33,647000,5.0,Indépendant,15580000,84,2,Bon,4710000.0,Célibataire,2,1
61,498000,14.0,CDI,13710000,84,1,Bon,3320000.0,Marié,5,1
23,295000,18.0,Fonctionnaire,4120000,36,2,Moyen,1100000.0,Divorcé,0,1
40,553000,15.0,CDD,17030000,48,2,Bon,1490000.0,Marié,2,1
31,287000,2.0,CDI,9330000,24,1,Bon,2190000.0,Marié,2,0
54,185000,15.0,CDI,6610000,12,0,Bon,2090000.0,Célibataire,0,0
64,238000,5.0,CDI,3720000,84,3,Bon,300000.0,Célibataire,0,1
22,209000,16.0,Indépendant,5560000,24,1,Moyen,700000.0,Marié,1,0
53,134000,0.0,Indépendant,3410000,60,0,Bon,1330000.0,Célibataire,1,0
27,407000,4.0,CDI,6890000,120,0,Bon,2010000.0,Marié,0,1
51,272000,15.0,Indépendant,5060000,12,1,Bon,290000.0,Célibataire,0,0
48,523000,0.0,CDD,5950000,120,0,Bon,570000.0,Marié,2,1
62,253000,10.0,CDI,5690000,36,2,Moyen,890000.0,Marié,3,0
61,633000,13.0,CDI,19150000,84,0,Moyen,3180000.0,Marié,2,1
47,488000,6.0,CDD,18930000,120,2,Mauvais,2490000.0,Célibataire,1,1
37,286000,4.0,Indépendant,3190000,36,0,Bon,1180000.0,Divorcé,1,1
47,110000,7.0,CDI,3730000,84,0,Bon,590000.0,Célibataire,3,1
34,145000,23.0,CDI,5490000,24,1,Mauvais,1450000.0,Marié,3,0
33,272000,11.0,Indépendant,9580000,120,1,Bon,1020000.0,Marié,4,1
54,362000,3.0,CDD,3780000,60,0,Bon,1170000.0,Célibataire,0,1
46,158000,0.0,CDI,5640000,36,1,Moyen,310000.0,Célibataire,1,0
46,596000,29.0,Indépendant,7760000,120,2,Bon,2810000.0,Marié,3,1
45,579000,13.0,Indépendant,6420000,84,0,Bon,40000.0,Célibataire,1,1
21,221000,24.0,CDD,8050000,84,1,Bon,2740000.0,Marié,1,1
40,231000,17.0,Indépendant,3860000,120,2,Bon,1250000.0,Marié,2,1
35,749000,6.0,Indépendant,22850000,12,1,Bon,8630000.0,Marié,2,0
41,477000,16.0,CDI,4970000,84,1,Bon,1410000.0,Divorcé,1,1
48,280000,16.0,Fonctionnaire,6320000,84,1,Bon,2360000.0,Célibataire,5,1
55,226000,6.0,CDI,5470000,48,0,Bon,800000.0,Marié,1,1
33,435000,10.0,CDD,5550000,48,1,Moyen,2020000.0,Divorcé,0,1
40,217000,19.0,Fonctionnaire,6230000,48,1,Bon,2060000.0,Marié,1,1
40,192000,24.0,Indépendant,3920000,120,2,Bon,1100000.0,Célibataire,3,1
24,357000,2.0,CDI,2010000,12,0,Mauvais,80000.0,Marié,1,0
64,277000,29.0,Indépendant,3300000,120,0,Mauvais,560000.0,Marié,1,1
50,89000,19.0,Indépendant,2190000,36,2,Mauvais,520000.0,Marié,2,0
51,147000,5.0,CDI,2080000,12,2,Bon,810000.0,Marié,0,0
61,257000,4.0,Fonctionnaire,9240000,84,1,Mauvais,2990000.0,Marié,0,0
24,347000,6.0,Fonctionnaire,4650000,84,2,Bon,410000.0,Célibataire,1,1
58,178000,17.0,CDI,4880000,60,3,Moyen,790000.0,Marié,0,1
39,229000,22.0,CDI,1870000,60,0,Bon,260000.0,Célibataire,2,1
33,586000,15.0,CDD,20290000,36,1,Mauvais,7590000.0,Marié,2,0
36,573000,,CDI,22750000,12,0,Bon,1950000.0,Marié,0,0
40,229000,9.0,CDI,6600000,24,0,Moyen,1470000.0,Marié,0,0
28,80000,4.0,CDD,3170000,120,2,Moyen,440000.0,Marié,1,0
31,563000,16.0,CDD,8420000,84,1,Mauvais,970000.0,Marié,0,1
41,345000,27.0,CDD,5310000,12,4,Bon,1550000.0,Célibataire,3,0
48,241000,18.0,Fonctionnaire,4150000,48,0,Bon,1500000.0,Célibataire,2,1
36,142000,28.0,CDI,810000,12,0,Bon,80000.0,Marié,3,1
59,80000,11.0,CDI,2550000,60,0,Bon,650000.0,Marié,1,1
23,501000,28.0,Indépendant,9050000,60,0,Bon,600000.0,Marié,0,1
51,240000,12.0,CDD,8940000,36,1,Mauvais,2520000.0,Célibataire,0,0
50,412000,23.0,CDI,12110000,12,1,Moyen,4440000.0,Marié,2,0
28,221000,0.0,Fonctionnaire,1740000,36,4,Moyen,50000.0,Célibataire,2,0
52,441000,17.0,CDD,5150000,84,0,Moyen,150000.0,Marié,2,1
32,450000,11.0,Fonctionnaire,3180000,36,0,Bon,1010000.0,Marié,1,1
31,512000,3.0,Fonctionnaire,5150000,36,2,Bon,130000.0,Célibataire,2,1
54,270000,22.0,Indépendant,7130000,48,1,Mauvais,2200000.0,Célibataire,2,0
40,403000,16.0,CDI,2850000,120,1,Bon,980000.0,Célibataire,0,1
56,481000,14.0,Indépendant,7630000,24,0,Moyen,2270000.0,Célibataire,0,1
55,154000,18.0,CDI,4490000,48,0,Bon,1110000.0,Marié,4,1
26,582000,16.0,CDI,9870000,84,0,Bon,1540000.0,Célibataire,0,1
24,203000,2.0,Indépendant,4290000,120,1,Bon,1220000.0,Marié,1,1
64,158000,11.0,Fonctionnaire,3330000,48,4,Bon,230000.0,Célibataire,2,0
40,402000,11.0,Fonctionnaire,10850000,36,2,Moyen,1760000.0,Marié,0,0
51,266000,20.0,CDI,9370000,24,1,Bon,2920000.0,Marié,1,0
22,121000,16.0,CDD,4590000,120,0,Moyen,1210000.0,Marié,4,1
26,111000,3.0,Indépendant,2280000,48,2,Moyen,350000.0,Marié,1,0
59,195000,4.0,CDD,3130000,12,1,Mauvais,940000.0,Marié,2,0
47,421000,12.0,Indépendant,11450000,24,3,Bon,,Célibataire,0,0
51,153000,12.0,CDI,4770000,48,1,Mauvais,,Divorcé,3,0
58,556000,16.0,Fonctionnaire,3840000,48,0,Moyen,120000.0,Marié,0,1
46,289000,5.0,Indépendant,2720000,36,0,Bon,260000.0,Marié,2,1
27,473000,19.0,Fonctionnaire,16430000,48,2,Bon,4620000.0,Marié,1,1
30,259000,15.0,CDD,4650000,24,2,Bon,1800000.0,Marié,2,0
32,262000,24.0,CDI,1420000,48,1,Moyen,440000.0,Divorcé,3,1
29,511000,11.0,CDD,16680000,120,1,Bon,5860000.0,Célibataire,1,1
39,172000,11.0,Fonctionnaire,1650000,60,3,Moyen,420000.0,Marié,1,1
38,163000,8.0,Indépendant,4990000,36,2,Bon,540000.0,Marié,3,0
36,177000,6.0,Indépendant,6270000,120,0,Mauvais,1010000.0,Célibataire,2,0
25,433000,14.0,CDI,6470000,24,3,Bon,1230000.0,Célibataire,2,1
31,867000,4.0,CDD,26300000,36,1,Bon,7710000.0,Célibataire,2,1
62,186000,16.0,CDI,7320000,24,1,Bon,2850000.0,Marié,0,0
62,1193000,17.0,CDI,45240000,24,0,Moyen,14060000.0,Divorcé,0,1
53,337000,7.0,Fonctionnaire,3550000,24,3,Bon,160000.0,Marié,3,1
24,807000,14.0,CDI,16230000,60,1,Bon,610000.0,Célibataire,0,1
37,711000,9.0,CDD,19510000,48,1,Mauvais,5100000.0,Divorcé,3,1
41,318000,,CDI,2800000,24,0,Bon,510000.0,Célibataire,2,1
47,341000,28.0,CDD,10470000,36,1,Bon,250000.0,Marié,3,1
23,219000,25.0,CDD,3330000,84,0,Moyen,950000.0,Célibataire,3,1
56,212000,14.0,CDD,3300000,48,2,Bon,1180000.0,Marié,2,1
60,515000,15.0,CDI,14670000,60,2,Mauvais,1150000.0,Marié,5,0
39,809000,5.0,CDD,19940000,60,0,,2380000.0,Célibataire,2,1
49,388000,12.0,Fonctionnaire,7210000,48,1,Moyen,1830000.0,Divorcé,1,1
45,125000,12.0,CDI,3250000,48,1,Moyen,460000.0,Marié,2,0
37,187000,20.0,CDD,2800000,36,1,Bon,320000.0,Célibataire,2,1
52,141000,,Indépendant,1570000,12,1,Bon,250000.0,Marié,1,0
49,186000,20.0,Indépendant,3200000,120,4,Moyen,840000.0,Célibataire,1,1
43,545000,28.0,CDD,20050000,36,0,Bon,,Divorcé,0,1
33,517000,24.0,CDD,19380000,36,3,Bon,6950000.0,Marié,4,0
42,514000,,CDD,8300000,12,2,Moyen,740000.0,Marié,1,0
43,505000,22.0,CDD,13450000,120,0,Mauvais,2130000.0,Célibataire,2,1
53,845000,15.0,CDI,9550000,120,1,Bon,2270000.0,Marié,2,1
29,989000,3.0,CDI,31710000,48,2,Bon,10000.0,Marié,1,1
46,178000,21.0,CDD,6150000,48,2,Moyen,1560000.0,Marié,1,0
39,209000,29.0,Fonctionnaire,3170000,120,1,Bon,,Divorcé,3,1
48,226000,14.0,Indépendant,1690000,12,2,Moyen,160000.0,Marié,1,0
37,320000,26.0,CDI,12310000,48,1,Mauvais,2320000.0,Célibataire,0,0
36,524000,16.0,Indépendant,16720000,24,2,Moyen,1490000.0,Marié,2,0
28,580000,,Indépendant,17380000,84,3,Bon,1300000.0,Célibataire,2,1
24,173000,10.0,Fonctionnaire,940000,36,1,Bon,350000.0,Marié,0,1
59,165000,14.0,Indépendant,2660000,60,3,Mauvais,1050000.0,Célibataire,3,0
27,648000,11.0,CDD,6590000,36,1,Moyen,2060000.0,Célibataire,2,1
34,256000,3.0,CDI,5800000,120,2,Moyen,1300000.0,Célibataire,1,1
64,80000,13.0,Indépendant,780000,12,1,Moyen,80000.0,Célibataire,1,0
33,148000,15.0,CDD,5680000,24,0,Bon,30000.0,Marié,5,0
50,239000,2.0,CDI,6890000,24,2,Moyen,2330000.0,Marié,3,0
44,356000,16.0,CDD,3230000,24,1,Bon,400000.0,Célibataire,3,1
36,650000,22.0,Indépendant,12220000,48,1,Bon,1870000.0,Célibataire,0,1
54,237000,19.0,CDI,3760000,84,2,Moyen,360000.0,Marié,0,1
47,152000,11.0,CDD,5890000,120,1,Moyen,790000.0,Marié,3,1
51,293000,24.0,Fonctionnaire,11620000,24,0,Bon,780000.0,Marié,2,0
28,80000,19.0,Indépendant,2380000,60,1,Bon,440000.0,Marié,2,1
29,256000,1.0,Indépendant,6410000,48,2,Moyen,320000.0,Marié,1,0
37,454000,7.0,CDD,8900000,60,1,Bon,3410000.0,Célibataire,1,1
28,243000,2.0,Indépendant,6670000,84,0,Bon,1610000.0,Marié,1,1
39,687000,28.0,Indépendant,26840000,12,0,Mauvais,4560000.0,Marié,2,0
48,731000,13.0,CDD,18520000,60,2,Bon,2070000.0,Marié,0,1
28,188000,28.0,Indépendant,3310000,24,0,Moyen,70000.0,Célibataire,1,0
40,185000,20.0,Fonctionnaire,5500000,60,1,Mauvais,1750000.0,Célibataire,2,0
42,226000,8.0,CDI,1230000,120,2,Moyen,160000.0,Marié,0,1
36,487000,2.0,CDD,18120000,60,0,Mauvais,3310000.0,Marié,2,0
64,490000,13.0,CDI,18930000,48,1,Bon,4710000.0,Marié,2,0
50,134000,24.0,CDD,5330000,120,1,Bon,2070000.0,Célibataire,2,1
30,278000,6.0,CDD,4760000,24,2,Moyen,1120000.0,Marié,2,0
39,173000,7.0,CDI,2240000,60,2,Bon,530000.0,Divorcé,2,1
46,429000,12.0,Fonctionnaire,2270000,120,1,Bon,230000.0,Célibataire,1,1
31,182000,8.0,CDD,6810000,84,1,Moyen,350000.0,Célibataire,1,0
47,234000,22.0,Indépendant,4980000,24,3,Bon,100000.0,Marié,1,0
34,406000,14.0,Indépendant,3190000,84,1,Mauvais,810000.0,Célibataire,2,0
38,150000,4.0,Indépendant,4440000,48,1,Moyen,220000.0,Célibataire,2,0
24,532000,26.0,CDD,16360000,84,3,Moyen,360000.0,Célibataire,3,1
38,380000,0.0,CDD,13050000,84,1,Bon,4330000.0,Marié,1,1
37,131000,24.0,CDI,3820000,48,2,Bon,970000.0,Divorcé,1,1
53,369000,28.0,Fonctionnaire,7710000,120,2,Bon,1630000.0,Marié,2,1
56,161000,22.0,CDD,3690000,48,1,Bon,550000.0,Célibataire,1,1
27,80000,17.0,Fonctionnaire,2620000,24,1,Bon,710000.0,Célibataire,2,0
50,185000,8.0,Fonctionnaire,3440000,60,3,Bon,920000.0,Célibataire,4,1
39,494000,20.0,Fonctionnaire,12880000,120,2,Moyen,3720000.0,Célibataire,2,1
57,472000,19.0,Indépendant,5690000,24,2,Bon,110000.0,Marié,1,1
45,163000,15.0,CDI,3300000,120,1,Moyen,1050000.0,Célibataire,4,1
53,522000,6.0,CDD,10280000,36,0,Bon,4090000.0,Marié,2,1
28,589000,9.0,Indépendant,22990000,12,2,Bon,6210000.0,Marié,2,0
43,606000,25.0,CDI,19270000,12,2,Mauvais,750000.0,Célibataire,2,0
36,264000,29.0,CDI,5320000,120,1,Moyen,1950000.0,Divorcé,1,1
27,210000,6.0,Indépendant,6010000,48,0,Mauvais,190000.0,Célibataire,1,0
63,578000,26.0,CDD,9810000,84,1,Mauvais,3520000.0,Marié,1,1
43,303000,12.0,CDD,2140000,36,2,Moyen,490000.0,Célibataire,1,1
34,229000,14.0,CDI,3080000,12,1,Mauvais,460000.0,Marié,0,0
59,531000,14.0,CDD,17890000,48,2,Moyen,5380000.0,Marié,3,1
36,226000,,Fonctionnaire,3940000,24,0,Moyen,560000.0,Célibataire,2,0
35,339000,17.0,CDD,13500000,84,1,Bon,1040000.0,Marié,3,1
50,444000,26.0,Indépendant,8150000,60,0,Mauvais,1620000.0,Célibataire,3,1
55,80000,20.0,Fonctionnaire,1480000,60,2,Moyen,340000.0,Célibataire,2,1
23,496000,9.0,CDI,9540000,12,0,Bon,2690000.0,Divorcé,2,0
59,436000,24.0,CDI,9160000,84,1,Moyen,1790000.0,Marié,0,1
42,665000,13.0,CDD,14210000,24,3,Bon,2290000.0,Célibataire,1,1
44,108000,11.0,Indépendant,880000,60,1,Moyen,,Marié,0,1
49,133000,2.0,CDI,2720000,12,2,Bon,550000.0,Marié,0,0
58,423000,10.0,CDD,9060000,84,1,Moyen,2420000.0,Marié,1,1
51,373000,29.0,CDI,6810000,24,5,Moyen,2030000.0,Marié,0,0
48,209000,,CDI,4340000,24,1,Moyen,840000.0,Célibataire,0,0
36,1014000,,CDD,37640000,12,0,Moyen,7340000.0,Marié,1,0
22,459000,19.0,Indépendant,8670000,12,1,Mauvais,1070000.0,Célibataire,3,0
32,766000,6.0,Fonctionnaire,14030000,84,1,Bon,3500000.0,Marié,1,1
45,367000,26.0,CDD,1850000,12,1,,240000.0,Célibataire,0,1
48,148000,7.0,CDI,5490000,48,0,Mauvais,280000.0,Marié,3,0
50,343000,18.0,CDD,11130000,120,1,Moyen,3800000.0,Célibataire,0,1
59,407000,16.0,Fonctionnaire,9580000,24,0,Bon,520000.0,Marié,0,1
61,108000,6.0,CDI,2640000,12,0,Moyen,440000.0,Divorcé,2,0
32,498000,18.0,CDI,7640000,120,1,Mauvais,1700000.0,Marié,0,1
55,457000,10.0,Fonctionnaire,4730000,24,1,Bon,200000.0,Marié,1,1
25,203000,27.0,CDD,5740000,12,0,Moyen,860000.0,Marié,2,0
26,917000,21.0,CDI,23400000,24,1,Bon,1360000.0,Marié,1,1
57,151000,6.0,CDI,4710000,84,2,Bon,1720000.0,Marié,1,1
59,240000,22.0,CDI,6730000,36,0,Bon,1980000.0,Célibataire,0,1
33,1324000,9.0,CDD,51340000,48,0,Moyen,8810000.0,Célibataire,2,1
63,242000,20.0,Indépendant,5360000,36,0,Mauvais,900000.0,Marié,0,0
31,393000,29.0,CDI,15150000,60,0,Bon,4970000.0,Marié,4,1
37,668000,20.0,CDD,3510000,36,0,Mauvais,110000.0,Célibataire,2,1
55,177000,24.0,CDI,3720000,120,1,Mauvais,1380000.0,Divorcé,1,1
52,545000,25.0,Fonctionnaire,20950000,12,0,Moyen,4100000.0,Marié,2,0
60,518000,1.0,CDI,20470000,84,0,Bon,7990000.0,Célibataire,2,1
57,180000,7.0,Indépendant,7160000,48,1,Moyen,2190000.0,Marié,0,0
29,249000,5.0,CDD,5770000,24,2,Bon,,Marié,3,0
48,80000,22.0,Indépendant,560000,120,2,Bon,60000.0,Marié,3,1
51,499000,27.0,CDI,8370000,48,0,Mauvais,1060000.0,Marié,2,1
47,236000,29.0,CDI,4620000,12,1,Bon,1630000.0,Marié,0,0
32,666000,2.0,CDI,21990000,24,0,Moyen,540000.0,Marié,1,0
48,150000,3.0,Fonctionnaire,3580000,60,2,Mauvais,0.0,Marié,3,0
40,165000,7.0,Indépendant,5490000,120,2,Bon,2120000.0,Célibataire,1,1
41,331000,2.0,CDI,1780000,84,1,Moyen,560000.0,Marié,4,1
57,163000,19.0,CDI,5060000,36,0,Mauvais,1390000.0,Marié,2,0
40,834000,12.0,Indépendant,18430000,60,0,Bon,5190000.0,Marié,2,1
37,191000,4.0,CDI,6410000,36,0,Bon,940000.0,Marié,2,0
36,561000,1.0,CDI,6930000,48,0,Bon,2490000.0,Marié,1,1
47,450000,13.0,CDI,10880000,36,1,Moyen,440000.0,Célibataire,1,1
33,791000,12.0,Fonctionnaire,7400000,36,0,Moyen,390000.0,Divorcé,2,1
49,609000,12.0,CDI,18240000,60,0,Mauvais,1310000.0,Célibataire,1,1
42,479000,28.0,Indépendant,13000000,120,0,Bon,4320000.0,Marié,2,1
57,120000,4.0,CDI,1820000,60,1,Bon,30000.0,Célibataire,1,0
24,572000,29.0,CDI,21650000,12,1,Bon,2590000.0,Célibataire,1,0
53,954000,10.0,Fonctionnaire,22920000,48,0,Bon,5310000.0,Célibataire,2,1
63,80000,16.0,Fonctionnaire,1760000,24,0,Bon,0.0,Célibataire,1,0
45,630000,24.0,CDI,13040000,24,1,Bon,300000.0,Marié,0,1
35,253000,12.0,CDD,5930000,48,0,Bon,1050000.0,Célibataire,2,1
30,463000,2.0,CDI,4580000,24,1,Bon,1300000.0,Marié,1,1
44,273000,4.0,CDD,10710000,48,1,Bon,1960000.0,Divorcé,1,0
60,233000,17.0,Indépendant,3540000,84,0,Moyen,150000.0,Célibataire,1,1
36,576000,2.0,CDI,10450000,84,0,Bon,320000.0,Marié,0,1
57,342000,23.0,CDD,8310000,84,0,Bon,1550000.0,Marié,4,1
55,144000,2.0,CDI,5700000,24,1,Bon,450000.0,Célibataire,1,0
35,180000,8.0,Indépendant,2760000,48,1,Mauvais,130000.0,Célibataire,3,0
31,220000,8.0,Fonctionnaire,4640000,60,4,Bon,890000.0,Marié,2,1
41,792000,20.0,Indépendant,6460000,48,1,Mauvais,2490000.0,Marié,1,1
26,706000,1.0,CDI,7230000,84,2,Bon,2440000.0,Divorcé,4,1
36,776000,27.0,CDI,16160000,48,1,Moyen,2590000.0,Marié,1,1
59,192000,12.0,CDI,5100000,120,2,Moyen,1780000.0,Célibataire,1,1
54,381000,1.0,CDI,10620000,12,2,Mauvais,2940000.0,Marié,1,0
49,195000,18.0,Fonctionnaire,7520000,84,1,Bon,570000.0,Marié,0,1
54,361000,,Indépendant,8260000,24,1,Moyen,930000.0,Marié,1,0
49,321000,20.0,Fonctionnaire,9130000,24,2,Bon,2910000.0,Célibataire,1,0
53,351000,8.0,CDD,8220000,36,0,Mauvais,150000.0,Célibataire,4,0
24,149000,2.0,Indépendant,990000,12,1,Bon,190000.0,Marié,2,0
21,699000,29.0,Indépendant,11390000,84,2,Bon,1100000.0,Marié,0,1
44,80000,29.0,CDD,2190000,12,1,Mauvais,760000.0,Marié,3,0
43,343000,15.0,CDI,6870000,12,1,Bon,1240000.0,Célibataire,1,0
25,320000,21.0,CDD,5700000,24,3,Bon,640000.0,Marié,1,0
53,536000,11.0,Fonctionnaire,12600000,12,3,Moyen,,Marié,0,0
42,80000,12.0,CDI,1570000,84,1,Moyen,410000.0,Marié,1,1
42,743000,16.0,Fonctionnaire,25750000,48,1,Mauvais,9330000.0,Célibataire,1,1
56,451000,5.0,CDD,7090000,48,3,Moyen,1070000.0,Marié,1,1
64,80000,1.0,CDI,2830000,12,1,Moyen,1070000.0,Célibataire,4,0
64,469000,25.0,CDI,17680000,36,1,Bon,,Marié,1,1
45,243000,3.0,Fonctionnaire,3370000,24,2,Mauvais,80000.0,Célibataire,0,0
35,349000,15.0,Fonctionnaire,6400000,60,1,Bon,260000.0,Marié,1,1
24,520000,4.0,CDD,13750000,120,1,Mauvais,990000.0,Célibataire,0,1
45,212000,17.0,Fonctionnaire,6050000,24,2,Moyen,1730000.0,Marié,1,0
63,582000,22.0,CDI,6580000,24,1,Bon,2300000.0,Divorcé,0,1
34,240000,19.0,Indépendant,7790000,120,0,Bon,550000.0,Célibataire,2,1
38,649000,,CDI,18970000,84,0,Bon,1440000.0,Célibataire,0,1
31,213000,26.0,CDD,1240000,60,2,Moyen,280000.0,Célibataire,2,1
51,499000,26.0,Indépendant,5280000,36,3,Moyen,1230000.0,Célibataire,1,1
25,297000,24.0,CDI,7040000,60,3,Bon,250000.0,Marié,1,1
35,146000,10.0,CDI,4620000,120,2,Bon,830000.0,Célibataire,2,1
49,267000,26.0,CDD,2490000,60,0,Bon,870000.0,Marié,3,1
21,289000,1.0,CDI,9340000,48,0,Bon,3430000.0,Marié,1,0
40,346000,20.0,CDD,11760000,84,1,Bon,,Divorcé,0,1
23,116000,9.0,CDD,850000,60,1,Bon,180000.0,Marié,2,1
48,283000,26.0,CDD,7630000,24,1,Moyen,600000.0,Marié,0,0
59,183000,,CDI,4190000,24,0,Bon,450000.0,Célibataire,4,0
44,465000,18.0,CDI,18250000,36,1,Bon,1330000.0,Marié,1,1
33,380000,9.0,CDI,9830000,24,2,Bon,900000.0,Marié,1,0
52,490000,13.0,CDI,7030000,120,2,Bon,80000.0,Divorcé,1,1
30,1096000,18.0,CDD,12800000,12,0,Bon,3300000.0,Marié,2,1
51,185000,17.0,CDD,3020000,12,0,Bon,70000.0,Marié,1,0
62,470000,7.0,CDD,6320000,48,0,Bon,1450000.0,Célibataire,0,1
21,159000,20.0,Indépendant,4460000,36,1,Bon,890000.0,Marié,1,1
33,561000,21.0,CDI,4120000,36,3,Bon,1110000.0,Marié,2,1
41,205000,14.0,CDI,7620000,84,0,Mauvais,2670000.0,Célibataire,1,0
46,258000,12.0,CDD,9210000,84,1,Moyen,,Célibataire,3,0
36,266000,2.0,Fonctionnaire,4220000,120,0,Bon,1450000.0,Marié,4,1
41,226000,29.0,Indépendant,4080000,36,1,Bon,680000.0,Marié,1,1
25,1007000,4.0,Indépendant,20990000,12,1,Moyen,5720000.0,Divorcé,0,0
47,246000,24.0,CDD,6470000,36,6,Mauvais,530000.0,Célibataire,0,0
60,681000,22.0,Fonctionnaire,18320000,24,0,Mauvais,6030000.0,Marié,2,0
25,296000,4.0,CDI,2830000,36,2,Bon,110000.0,Célibataire,1,1
59,212000,0.0,CDD,5880000,36,1,Bon,790000.0,Marié,1,0
27,642000,27.0,Fonctionnaire,22070000,84,2,Bon,1880000.0,Célibataire,3,1
57,168000,13.0,CDD,3240000,60,0,Bon,270000.0,Marié,1,1
27,155000,12.0,Fonctionnaire,1030000,120,0,Bon,200000.0,Célibataire,2,1
56,202000,7.0,Indépendant,4340000,120,1,Mauvais,850000.0,Marié,0,0
39,207000,4.0,Indépendant,5910000,84,0,Moyen,2310000.0,Marié,2,0
44,259000,23.0,CDI,1370000,48,1,Moyen,30000.0,Divorcé,2,1
40,992000,23.0,Indépendant,18350000,84,6,Bon,4750000.0,Marié,2,1
47,407000,0.0,CDD,3470000,120,1,Moyen,410000.0,Marié,2,1
26,260000,25.0,Fonctionnaire,2270000,24,0,Mauvais,500000.0,Divorcé,1,1
28,411000,11.0,Indépendant,6330000,48,0,Mauvais,1270000.0,Célibataire,3,0
44,653000,1.0,Indépendant,26060000,12,0,Mauvais,5330000.0,Marié,4,0
42,237000,29.0,Fonctionnaire,2580000,12,2,Moyen,640000.0,Marié,2,0
31,558000,14.0,CDI,8320000,12,1,Moyen,310000.0,Marié,1,0
42,315000,27.0,CDD,12160000,60,1,Moyen,,Marié,3,1
54,358000,20.0,Indépendant,9410000,24,2,Moyen,470000.0,Marié,1,0
55,300000,11.0,Indépendant,11520000,120,1,Bon,3290000.0,Marié,2,1
53,480000,15.0,CDI,14310000,12,1,Bon,1590000.0,Marié,0,0
39,240000,21.0,CDI,4880000,120,1,Bon,640000.0,Marié,1,1
43,730000,7.0,CDD,19150000,48,2,Bon,6700000.0,Marié,2,1
63,124000,1.0,Indépendant,1360000,36,1,Moyen,380000.0,Célibataire,1,0
34,590000,1.0,CDI,20300000,84,1,Moyen,7490000.0,Célibataire,0,1
22,500000,16.0,CDI,9260000,48,1,Moyen,250000.0,Marié,1,1
28,221000,28.0,CDD,6840000,36,1,Mauvais,1220000.0,Divorcé,1,0
55,262000,17.0,Indépendant,4360000,36,3,Bon,850000.0,Marié,2,1
49,376000,1.0,CDI,12290000,120,1,Bon,1230000.0,Marié,1,1
36,444000,0.0,CDD,16810000,24,0,Mauvais,,Marié,0,0
44,423000,25.0,CDI,13300000,84,1,Moyen,4950000.0,Célibataire,2,1
26,284000,10.0,Fonctionnaire,1630000,120,0,Mauvais,270000.0,Marié,2,1
57,583000,0.0,CDI,16700000,12,1,Moyen,1280000.0,Célibataire,2,0
42,253000,11.0,Indépendant,5660000,84,0,Bon,760000.0,Célibataire,0,1
48,430000,23.0,CDD,7370000,120,0,Bon,60000.0,Divorcé,3,1
61,130000,5.0,CDD,4710000,84,2,Bon,40000.0,Célibataire,0,0
41,219000,13.0,Indépendant,2970000,60,0,Moyen,560000.0,Marié,4,1
49,80000,26.0,CDI,980000,36,2,Mauvais,180000.0,Marié,1,0
29,555000,12.0,Fonctionnaire,18550000,12,1,Bon,4500000.0,Marié,1,0
51,181000,27.0,CDI,910000,48,1,Bon,20000.0,Célibataire,1,1
56,153000,18.0,Fonctionnaire,2710000,120,1,Mauvais,900000.0,Marié,3,1
49,243000,22.0,CDD,2530000,36,2,Bon,540000.0,Divorcé,2,1
29,319000,24.0,CDD,6740000,60,1,Bon,,Marié,3,1
40,882000,25.0,CDI,5050000,84,1,Moyen,370000.0,Marié,2,1
64,95000,17.0,Indépendant,1750000,84,5,Moyen,260000.0,Marié,2,0
25,414000,22.0,Indépendant,14310000,12,1,Bon,10000.0,Célibataire,2,0
43,481000,16.0,Indépendant,4040000,24,1,Mauvais,780000.0,Célibataire,0,1
62,212000,28.0,CDD,2690000,48,3,Mauvais,200000.0,Célibataire,1,0
23,459000,13.0,CDD,15340000,24,0,Moyen,5800000.0,Célibataire,2,0
58,146000,5.0,Indépendant,2170000,48,0,Moyen,510000.0,Célibataire,2,1
31,262000,4.0,Indépendant,7470000,84,2,Moyen,1220000.0,Marié,2,0
33,527000,29.0,CDI,14640000,84,1,Bon,3610000.0,Célibataire,3,1
31,362000,25.0,Indépendant,4190000,12,1,Moyen,1170000.0,Marié,3,0
27,630000,3.0,Indépendant,8980000,12,0,Mauvais,230000.0,Célibataire,1,0
54,324000,8.0,CDI,6490000,120,1,Bon,2010000.0,Marié,3,1
62,343000,9.0,Indépendant,10570000,60,1,Moyen,,Marié,4,0
44,222000,0.0,Indépendant,7120000,12,2,Bon,360000.0,Célibataire,3,0
43,237000,20.0,Indépendant,4960000,60,0,Moyen,150000.0,Marié,2,1
25,796000,26.0,Indépendant,8300000,24,1,Mauvais,380000.0,Marié,2,1
27,336000,11.0,Indépendant,7070000,36,1,Bon,1040000.0,Célibataire,1,1
54,186000,12.0,Fonctionnaire,5140000,48,3,Moyen,1710000.0,Célibataire,2,0
54,274000,13.0,CDI,7850000,12,1,Bon,330000.0,Marié,1,0
29,820000,15.0,Indépendant,15730000,12,1,Bon,1020000.0,Célibataire,2,0
32,445000,5.0,Indépendant,6720000,48,1,Bon,950000.0,Divorcé,0,1
33,290000,3.0,CDI,9510000,12,0,Bon,2380000.0,Célibataire,5,0
21,80000,29.0,Indépendant,1460000,60,0,Bon,480000.0,Marié,1,1
33,336000,8.0,Indépendant,9440000,24,2,Bon,460000.0,Divorcé,2,0
24,269000,20.0,Fonctionnaire,2190000,120,0,Moyen,490000.0,Marié,1,1
57,224000,28.0,Indépendant,8620000,48,1,Bon,1810000.0,Marié,2,1
48,146000,27.0,Fonctionnaire,4390000,48,2,Mauvais,390000.0,Marié,2,0
24,203000,21.0,Indépendant,6330000,36,0,Moyen,1570000.0,Célibataire,3,0
35,609000,17.0,Indépendant,12520000,84,2,Bon,70000.0,Célibataire,2,1
30,513000,21.0,Indépendant,20010000,60,1,Bon,90000.0,Célibataire,0,1
40,236000,10.0,Fonctionnaire,6340000,24,0,Moyen,2210000.0,Célibataire,2,0
64,538000,11.0,CDI,3940000,84,1,Bon,1080000.0,Célibataire,3,1
36,119000,21.0,CDI,3440000,36,1,Moyen,1230000.0,Marié,1,0
56,420000,19.0,CDD,2620000,120,3,Bon,680000.0,Célibataire,2,1
64,159000,21.0,Fonctionnaire,3100000,48,2,Bon,580000.0,Marié,0,1
45,511000,12.0,CDI,11040000,60,2,Bon,2160000.0,Célibataire,1,1
43,1017000,28.0,Fonctionnaire,8700000,84,1,Mauvais,3230000.0,Marié,2,1
44,198000,25.0,Indépendant,3730000,84,1,Bon,330000.0,Célibataire,0,1
58,468000,6.0,CDD,10510000,24,0,,1270000.0,Célibataire,0,0
31,94000,8.0,Fonctionnaire,1620000,12,1,Bon,400000.0,Marié,2,0
21,570000,12.0,CDD,7940000,120,2,Bon,1890000.0,Marié,1,1
21,183000,5.0,Indépendant,2440000,24,1,Mauvais,590000.0,Marié,0,0
27,483000,17.0,CDI,13280000,84,0,Bon,330000.0,Marié,1,1
36,317000,18.0,Indépendant,5670000,24,2,Bon,1990000.0,Marié,2,0
52,227000,12.0,Indépendant,5650000,12,3,Mauvais,1990000.0,Célibataire,2,0
36,310000,14.0,CDD,5300000,24,1,Moyen,710000.0,Célibataire,4,0
39,137000,7.0,CDI,3760000,120,1,Moyen,1090000.0,Marié,1,1
25,300000,2.0,Indépendant,9530000,36,2,Bon,2660000.0,Marié,0,0
39,121000,4.0,Fonctionnaire,2090000,12,4,Moyen,680000.0,Célibataire,3,0
56,345000,26.0,CDI,6410000,120,1,Bon,1330000.0,Marié,2,1
32,892000,24.0,Indépendant,15590000,48,0,Bon,3970000.0,Célibataire,5,1
33,429000,29.0,Fonctionnaire,9990000,24,1,Bon,2290000.0,Célibataire,1,1
55,310000,23.0,CDD,11320000,120,1,Moyen,1260000.0,Célibataire,2,1
49,85000,20.0,CDI,970000,24,1,Bon,190000.0,Marié,0,1
61,314000,20.0,CDD,3060000,48,0,Bon,700000.0,Divorcé,3,1
25,227000,10.0,CDD,5970000,48,2,Moyen,270000.0,Célibataire,0,0
34,141000,5.0,CDI,4470000,60,0,Bon,420000.0,Célibataire,3,1
63,300000,22.0,Fonctionnaire,5990000,24,0,Mauvais,1960000.0,Marié,1,0
24,259000,22.0,Indépendant,3430000,120,2,Bon,430000.0,Célibataire,1,1
38,281000,25.0,CDI,8950000,48,3,Bon,1330000.0,Marié,4,1
44,435000,25.0,Fonctionnaire,2650000,36,1,Moyen,570000.0,Marié,2,1
58,274000,24.0,CDD,7730000,48,1,Moyen,2250000.0,Célibataire,0,1
57,427000,17.0,CDI,10930000,84,0,Bon,3030000.0,Célibataire,1,1
25,111000,18.0,CDD,2350000,12,1,Mauvais,550000.0,Célibataire,4,0
28,301000,23.0,CDI,8800000,84,1,Moyen,2420000.0,Marié,1,1
64,202000,25.0,Indépendant,7270000,12,1,Moyen,1970000.0,Célibataire,0,0
34,283000,1.0,CDI,1900000,84,3,Bon,330000.0,Marié,0,1
44,1018000,14.0,Fonctionnaire,7220000,60,0,Moyen,410000.0,Marié,1,1
63,835000,29.0,CDD,16910000,84,3,Moyen,3160000.0,Marié,2,1
64,546000,,CDI,9620000,84,0,Bon,1350000.0,Célibataire,0,1
45,662000,23.0,CDD,12930000,24,1,Bon,4450000.0,Célibataire,0,1
29,120000,14.0,Indépendant,4700000,12,1,Bon,1470000.0,Célibataire,2,0
21,411000,22.0,Indépendant,10250000,120,1,Bon,3200000.0,Marié,1,1
47,250000,26.0,Indépendant,4770000,24,1,Bon,220000.0,Célibataire,3,0
32,494000,1.0,CDD,10830000,12,0,Bon,1820000.0,Divorcé,0,0
59,805000,22.0,Indépendant,25070000,84,3,Moyen,8970000.0,Divorcé,2,1
21,271000,12.0,Indépendant,3340000,60,1,Bon,570000.0,Célibataire,3,1
36,169000,4.0,Fonctionnaire,3630000,48,0,Bon,1070000.0,Célibataire,0,1
51,196000,3.0,Fonctionnaire,6230000,60,1,Bon,1340000.0,Marié,2,1
58,476000,27.0,CDI,9960000,84,0,Moyen,3260000.0,Célibataire,2,1
32,335000,,CDI,7850000,120,1,Bon,2920000.0,Célibataire,4,1
53,80000,28.0,CDI,1890000,60,3,Bon,20000.0,Marié,3,1
51,253000,7.0,Fonctionnaire,5100000,12,0,Moyen,1920000.0,Marié,1,0
25,335000,4.0,CDI,6250000,120,1,Mauvais,1090000.0,Marié,1,1
31,541000,19.0,CDI,15600000,120,0,Bon,6090000.0,Marié,2,1
31,393000,22.0,Indépendant,14000000,36,2,Bon,1770000.0,Célibataire,0,0
60,375000,10.0,Indépendant,6800000,24,0,Mauvais,1650000.0,Célibataire,4,0
29,80000,6.0,Indépendant,830000,60,0,Bon,40000.0,Marié,0,1
33,317000,,CDI,12350000,12,0,Moyen,1540000.0,Marié,3,0
40,80000,9.0,Fonctionnaire,2090000,48,0,Bon,220000.0,Célibataire,1,1
46,270000,21.0,CDI,5240000,36,1,Bon,290000.0,Marié,0,1
53,684000,17.0,CDD,23060000,36,3,Bon,5320000.0,Divorcé,1,1
62,231000,9.0,CDI,7190000,120,0,Moyen,190000.0,Marié,5,1
49,596000,10.0,Fonctionnaire,3120000,84,2,Bon,1070000.0,Marié,2,1
55,577000,18.0,CDI,10800000,12,3,Bon,610000.0,Marié,1,0
39,569000,15.0,CDD,20610000,36,0,Moyen,5660000.0,Marié,0,0
25,265000,8.0,CDD,4950000,60,1,Bon,470000.0,Marié,2,1
57,234000,29.0,Indépendant,4740000,120,3,Moyen,1440000.0,Marié,0,1
25,298000,,Fonctionnaire,6880000,24,1,Bon,160000.0,Marié,0,1
42,321000,15.0,Fonctionnaire,3530000,120,1,Bon,850000.0,Marié,2,1
25,493000,20.0,CDI,10340000,120,2,Bon,480000.0,Marié,5,1
25,136000,26.0,Indépendant,950000,48,0,Bon,220000.0,Célibataire,3,1
36,122000,8.0,Indépendant,3640000,24,0,Bon,990000.0,Marié,3,0
32,185000,29.0,CDD,3010000,120,1,Mauvais,300000.0,Célibataire,2,1
47,549000,26.0,CDI,9030000,84,3,Mauvais,3330000.0,Divorcé,4,1
52,535000,1.0,CDI,15610000,24,0,Bon,3850000.0,Marié,3,0
45,512000,24.0,CDD,20070000,60,2,Moyen,820000.0,Marié,2,0
54,834000,15.0,CDI,26010000,24,2,Moyen,4930000.0,Divorcé,1,0
45,285000,11.0,Fonctionnaire,2680000,24,1,Bon,680000.0,Célibataire,2,1
27,149000,22.0,CDI,4890000,120,2,Bon,1110000.0,Célibataire,2,1
61,330000,19.0,CDD,3270000,12,2,Moyen,1070000.0,Célibataire,3,0
46,339000,18.0,Indépendant,2560000,120,0,Moyen,600000.0,Marié,2,1
48,562000,19.0,Indépendant,8180000,24,0,Bon,2910000.0,Marié,1,1
59,364000,22.0,CDI,7280000,36,1,Bon,540000.0,Célibataire,2,1
24,80000,8.0,CDD,2400000,60,2,Bon,940000.0,Marié,2,0
50,92000,24.0,CDI,1040000,60,2,Mauvais,70000.0,Marié,1,0
56,193000,16.0,Fonctionnaire,1350000,36,0,Mauvais,430000.0,Marié,1,1
58,289000,1.0,Fonctionnaire,1680000,36,2,Mauvais,350000.0,Célibataire,3,0
52,250000,7.0,Indépendant,3520000,48,2,Moyen,1230000.0,Marié,2,0
50,382000,7.0,Indépendant,8970000,12,1,Mauvais,3490000.0,Marié,0,0
30,263000,16.0,CDI,7700000,24,1,Bon,1740000.0,Marié,4,0
47,293000,4.0,Indépendant,8950000,84,0,Moyen,920000.0,Marié,2,1
22,400000,8.0,CDD,8350000,48,1,Moyen,1280000.0,Marié,1,1
38,172000,6.0,CDI,4570000,12,0,Bon,,Célibataire,0,0
56,489000,17.0,Indépendant,10510000,48,0,Mauvais,3360000.0,Marié,0,1
32,489000,26.0,CDI,18010000,24,5,Moyen,60000.0,Marié,1,0
58,176000,18.0,CDI,3080000,24,1,Bon,400000.0,Célibataire,1,0
22,378000,1.0,CDD,8460000,48,0,,2690000.0,Marié,2,1
61,419000,9.0,CDI,10540000,36,2,Bon,3590000.0,Marié,1,1
62,306000,1.0,CDI,4880000,84,0,Moyen,1240000.0,Marié,3,1
27,570000,11.0,CDI,9840000,36,0,Bon,860000.0,Célibataire,0,1
39,1016000,24.0,CDI,10090000,120,0,Bon,1050000.0,Célibataire,3,1
36,544000,5.0,CDI,5850000,48,0,Bon,2170000.0,Marié,2,1
61,273000,20.0,CDD,6910000,12,4,Bon,1030000.0,Célibataire,0,0
33,452000,0.0,CDI,3850000,84,0,Bon,520000.0,Marié,4,1
59,355000,7.0,CDD,12570000,48,1,Bon,2190000.0,Marié,6,0
50,354000,20.0,Indépendant,4450000,60,0,Mauvais,760000.0,Célibataire,5,1
34,168000,29.0,Fonctionnaire,1410000,36,1,,430000.0,Marié,2,1
43,260000,29.0,CDD,5670000,36,0,Bon,2070000.0,Célibataire,2,1
32,356000,21.0,Fonctionnaire,7650000,36,0,Bon,1070000.0,Célibataire,3,1
42,251000,14.0,Indépendant,1780000,48,1,Bon,360000.0,Marié,0,1
27,561000,22.0,Indépendant,5020000,84,2,Moyen,170000.0,Divorcé,1,1
25,376000,25.0,Indépendant,6560000,12,0,Bon,560000.0,Marié,3,0
22,502000,5.0,CDD,5610000,84,1,Bon,650000.0,Marié,1,1
31,236000,7.0,Fonctionnaire,5970000,60,1,Bon,1960000.0,Marié,6,1
44,919000,3.0,Indépendant,14720000,48,0,Bon,580000.0,Marié,3,1
49,562000,12.0,CDD,10110000,60,4,Bon,4040000.0,Célibataire,0,1
52,262000,5.0,CDD,6020000,36,1,Bon,530000.0,Célibataire,2,0
40,214000,17.0,CDI,1520000,60,0,Bon,100000.0,Marié,0,1
63,213000,22.0,CDD,5710000,84,1,Bon,430000.0,Célibataire,2,1
55,217000,17.0,CDI,1110000,12,2,Moyen,350000.0,Marié,2,1
24,624000,7.0,Indépendant,6540000,36,2,Bon,1470000.0,Marié,1,1
61,169000,14.0,CDI,1250000,48,2,Bon,160000.0,Marié,4,1
49,548000,17.0,CDI,11050000,84,0,Bon,170000.0,Célibataire,2,1
48,212000,17.0,Indépendant,5560000,24,2,Mauvais,1870000.0,Célibataire,2,0
39,353000,6.0,CDD,11960000,60,1,Bon,100000.0,Célibataire,0,1
57,268000,8.0,CDI,3380000,120,3,Moyen,1220000.0,Marié,2,1
49,432000,7.0,CDI,12430000,120,0,Bon,1290000.0,Marié,0,1
59,113000,21.0,CDD,3560000,36,0,Bon,540000.0,Marié,0,0
50,255000,9.0,CDD,8870000,60,2,Moyen,2320000.0,Célibataire,0,0
26,485000,5.0,CDD,3550000,120,2,Bon,450000.0,Célibataire,1,1
42,324000,29.0,CDI,5630000,84,1,Mauvais,,Célibataire,0,1
42,441000,3.0,Indépendant,3780000,24,4,Bon,1090000.0,Célibataire,2,1
40,118000,11.0,Indépendant,3280000,60,1,Moyen,0.0,Célibataire,0,0
36,412000,26.0,CDI,12000000,12,1,Mauvais,1660000.0,Marié,2,0
57,177000,22.0,CDD,3360000,48,2,Moyen,1140000.0,Célibataire,1,1
39,759000,22.0,Fonctionnaire,27480000,12,1,Moyen,5630000.0,Célibataire,1,0
40,236000,1.0,CDD,2170000,36,0,Bon,390000.0,Marié,4,1
59,138000,3.0,Indépendant,1900000,48,0,Mauvais,580000.0,Marié,1,0
31,252000,8.0,CDD,5040000,120,1,Moyen,760000.0,Marié,0,1
52,285000,12.0,Indépendant,6340000,24,4,Moyen,1100000.0,Divorcé,2,0
57,707000,21.0,Fonctionnaire,3990000,48,2,Moyen,,Marié,3,1
30,595000,29.0,CDD,8030000,12,0,Moyen,2960000.0,Célibataire,1,1
24,221000,11.0,CDI,6160000,84,4,Moyen,1770000.0,Marié,1,1
49,83000,7.0,CDD,1600000,60,0,Bon,150000.0,Marié,1,1
26,315000,16.0,CDD,6830000,120,1,Bon,1800000.0,Marié,0,1
22,175000,22.0,Fonctionnaire,1200000,24,0,Bon,,Célibataire,0,1
24,97000,29.0,CDD,3820000,12,0,Mauvais,560000.0,Marié,1,0
46,859000,21.0,CDI,11000000,24,0,Mauvais,2200000.0,Célibataire,2,1
43,262000,2.0,CDD,7100000,36,1,Bon,170000.0,Célibataire,0,0
35,120000,20.0,CDD,1560000,36,0,Bon,450000.0,Marié,4,1
37,312000,26.0,Indépendant,2830000,120,0,Moyen,250000.0,Célibataire,3,1
56,80000,28.0,CDD,720000,36,1,Mauvais,200000.0,Célibataire,2,0
21,633000,17.0,CDI,9700000,48,2,Moyen,370000.0,Divorcé,2,1
38,706000,19.0,CDD,17700000,60,1,Mauvais,1180000.0,Célibataire,1,1
40,580000,1.0,Indépendant,5090000,60,2,Mauvais,330000.0,Célibataire,0,1
64,647000,6.0,CDI,10720000,60,1,Bon,160000.0,Célibataire,1,1
55,1087000,28.0,CDD,24540000,36,3,Bon,9640000.0,Marié,1,1
43,150000,3.0,Indépendant,3220000,36,1,Mauvais,30000.0,Marié,1,0
59,377000,5.0,CDD,5820000,84,2,Bon,600000.0,Célibataire,4,1
31,502000,12.0,CDI,7080000,84,1,Moyen,430000.0,Célibataire,2,1
32,80000,4.0,CDI,600000,60,2,Bon,60000.0,Divorcé,0,1
36,303000,19.0,Indépendant,2110000,24,1,Mauvais,590000.0,Marié,0,1
31,554000,14.0,Indépendant,9440000,84,2,Mauvais,2310000.0,Célibataire,2,1
21,346000,16.0,CDD,10030000,84,1,Moyen,1710000.0,Marié,2,1
39,399000,29.0,Indépendant,4990000,36,3,Bon,,Marié,2,1
36,459000,15.0,CDD,16060000,120,1,Bon,3930000.0,Célibataire,2,1
21,411000,10.0,CDD,9710000,24,0,Mauvais,2730000.0,Marié,7,0
37,80000,25.0,CDI,2730000,36,0,Bon,740000.0,Divorcé,0,0
29,612000,23.0,CDI,17130000,36,1,Moyen,3500000.0,Marié,5,1
43,415000,7.0,Indépendant,16360000,60,0,Moyen,4110000.0,Marié,0,1
35,218000,13.0,Indépendant,2130000,120,2,Bon,830000.0,Célibataire,1,1
27,465000,6.0,CDD,15030000,12,0,Bon,2440000.0,Marié,1,0
38,450000,20.0,Fonctionnaire,5990000,24,2,Bon,10000.0,Célibataire,1,1
23,152000,10.0,CDI,3390000,12,2,Bon,840000.0,Marié,2,0
42,146000,10.0,CDI,4940000,120,2,Mauvais,750000.0,Célibataire,3,0
26,269000,26.0,CDI,8160000,24,3,Bon,470000.0,Marié,2,0
48,253000,27.0,CDI,4950000,36,2,Moyen,980000.0,Célibataire,2,0
60,507000,5.0,CDI,8970000,120,2,Bon,540000.0,Célibataire,1,1
22,325000,29.0,CDI,9380000,36,1,Bon,3000000.0,Marié,0,1
62,408000,5.0,CDD,3460000,12,2,Moyen,470000.0,Marié,3,0
22,361000,9.0,Fonctionnaire,11940000,36,1,Bon,4240000.0,Marié,1,0
57,196000,2.0,Indépendant,5050000,36,1,Mauvais,2000000.0,Divorcé,0,0
45,701000,3.0,Fonctionnaire,8300000,24,1,Moyen,2580000.0,Célibataire,0,1
30,394000,14.0,CDD,6120000,120,1,Moyen,1200000.0,Divorcé,2,1
30,80000,12.0,CDI,880000,24,0,Bon,100000.0,Marié,1,1
61,194000,20.0,Fonctionnaire,3510000,24,1,Moyen,860000.0,Célibataire,1,0
57,594000,13.0,CDD,12700000,36,3,Bon,1030000.0,Marié,1,1
56,876000,17.0,CDI,23740000,12,0,Bon,2530000.0,Célibataire,2,0
61,288000,27.0,CDI,4070000,60,0,Bon,1170000.0,Célibataire,1,1
52,81000,21.0,Fonctionnaire,1730000,48,0,Moyen,610000.0,Marié,2,1
37,912000,12.0,Indépendant,16480000,24,3,,810000.0,Marié,1,1
49,546000,11.0,CDD,10460000,36,2,Bon,620000.0,Célibataire,1,1
52,276000,0.0,Indépendant,10550000,84,0,Moyen,4190000.0,Célibataire,3,0
42,387000,9.0,Indépendant,5740000,12,3,Bon,190000.0,Marié,0,0
58,430000,25.0,Indépendant,2890000,84,0,Bon,580000.0,Marié,1,1
55,306000,18.0,CDD,11650000,60,3,Bon,2960000.0,Marié,2,1
63,83000,29.0,CDI,1780000,60,2,Bon,250000.0,Célibataire,1,1
56,446000,26.0,Indépendant,2330000,36,0,Moyen,,Célibataire,2,1
33,270000,10.0,CDD,7640000,24,1,Bon,960000.0,Marié,0,0
41,517000,8.0,Fonctionnaire,8010000,48,0,Bon,1970000.0,Célibataire,1,1
45,481000,29.0,CDI,10670000,12,3,Bon,1820000.0,Marié,1,0
34,157000,26.0,Indépendant,5400000,12,1,,290000.0,Marié,2,0
63,758000,23.0,Indépendant,11140000,84,0,Moyen,180000.0,Divorcé,0,1
49,632000,26.0,CDI,7760000,84,1,Bon,1420000.0,Marié,1,1
44,299000,25.0,CDI,6390000,48,0,Moyen,1810000.0,Célibataire,2,1
47,284000,1.0,CDD,5130000,24,1,Mauvais,310000.0,Marié,1,0
58,672000,15.0,Indépendant,15670000,12,4,Mauvais,720000.0,Marié,0,0
40,501000,18.0,CDI,17770000,36,1,Moyen,1310000.0,Célibataire,1,0
40,237000,18.0,CDI,8010000,120,1,Bon,2040000.0,Marié,1,1
33,304000,0.0,CDD,6600000,36,0,Bon,1790000.0,Marié,2,1
57,412000,1.0,CDI,10110000,12,2,Bon,2530000.0,Marié,0,0
55,251000,26.0,Fonctionnaire,8580000,36,3,Moyen,1280000.0,Marié,0,0
54,349000,24.0,Fonctionnaire,11700000,24,2,Moyen,2600000.0,Marié,3,0
64,783000,2.0,Indépendant,8910000,60,0,Bon,1480000.0,Divorcé,0,1
40,297000,13.0,CDI,7900000,48,2,Moyen,2420000.0,Marié,1,0
60,275000,19.0,Indépendant,3360000,60,2,Bon,1260000.0,Marié,2,1
41,84000,13.0,Indépendant,2910000,120,1,Moyen,890000.0,Célibataire,0,0
23,236000,19.0,CDD,8520000,48,3,Mauvais,3120000.0,Marié,2,0
48,386000,1.0,CDI,3600000,12,0,Bon,170000.0,Célibataire,1,1
22,294000,12.0,CDD,8580000,120,0,Bon,3340000.0,Célibataire,4,1
53,168000,26.0,Indépendant,3660000,84,3,Bon,1200000.0,Marié,2,1
26,190000,,Fonctionnaire,7360000,24,4,Mauvais,2820000.0,Célibataire,1,0
41,342000,24.0,CDI,10670000,120,0,Moyen,270000.0,Marié,1,1
40,342000,27.0,CDI,2640000,84,0,Bon,1030000.0,Célibataire,4,1
33,203000,10.0,Indépendant,6380000,84,1,Moyen,1870000.0,Divorcé,2,1
53,472000,3.0,Indépendant,12670000,12,2,Moyen,760000.0,Marié,1,0
22,404000,3.0,CDD,11400000,60,2,Mauvais,3410000.0,Marié,1,0
46,519000,15.0,Indépendant,19260000,120,1,,7300000.0,Marié,0,1
43,103000,8.0,CDI,2970000,36,0,Bon,380000.0,Marié,2,0
56,531000,9.0,CDI,13060000,36,0,Moyen,4950000.0,Marié,0,1
23,250000,22.0,CDI,7900000,60,0,Bon,2520000.0,Divorcé,3,1
45,300000,3.0,CDI,4690000,120,0,Moyen,450000.0,Marié,1,1
32,178000,17.0,Fonctionnaire,5640000,48,1,Bon,320000.0,Célibataire,4,0
25,80000,22.0,Indépendant,1200000,120,0,Moyen,290000.0,Marié,0,1
35,366000,6.0,Fonctionnaire,5720000,36,1,Bon,1140000.0,Célibataire,0,1
55,425000,10.0,Indépendant,8920000,36,1,Bon,1200000.0,Célibataire,1,1
52,116000,23.0,CDI,3520000,24,1,Moyen,1310000.0,Marié,2,0
45,287000,13.0,Fonctionnaire,10760000,48,4,Bon,460000.0,Célibataire,2,0
48,268000,,CDD,10640000,84,2,Bon,3920000.0,Marié,1,1
23,358000,11.0,CDI,12680000,36,1,Bon,3320000.0,Célibataire,1,0
58,264000,,CDD,10250000,60,1,Mauvais,650000.0,Célibataire,2,0
57,165000,19.0,CDI,4200000,60,1,Moyen,30000.0,Célibataire,1,1
27,176000,8.0,CDI,2430000,12,2,Bon,330000.0,Marié,0,0
38,401000,27.0,Indépendant,7310000,120,0,Moyen,2660000.0,Célibataire,2,1
35,369000,3.0,CDD,8610000,24,0,Moyen,370000.0,Marié,2,0
47,265000,3.0,Indépendant,8330000,60,2,Moyen,520000.0,Célibataire,0,0
61,123000,10.0,CDI,4110000,84,0,Moyen,,Célibataire,2,0
52,812000,19.0,CDI,16460000,48,0,Bon,3000000.0,Marié,0,1
49,217000,2.0,CDD,7860000,12,4,Mauvais,1280000.0,Célibataire,0,0
34,484000,27.0,Indépendant,15680000,36,0,Moyen,5310000.0,Célibataire,3,1
60,542000,25.0,CDD,13600000,60,1,Mauvais,4230000.0,Marié,1,1
23,297000,13.0,Indépendant,4020000,60,5,Moyen,580000.0,Célibataire,2,0
38,776000,3.0,Indépendant,21480000,84,4,Moyen,4750000.0,Divorcé,2,1
27,381000,18.0,Indépendant,12390000,60,1,Moyen,4910000.0,Divorcé,0,1
22,511000,5.0,CDI,18860000,60,0,Bon,7300000.0,Célibataire,0,1
53,104000,14.0,Indépendant,3840000,84,0,Bon,730000.0,Marié,3,0
28,249000,9.0,Indépendant,6780000,12,1,Mauvais,1820000.0,Marié,0,0
28,84000,8.0,CDI,3000000,48,0,Moyen,160000.0,Marié,1,0
21,131000,19.0,Fonctionnaire,3990000,120,2,Bon,80000.0,Marié,1,1
60,400000,25.0,CDD,11230000,12,3,Moyen,3490000.0,Marié,2,0
48,107000,11.0,CDI,2530000,24,0,Mauvais,350000.0,Marié,1,0
24,382000,22.0,CDD,8340000,24,0,Bon,2560000.0,Marié,1,0
60,130000,8.0,CDI,670000,60,1,Bon,220000.0,Célibataire,2,1
49,467000,8.0,CDI,8230000,24,3,Bon,1230000.0,Marié,0,0
26,412000,23.0,CDI,8680000,84,1,Bon,1300000.0,Célibataire,2,1
28,129000,7.0,CDI,5150000,12,2,Moyen,190000.0,Marié,0,0
36,268000,14.0,CDI,3360000,24,1,,820000.0,Célibataire,0,0
25,118000,0.0,Fonctionnaire,4520000,24,2,Bon,850000.0,Célibataire,0,0
54,114000,13.0,CDI,2650000,24,1,Bon,290000.0,Célibataire,0,0
27,367000,12.0,CDI,6330000,12,1,Bon,520000.0,Marié,0,0
38,555000,27.0,CDD,11590000,48,3,Moyen,4440000.0,Célibataire,3,1
31,118000,29.0,Fonctionnaire,1420000,24,1,Mauvais,280000.0,Marié,2,1
21,261000,23.0,CDI,5120000,120,1,Moyen,1910000.0,Marié,6,1
32,716000,6.0,CDI,23070000,120,2,Mauvais,5340000.0,Divorcé,2,1
63,166000,24.0,CDI,2630000,24,1,Bon,640000.0,Célibataire,0,1
27,442000,20.0,Indépendant,17360000,60,2,Moyen,6850000.0,Divorcé,1,0
26,80000,17.0,Indépendant,1440000,36,1,Bon,530000.0,Célibataire,4,1
41,299000,27.0,CDI,3620000,36,0,Mauvais,1190000.0,Marié,1,1
62,804000,14.0,Indépendant,4960000,120,1,Bon,660000.0,Marié,1,1
58,175000,24.0,Indépendant,1250000,24,1,Bon,230000.0,Célibataire,1,1
39,95000,12.0,CDI,2240000,60,3,Bon,390000.0,Célibataire,1,1
51,329000,8.0,CDI,3140000,36,1,Bon,70000.0,Marié,4,1
60,239000,1.0,CDI,4870000,24,1,Mauvais,520000.0,Célibataire,0,0
46,302000,0.0,CDI,3220000,36,3,Moyen,820000.0,Marié,2,1
52,947000,5.0,Fonctionnaire,35100000,24,2,Bon,13820000.0,Marié,1,0
54,316000,4.0,CDD,11530000,84,1,Bon,3230000.0,Divorcé,2,1
30,318000,11.0,Indépendant,3320000,24,2,Bon,940000.0,Célibataire,2,1
37,243000,8.0,Indépendant,3830000,24,0,Moyen,450000.0,Marié,2,0
36,469000,1.0,CDI,15370000,36,2,Moyen,4700000.0,Divorcé,1,0
54,358000,13.0,Indépendant,11890000,24,5,Bon,1460000.0,Célibataire,4,0
58,240000,17.0,CDI,7690000,12,2,Bon,2690000.0,Célibataire,2,0
21,276000,6.0,Indépendant,4070000,48,0,Moyen,950000.0,Marié,3,1
64,539000,3.0,Indépendant,19900000,24,1,Moyen,5290000.0,Marié,1,0
26,210000,1.0,CDD,3300000,12,2,Moyen,740000.0,Célibataire,1,0
61,120000,0.0,Fonctionnaire,4310000,48,0,Moyen,480000.0,Célibataire,2,0
24,306000,13.0,Fonctionnaire,2230000,36,4,Bon,360000.0,Divorcé,1,1
27,265000,0.0,CDD,9050000,24,2,Bon,1910000.0,Marié,2,0
26,291000,12.0,CDD,3240000,60,3,Bon,1200000.0,Marié,1,1
22,414000,24.0,Fonctionnaire,14780000,120,2,Moyen,560000.0,Marié,2,1
50,1056000,25.0,CDI,19140000,120,1,Bon,510000.0,Marié,3,1
29,252000,1.0,Indépendant,5590000,120,1,Bon,1460000.0,Célibataire,1,1
27,441000,29.0,CDI,11300000,36,1,Bon,690000.0,Marié,0,1
55,121000,1.0,CDI,4370000,48,1,Bon,1120000.0,Célibataire,0,0
21,505000,12.0,CDI,7320000,60,0,Moyen,2000000.0,Célibataire,0,1
50,269000,7.0,CDI,8440000,60,2,,2570000.0,Marié,1,1
50,899000,18.0,CDD,28850000,12,1,Bon,2550000.0,Marié,3,0
28,782000,,CDI,9000000,24,1,Moyen,,Marié,4,1
58,143000,11.0,Fonctionnaire,2140000,84,2,Moyen,30000.0,Marié,1,1
64,247000,24.0,Indépendant,7160000,36,0,Moyen,1760000.0,Célibataire,0,0
32,407000,9.0,Fonctionnaire,6320000,12,1,Mauvais,1790000.0,Célibataire,3,0
22,566000,19.0,CDI,19520000,36,2,Bon,5890000.0,Célibataire,2,1
22,310000,5.0,CDD,9140000,120,0,Moyen,2310000.0,Marié,0,1
25,228000,17.0,CDI,7250000,60,1,Bon,260000.0,Marié,2,1
57,557000,21.0,Indépendant,9530000,36,1,Moyen,3340000.0,Marié,1,1
58,128000,14.0,Indépendant,3530000,48,1,Moyen,630000.0,Célibataire,2,0
38,280000,17.0,CDI,4990000,84,3,Mauvais,0.0,Célibataire,3,1
22,278000,21.0,Indépendant,2360000,36,0,Moyen,530000.0,Marié,1,1
59,306000,10.0,Indépendant,7020000,12,0,Bon,1100000.0,Marié,2,0
26,321000,26.0,CDI,6320000,12,3,Bon,540000.0,Divorcé,1,0
22,362000,,Indépendant,13650000,36,0,Bon,4850000.0,Célibataire,2,0
26,613000,13.0,CDI,15840000,60,2,Moyen,2010000.0,Célibataire,0,1
27,115000,3.0,CDD,3720000,60,1,Mauvais,630000.0,Marié,3,0
41,405000,28.0,CDD,10080000,36,0,Mauvais,1640000.0,Marié,1,0
30,1015000,3.0,CDI,35340000,60,2,Moyen,9270000.0,Marié,1,1
46,80000,16.0,CDD,2290000,12,1,Moyen,340000.0,Célibataire,1,0
63,180000,5.0,CDI,2240000,48,0,Moyen,150000.0,Marié,1,1
42,495000,28.0,CDI,6470000,24,3,Bon,590000.0,Célibataire,0,1
53,295000,16.0,CDD,5740000,60,0,Bon,1280000.0,Célibataire,2,1
32,572000,11.0,CDD,17860000,12,1,Moyen,200000.0,Célibataire,0,0
32,180000,27.0,CDI,930000,84,1,Bon,180000.0,Marié,1,1
56,298000,3.0,CDD,4720000,60,0,Mauvais,640000.0,Célibataire,1,0
29,279000,24.0,CDD,5820000,60,2,Mauvais,230000.0,Marié,2,0
63,210000,13.0,Indépendant,3900000,12,3,Bon,1040000.0,Marié,1,0
33,265000,,CDI,4740000,84,0,Moyen,30000.0,Marié,0,1
30,684000,21.0,CDD,8010000,84,0,Mauvais,880000.0,Célibataire,0,1
64,556000,1.0,Indépendant,7350000,120,0,Bon,1280000.0,Célibataire,0,1
36,274000,7.0,CDD,10340000,120,1,Bon,2210000.0,Célibataire,3,1
56,431000,25.0,Indépendant,4000000,120,0,Bon,860000.0,Célibataire,3,1
43,261000,3.0,CDD,4950000,12,2,Bon,490000.0,Célibataire,1,0
33,249000,27.0,CDI,6210000,48,0,Mauvais,1610000.0,Célibataire,2,1
30,212000,3.0,Fonctionnaire,4960000,84,2,Bon,360000.0,Marié,0,1
40,181000,29.0,Fonctionnaire,5240000,12,2,Moyen,1250000.0,Célibataire,3,0
60,496000,13.0,Indépendant,14100000,84,3,Bon,4350000.0,Célibataire,0,1
41,236000,19.0,Fonctionnaire,1450000,36,0,Bon,480000.0,Marié,1,1
59,393000,19.0,Fonctionnaire,11080000,24,1,Bon,4160000.0,Marié,0,0
50,319000,,CDI,5280000,12,1,Mauvais,1570000.0,Marié,3,0
53,215000,15.0,Fonctionnaire,1410000,24,1,Bon,480000.0,Célibataire,2,1
32,769000,21.0,CDD,25660000,12,1,Bon,4750000.0,Marié,0,0
44,255000,0.0,CDI,8030000,12,0,Bon,1950000.0,Célibataire,2,0
54,102000,24.0,Fonctionnaire,800000,84,2,Bon,80000.0,Célibataire,2,1
34,295000,5.0,CDD,1680000,48,1,,540000.0,Célibataire,0,1
40,547000,14.0,CDI,9470000,60,0,Moyen,3590000.0,Divorcé,3,1
33,588000,17.0,CDD,6890000,120,2,Mauvais,1020000.0,Célibataire,0,1
52,401000,13.0,CDI,14040000,36,1,Bon,2420000.0,Marié,0,0
40,678000,19.0,CDI,18310000,24,3,Bon,7050000.0,Marié,0,0
42,386000,12.0,CDI,6390000,12,0,Bon,2550000.0,Célibataire,0,0
36,385000,15.0,CDD,11380000,84,2,Bon,2320000.0,Célibataire,1,1
55,80000,16.0,CDI,2280000,48,2,Mauvais,390000.0,Marié,3,0
40,360000,5.0,Indépendant,8070000,12,0,Moyen,2050000.0,Marié,1,0
53,213000,8.0,Fonctionnaire,3050000,48,1,Moyen,410000.0,Marié,0,1
28,339000,4.0,CDD,4370000,36,4,Bon,70000.0,Célibataire,2,1
23,211000,,Indépendant,1330000,60,0,Bon,330000.0,Divorcé,0,1
24,533000,23.0,Fonctionnaire,14500000,12,2,Mauvais,3720000.0,Célibataire,4,0
44,404000,10.0,Fonctionnaire,14770000,12,3,Mauvais,1360000.0,Célibataire,5,0
40,410000,22.0,Indépendant,12220000,12,1,Moyen,120000.0,Marié,1,0
39,98000,14.0,Indépendant,1010000,48,2,Moyen,220000.0,Marié,0,0
21,320000,15.0,Fonctionnaire,4860000,60,0,Bon,1760000.0,Marié,0,1
51,132000,0.0,Indépendant,1210000,24,1,Bon,410000.0,Marié,5,0
22,464000,11.0,CDD,14950000,120,0,Bon,5440000.0,Célibataire,2,1
61,316000,14.0,CDI,2830000,12,2,Bon,880000.0,Célibataire,2,1
55,104000,1.0,CDI,1060000,84,3,Bon,280000.0,Célibataire,1,1
36,122000,6.0,CDD,3840000,48,3,Bon,230000.0,Marié,2,0
26,80000,15.0,Indépendant,560000,48,0,Mauvais,210000.0,Célibataire,2,0
32,406000,13.0,CDI,11370000,84,2,Bon,770000.0,Marié,3,1
40,217000,16.0,Fonctionnaire,7910000,12,0,Moyen,2720000.0,Célibataire,1,0
64,338000,15.0,CDI,7310000,12,2,Mauvais,540000.0,Célibataire,3,0
58,368000,23.0,CDD,13470000,48,0,Bon,60000.0,Marié,4,1
44,308000,19.0,CDD,5900000,36,0,Moyen,1650000.0,Marié,1,1
22,624000,17.0,CDI,12380000,12,0,Moyen,2850000.0,Marié,3,0
61,190000,0.0,Indépendant,4080000,48,0,Bon,550000.0,Célibataire,2,0
37,273000,0.0,Fonctionnaire,10900000,12,1,Moyen,2270000.0,Divorcé,1,0
41,193000,29.0,Indépendant,3460000,60,1,Moyen,330000.0,Marié,3,1
58,690000,3.0,CDD,26160000,84,2,Moyen,1860000.0,Marié,1,1
49,107000,7.0,CDD,1860000,36,2,Bon,600000.0,Marié,0,0
57,806000,23.0,Fonctionnaire,21430000,48,3,Bon,8110000.0,Marié,1,1
41,252000,29.0,Fonctionnaire,6920000,120,0,Moyen,290000.0,Divorcé,0,1
22,912000,1.0,CDI,5770000,12,0,Bon,880000.0,Marié,0,1
27,156000,24.0,Indépendant,2430000,48,0,Moyen,620000.0,Marié,1,1
24,195000,28.0,CDI,6200000,24,1,Bon,1000000.0,Marié,2,0
60,425000,,CDD,11770000,84,0,Bon,1050000.0,Célibataire,0,1
36,142000,24.0,Indépendant,3240000,60,0,Moyen,380000.0,Célibataire,0,1
53,188000,25.0,CDI,1900000,84,1,Moyen,570000.0,Divorcé,2,1
38,424000,23.0,CDI,13460000,24,4,Bon,480000.0,Marié,1,0
35,378000,17.0,CDD,11940000,36,1,Moyen,1030000.0,Célibataire,1,0
39,395000,6.0,Indépendant,9140000,36,0,Bon,3280000.0,Célibataire,1,1
48,251000,,Indépendant,1420000,24,2,Moyen,240000.0,Marié,1,1
35,585000,8.0,Indépendant,5420000,60,3,Moyen,1350000.0,Célibataire,1,1
54,414000,2.0,Indépendant,8710000,120,0,Bon,160000.0,Célibataire,2,1
61,534000,27.0,Indépendant,11990000,120,0,Bon,3260000.0,Marié,0,1
31,368000,13.0,CDD,11790000,84,0,Moyen,1010000.0,Célibataire,2,1
45,188000,1.0,CDI,2550000,120,3,Bon,710000.0,Marié,2,1
37,209000,23.0,CDI,2970000,84,1,Moyen,550000.0,Divorcé,1,1
40,108000,14.0,CDI,2410000,12,2,Mauvais,180000.0,Marié,1,0
27,217000,2.0,Indépendant,5660000,36,2,Bon,1540000.0,Célibataire,0,0
33,324000,26.0,CDI,1950000,84,1,Bon,90000.0,Marié,4,1
53,210000,7.0,CDD,2490000,84,1,Bon,770000.0,Marié,0,1
41,246000,6.0,CDI,1780000,12,0,Bon,200000.0,Célibataire,3,1
46,1107000,24.0,CDD,6110000,12,0,Moyen,110000.0,Célibataire,1,1
28,332000,16.0,Indépendant,6670000,60,1,Bon,1920000.0,Divorcé,1,1
26,678000,13.0,CDI,21260000,84,0,,2940000.0,Célibataire,2,1
39,309000,1.0,CDI,8980000,12,0,Bon,380000.0,Marié,1,0
34,114000,10.0,Fonctionnaire,3120000,36,2,Bon,820000.0,Célibataire,5,0
56,627000,4.0,CDI,19320000,120,0,Bon,150000.0,Marié,0,1
41,262000,11.0,Fonctionnaire,7520000,84,1,Bon,670000.0,Marié,2,1
27,513000,20.0,Indépendant,14400000,60,3,Bon,3170000.0,Célibataire,1,1
52,212000,9.0,Indépendant,2780000,60,1,Bon,880000.0,Célibataire,1,1
26,110000,9.0,CDD,3420000,60,1,Moyen,670000.0,Marié,0,0
34,407000,1.0,CDD,2300000,12,2,Moyen,840000.0,Célibataire,3,0
60,319000,15.0,CDI,3840000,12,3,Moyen,30000.0,Divorcé,4,0
42,433000,28.0,CDD,16840000,36,1,Mauvais,1330000.0,Marié,0,0
24,297000,5.0,CDD,2310000,60,3,Bon,830000.0,Célibataire,3,1
24,189000,28.0,Indépendant,3950000,84,2,Bon,1080000.0,Célibataire,0,1
57,312000,1.0,Indépendant,1660000,24,1,Bon,60000.0,Célibataire,1,1
29,243000,18.0,CDD,3100000,60,1,Moyen,1000000.0,Marié,0,1
23,240000,8.0,Indépendant,9450000,36,2,Moyen,2510000.0,Marié,0,0
39,225000,0.0,Indépendant,6650000,84,2,Mauvais,1270000.0,Célibataire,0,0
33,386000,2.0,Indépendant,10610000,24,5,Bon,2830000.0,Célibataire,2,0
55,189000,11.0,CDD,2660000,48,1,Moyen,40000.0,Célibataire,0,1
49,557000,14.0,CDD,13560000,12,1,,770000.0,Marié,1,0
58,355000,14.0,CDI,2080000,60,1,Bon,60000.0,Célibataire,3,1
22,929000,19.0,CDD,35900000,24,0,Bon,12310000.0,Marié,1,0
39,450000,11.0,CDI,5780000,36,0,Bon,1760000.0,Célibataire,2,1
43,141000,17.0,CDI,3040000,120,3,Bon,660000.0,Marié,0,1
64,587000,14.0,CDI,10380000,120,1,Bon,1140000.0,Marié,0,1
27,244000,,Fonctionnaire,7760000,12,1,Bon,2980000.0,Célibataire,2,0
36,621000,22.0,CDD,17910000,84,0,Moyen,6790000.0,Marié,3,1
39,217000,18.0,Indépendant,8510000,60,1,Mauvais,3040000.0,Divorcé,0,0
62,746000,25.0,CDI,22060000,48,1,Moyen,4180000.0,Célibataire,2,1
57,120000,26.0,Fonctionnaire,1420000,12,1,Mauvais,490000.0,Marié,0,0
37,348000,3.0,Fonctionnaire,3740000,60,0,,50000.0,Célibataire,1,1
32,400000,29.0,Fonctionnaire,9910000,120,0,Moyen,290000.0,Divorcé,1,1
30,417000,4.0,CDI,6970000,120,1,Moyen,2010000.0,Divorcé,2,1
56,267000,22.0,CDD,4070000,60,3,Bon,550000.0,Marié,3,1
61,276000,26.0,Indépendant,4020000,24,1,Moyen,560000.0,Célibataire,1,1
29,131000,1.0,CDI,2320000,12,2,Moyen,410000.0,Célibataire,1,0
45,262000,,CDI,9850000,24,0,Mauvais,2290000.0,Marié,1,0
33,112000,8.0,Indépendant,1990000,60,1,Moyen,,Célibataire,2,0
30,350000,12.0,Fonctionnaire,12380000,84,2,Mauvais,2900000.0,Divorcé,0,0
39,247000,1.0,CDI,1520000,36,2,Moyen,40000.0,Marié,2,0
47,141000,3.0,CDD,4690000,84,0,Bon,1290000.0,Marié,3,1
39,883000,6.0,CDI,12930000,84,2,Moyen,2690000.0,Marié,0,1
23,96000,14.0,Fonctionnaire,2380000,120,5,Moyen,310000.0,Marié,3,0
