commune,superficie_m2,nb_pieces,age_batiment,etage,standing,meuble,parking,securite,loyer_fcfa
Yopougon,50.0,3.0,19.0,3,Haut standing,0,0,0,118000
Riviera,116.0,6.0,28.0,8,Moyen,0,0,1,533000
Koumassi,59.0,1.0,24.0,0,Économique,0,1,1,94000
Abobo,93.0,5.0,16.0,6,Économique,1,0,0,133000
Plateau,119.0,5.0,12.0,2,Économique,0,0,0,544000
Plateau,118.0,6.0,15.0,7,Économique,0,0,0,655000
Cocody,192.0,7.0,34.0,5,Moyen,0,0,0,734000
Bingerville,79.0,2.0,35.0,0,Moyen,0,1,1,211000
Abobo,56.0,2.0,38.0,9,Moyen,0,0,0,56000
Adjamé,96.0,5.0,2.0,4,Moyen,0,1,0,169000
Cocody,81.0,3.0,8.0,11,Économique,0,1,1,454000
Riviera,74.0,3.0,39.0,7,Économique,1,0,0,314000
Port-Bouët,68.0,4.0,28.0,10,Moyen,0,1,0,156000
Marcory,107.0,3.0,4.0,2,Économique,0,0,0,259000
Plateau,63.0,3.0,2.0,11,Économique,1,0,0,406000
Plateau,131.0,5.0,9.0,11,Moyen,0,1,0,803000
Treichville,128.0,4.0,30.0,3,Haut standing,0,0,1,388000
Abobo,111.0,5.0,10.0,6,Haut standing,0,0,0,190000
Yopougon,52.0,3.0,16.0,10,Économique,0,0,1,55000
Treichville,104.0,5.0,39.0,5,Moyen,0,0,0,197000
Abobo,150.0,5.0,7.0,6,Économique,0,0,1,180000
Cocody,135.0,5.0,1.0,8,Haut standing,0,0,1,906000
Treichville,126.0,4.0,3.0,8,Économique,0,0,0,307000
Yopougon,93.0,4.0,15.0,1,Économique,0,1,1,141000
Yopougon,91.0,4.0,20.0,2,Haut standing,1,0,0,194000
Koumassi,162.0,7.0,4.0,3,Haut standing,1,0,0,610000
Marcory,106.0,5.0,34.0,5,Moyen,0,0,1,388000
Abobo,106.0,5.0,13.0,4,Économique,1,1,1,172000
Abobo,297.0,10.0,14.0,5,Moyen,0,1,1,440000
Cocody,78.0,4.0,5.0,10,Moyen,1,1,1,666000
Abobo,24.0,1.0,15.0,7,Moyen,0,1,1,43000
Plateau,84.0,4.0,22.0,1,Économique,1,0,1,515000
Cocody,86.0,4.0,30.0,5,Économique,1,0,0,475000
Riviera,105.0,5.0,11.0,8,Haut standing,0,1,0,740000
Riviera,117.0,4.0,18.0,4,Moyen,0,1,0,423000
Port-Bouët,26.0,1.0,11.0,0,Moyen,1,0,0,72000
Treichville,118.0,4.0,12.0,7,Économique,0,1,0,330000
Cocody,,3.0,1.0,3,Moyen,0,1,1,602000
Adjamé,80.0,2.0,19.0,7,Haut standing,0,1,0,156000
Yopougon,35.0,1.0,30.0,3,Économique,0,1,1,54000
Cocody,178.0,6.0,8.0,10,Moyen,0,1,0,1082000
Yopougon,,4.0,20.0,7,Économique,0,0,1,95000
Cocody,127.0,5.0,7.0,8,Économique,0,0,1,693000
Riviera,58.0,1.0,38.0,4,Moyen,1,0,0,235000
Marcory,107.0,3.0,36.0,4,Moyen,0,0,1,301000
Adjamé,80.0,3.0,28.0,1,Moyen,0,1,0,137000
Treichville,125.0,4.0,18.0,8,Économique,0,0,1,233000
Abobo,79.0,,34.0,10,Économique,1,1,0,97000
Abobo,57.0,3.0,37.0,3,Haut standing,0,1,0,85000
Plateau,91.0,3.0,25.0,2,Économique,1,1,1,462000
Riviera,89.0,3.0,10.0,1,Moyen,0,1,1,458000
Koumassi,104.0,5.0,35.0,2,Économique,0,0,0,149000
Riviera,143.0,5.0,34.0,3,Haut standing,0,0,1,634000
Bingerville,50.0,1.0,3.0,8,Haut standing,0,1,0,165000
Abobo,,6.0,2.0,5,Économique,1,0,0,229000
Riviera,46.0,1.0,11.0,9,Moyen,0,0,0,212000
Cocody,123.0,6.0,31.0,4,Économique,0,0,0,412000
Marcory,125.0,4.0,25.0,8,Économique,1,0,1,496000
Cocody,71.0,3.0,12.0,7,Moyen,0,0,1,435000
Treichville,60.0,3.0,37.0,5,Moyen,0,1,0,141000
Yopougon,58.0,3.0,28.0,2,Économique,1,1,1,117000
Marcory,95.0,5.0,18.0,6,Moyen,0,1,0,432000
Port-Bouët,129.0,6.0,34.0,9,Économique,1,0,0,216000
Yopougon,85.0,3.0,26.0,5,Économique,1,0,1,119000
Marcory,22.0,1.0,30.0,11,Moyen,0,1,0,54000
Abobo,69.0,3.0,2.0,10,Moyen,0,1,0,103000
Plateau,67.0,3.0,34.0,7,Moyen,0,1,1,345000
Port-Bouët,117.0,4.0,23.0,11,Moyen,0,1,1,214000
Cocody,120.0,5.0,6.0,5,Haut standing,1,1,0,890000
Riviera,99.0,3.0,34.0,10,Moyen,0,0,0,397000
Koumassi,140.0,7.0,20.0,9,Économique,0,0,0,283000
Marcory,145.0,5.0,0.0,3,Moyen,0,1,1,570000
Cocody,71.0,2.0,5.0,9,Moyen,0,1,1,503000
Port-Bouët,58.0,1.0,38.0,11,Moyen,0,0,1,84000
Adjamé,88.0,4.0,33.0,6,Moyen,1,1,1,220000
Koumassi,99.0,4.0,17.0,6,Économique,0,1,1,210000
Koumassi,69.0,4.0,24.0,10,Économique,1,0,1,174000
Cocody,332.0,10.0,14.0,7,Moyen,0,1,0,1527000
Yopougon,173.0,6.0,31.0,1,Économique,0,0,1,237000
Cocody,66.0,3.0,17.0,10,Moyen,0,1,1,426000
Bingerville,,2.0,30.0,5,Moyen,1,1,0,192000
Abobo,63.0,2.0,28.0,2,Moyen,0,1,0,64000
Treichville,146.0,7.0,14.0,7,Moyen,1,0,0,489000
Cocody,148.0,6.0,22.0,3,Économique,1,0,1,664000
Treichville,174.0,8.0,37.0,3,Haut standing,1,1,0,508000
Treichville,57.0,1.0,10.0,1,Moyen,0,0,1,174000
Koumassi,116.0,5.0,14.0,5,Économique,0,0,0,168000
Abobo,59.0,3.0,22.0,5,Économique,0,0,1,65000
Bingerville,192.0,9.0,2.0,0,Économique,0,1,0,569000
Yopougon,58.0,1.0,18.0,11,Moyen,1,0,1,114000
Cocody,45.0,2.0,0.0,7,Économique,1,1,0,245000
Koumassi,50.0,3.0,23.0,2,Économique,1,1,0,103000
Koumassi,91.0,5.0,10.0,0,Économique,0,1,0,236000
Abobo,128.0,6.0,29.0,9,Moyen,0,1,0,161000
Koumassi,124.0,6.0,10.0,0,Moyen,0,0,1,271000
Yopougon,51.0,3.0,38.0,0,Moyen,0,0,1,73000
Abobo,75.0,4.0,0.0,4,Haut standing,1,0,0,167000
Yopougon,70.0,4.0,11.0,4,Économique,1,1,0,168000
Cocody,47.0,3.0,3.0,0,Moyen,0,1,1,288000
Cocody,69.0,4.0,24.0,4,Économique,0,0,1,323000
Cocody,171.0,8.0,7.0,6,Moyen,0,0,0,802000
Abobo,43.0,2.0,14.0,4,Moyen,0,0,0,51000
Treichville,102.0,3.0,29.0,8,Économique,0,1,0,200000
Yopougon,173.0,6.0,39.0,3,Économique,0,1,0,156000
Riviera,169.0,6.0,31.0,8,Moyen,0,1,1,762000
Marcory,197.0,9.0,34.0,11,Économique,1,0,1,732000
Yopougon,107.0,3.0,20.0,7,Économique,0,0,0,137000
Koumassi,115.0,6.0,30.0,0,Haut standing,1,1,0,274000
Marcory,70.0,3.0,35.0,3,Moyen,0,1,1,203000
Cocody,43.0,1.0,26.0,6,Moyen,1,0,0,206000
Marcory,85.0,3.0,7.0,0,Moyen,1,0,0,299000
Plateau,155.0,6.0,22.0,11,Économique,0,1,1,630000
Riviera,22.0,2.0,22.0,7,Économique,0,0,0,96000
Port-Bouët,71.0,2.0,32.0,10,Moyen,0,0,1,158000
Abobo,120.0,5.0,12.0,1,Moyen,0,0,1,191000
Bingerville,92.0,3.0,38.0,7,Économique,0,0,1,211000
Port-Bouët,164.0,7.0,34.0,10,Économique,0,0,0,237000
Plateau,147.0,6.0,15.0,3,Économique,1,1,1,1204000
Bingerville,,3.0,11.0,7,Moyen,0,0,1,167000
Abobo,96.0,3.0,30.0,0,Économique,0,0,0,76000
Port-Bouët,61.0,3.0,4.0,11,Haut standing,0,1,0,229000
Bingerville,61.0,3.0,39.0,4,Haut standing,1,1,0,232000
Treichville,41.0,3.0,24.0,8,Moyen,0,1,1,151000
Cocody,104.0,5.0,20.0,6,Moyen,0,1,0,642000
Marcory,166.0,8.0,2.0,2,Économique,1,1,0,679000
Yopougon,108.0,4.0,9.0,3,Économique,0,1,1,178000
Port-Bouët,40.0,1.0,22.0,9,Moyen,0,1,0,85000
Bingerville,89.0,3.0,16.0,6,Économique,0,1,0,244000
Cocody,118.0,6.0,34.0,5,Économique,0,1,0,409000
Abobo,86.0,2.0,24.0,3,Moyen,0,1,1,110000
Yopougon,107.0,4.0,1.0,2,Moyen,1,1,1,253000
Marcory,64.0,4.0,26.0,10,Moyen,0,1,1,253000
Cocody,81.0,3.0,8.0,1,Économique,0,1,0,298000
Treichville,78.0,3.0,3.0,9,Économique,0,0,1,220000
Riviera,180.0,8.0,25.0,11,Moyen,0,1,0,1090000
Treichville,51.0,2.0,31.0,8,Haut standing,0,0,0,153000
Abobo,24.0,2.0,28.0,2,Moyen,1,0,1,35000
Adjamé,175.0,7.0,21.0,6,Économique,1,1,1,422000
Yopougon,97.0,3.0,12.0,0,Économique,0,0,1,162000
Riviera,45.0,1.0,22.0,7,Haut standing,0,0,0,205000
Riviera,141.0,5.0,30.0,0,Économique,0,0,0,524000
Marcory,121.0,6.0,35.0,11,Économique,1,0,0,343000
Yopougon,194.0,8.0,39.0,1,Économique,0,0,0,195000
Treichville,101.0,4.0,30.0,0,Moyen,0,1,0,224000
Marcory,260.0,9.0,14.0,3,Économique,1,1,1,1156000
Cocody,86.0,2.0,13.0,1,Économique,0,0,0,282000
Abobo,122.0,6.0,34.0,0,Moyen,0,1,0,158000
Yopougon,130.0,6.0,23.0,0,Économique,0,1,0,175000
Cocody,336.0,10.0,29.0,1,Moyen,0,0,0,1135000
Marcory,73.0,4.0,29.0,5,Moyen,1,1,1,372000
Riviera,72.0,4.0,26.0,1,Moyen,0,0,1,342000
Marcory,131.0,6.0,39.0,11,Économique,0,1,1,455000
Plateau,43.0,1.0,,11,Moyen,0,0,1,293000
Yopougon,61.0,1.0,10.0,10,Économique,1,1,0,146000
Riviera,85.0,3.0,25.0,1,Économique,1,0,1,425000
Marcory,191.0,9.0,20.0,7,Moyen,0,1,0,739000
Adjamé,131.0,4.0,,4,Moyen,0,0,0,249000
Koumassi,95.0,5.0,0.0,7,Économique,0,1,0,281000
Marcory,69.0,3.0,5.0,11,Économique,0,0,0,247000
Koumassi,228.0,10.0,0.0,11,Économique,0,0,0,562000
Yopougon,89.0,4.0,21.0,7,Moyen,0,0,1,176000
Abobo,61.0,2.0,12.0,11,Moyen,1,0,0,96000
Abobo,250.0,9.0,37.0,1,Moyen,0,1,1,249000
Abobo,44.0,3.0,39.0,6,Moyen,0,0,1,56000
Cocody,168.0,6.0,30.0,8,Haut standing,1,1,1,1131000
Port-Bouët,92.0,5.0,14.0,11,Économique,0,0,1,240000
Treichville,131.0,6.0,1.0,7,Économique,0,0,1,283000
Plateau,120.0,5.0,30.0,8,Moyen,0,0,0,541000
Cocody,130.0,5.0,25.0,7,Économique,0,1,0,559000
Abobo,261.0,10.0,1.0,3,Moyen,1,1,1,478000
Adjamé,241.0,9.0,10.0,9,Économique,0,0,1,548000
Cocody,63.0,3.0,32.0,6,Haut standing,0,1,1,396000
Abobo,118.0,5.0,17.0,8,Économique,1,1,1,179000
Marcory,32.0,2.0,20.0,8,Économique,0,0,0,101000
Abobo,137.0,6.0,30.0,3,Moyen,0,1,1,152000
Plateau,153.0,6.0,25.0,6,Économique,0,0,1,765000
Adjamé,24.0,1.0,29.0,5,Haut standing,1,0,0,69000
Yopougon,,4.0,38.0,11,Économique,0,0,1,118000
Riviera,131.0,6.0,20.0,11,Moyen,0,1,1,738000
Cocody,110.0,4.0,15.0,2,Économique,0,0,0,383000
Treichville,45.0,3.0,6.0,9,Moyen,1,0,1,174000
Cocody,48.0,2.0,21.0,5,Haut standing,1,0,0,363000
Riviera,85.0,4.0,6.0,7,Moyen,0,0,0,431000
Bingerville,73.0,4.0,1.0,1,Moyen,1,0,0,382000
Marcory,77.0,2.0,36.0,11,Économique,1,1,1,285000
Adjamé,41.0,3.0,13.0,2,Haut standing,0,0,0,89000
Port-Bouët,93.0,4.0,7.0,7,Moyen,0,1,0,290000
Abobo,192.0,9.0,,3,Haut standing,0,0,1,255000
Abobo,46.0,2.0,6.0,3,Moyen,0,1,0,66000
Marcory,82.0,2.0,37.0,1,Économique,1,0,0,217000
Cocody,124.0,5.0,21.0,10,Moyen,0,1,1,735000
Bingerville,36.0,1.0,16.0,9,Économique,0,1,0,95000
Riviera,94.0,3.0,15.0,11,Moyen,0,0,1,477000
Abobo,151.0,7.0,32.0,0,Économique,1,1,0,215000
Treichville,52.0,1.0,38.0,6,Économique,0,0,1,117000
Treichville,98.0,4.0,34.0,3,Haut standing,0,0,0,318000
Koumassi,145.0,5.0,37.0,5,Haut standing,1,1,1,374000
Bingerville,254.0,9.0,31.0,7,Haut standing,1,0,0,951000
Bingerville,96.0,5.0,2.0,10,Moyen,1,0,0,454000
Koumassi,62.0,2.0,2.0,6,Moyen,0,0,1,127000
Abobo,29.0,1.0,7.0,6,Moyen,0,0,1,43000
Cocody,62.0,3.0,30.0,5,Économique,1,1,1,352000
Plateau,40.0,3.0,8.0,10,Haut standing,0,0,0,307000
Bingerville,200.0,8.0,4.0,3,Haut standing,0,1,0,787000
Abobo,141.0,7.0,27.0,3,Moyen,0,0,0,178000
Cocody,48.0,1.0,14.0,8,Haut standing,1,0,0,385000
Cocody,,3.0,26.0,10,Moyen,0,1,0,312000
Adjamé,95.0,4.0,30.0,4,Économique,0,1,1,122000
Cocody,150.0,6.0,39.0,8,Haut standing,0,0,0,812000
Plateau,118.0,6.0,17.0,10,Moyen,0,1,0,636000
Abobo,112.0,3.0,37.0,11,Moyen,1,0,0,117000
Adjamé,102.0,5.0,3.0,8,Économique,0,0,1,232000
Adjamé,49.0,2.0,20.0,3,Moyen,0,1,0,99000
Marcory,96.0,5.0,22.0,1,Moyen,0,1,0,313000
Koumassi,90.0,5.0,21.0,1,Moyen,0,1,1,243000
Marcory,40.0,1.0,0.0,8,Moyen,1,1,0,202000
Treichville,197.0,9.0,24.0,8,Économique,1,0,0,449000
Koumassi,66.0,2.0,27.0,2,Moyen,0,1,0,113000
Abobo,40.0,3.0,36.0,4,Haut standing,0,0,0,52000
Port-Bouët,72.0,4.0,10.0,4,Économique,0,1,0,151000
Adjamé,80.0,2.0,21.0,1,Économique,0,1,0,116000
Abobo,88.0,3.0,24.0,1,Économique,0,1,0,71000
Cocody,79.0,3.0,20.0,9,Haut standing,0,1,0,451000
Yopougon,91.0,3.0,35.0,11,Moyen,1,0,0,158000
Marcory,99.0,5.0,19.0,0,Haut standing,1,0,0,482000
Marcory,96.0,4.0,15.0,1,Moyen,0,0,0,354000
Riviera,112.0,3.0,27.0,10,Moyen,1,1,0,617000
Yopougon,115.0,4.0,28.0,6,Moyen,1,1,0,164000
Bingerville,117.0,5.0,25.0,0,Économique,0,0,1,272000
Abobo,131.0,6.0,39.0,0,Économique,1,1,0,159000
Port-Bouët,62.0,3.0,1.0,8,Moyen,1,1,1,227000
Yopougon,64.0,3.0,9.0,1,Économique,0,1,1,116000
Abobo,151.0,7.0,12.0,10,Économique,1,0,1,281000
Yopougon,74.0,2.0,14.0,3,Économique,0,1,1,133000
Marcory,86.0,4.0,8.0,10,Économique,0,1,1,276000
Koumassi,82.0,2.0,26.0,2,Économique,0,1,1,141000
Marcory,249.0,10.0,7.0,10,Moyen,1,0,1,1365000
Cocody,57.0,1.0,5.0,3,Économique,0,1,0,282000
Abobo,56.0,,35.0,10,Économique,0,1,0,69000
Plateau,91.0,3.0,23.0,10,Économique,0,1,0,506000
Riviera,,4.0,2.0,6,Moyen,0,0,1,544000
Riviera,48.0,1.0,25.0,9,Moyen,0,0,0,183000
Riviera,87.0,4.0,35.0,1,Haut standing,0,1,1,503000
Yopougon,,5.0,20.0,1,Moyen,0,0,0,179000
Cocody,70.0,2.0,12.0,8,Économique,1,1,0,454000
Riviera,85.0,4.0,10.0,5,Économique,0,0,0,374000
Yopougon,60.0,2.0,7.0,10,Économique,1,0,1,143000
Riviera,48.0,3.0,13.0,6,Haut standing,0,0,1,321000
Riviera,73.0,3.0,32.0,4,Moyen,0,0,0,284000
Bingerville,52.0,2.0,1.0,4,Économique,1,1,1,209000
Treichville,42.0,3.0,0.0,3,Économique,0,0,0,97000
Yopougon,28.0,1.0,10.0,7,Moyen,1,1,0,69000
Bingerville,103.0,4.0,5.0,6,Économique,0,1,0,314000
Treichville,72.0,2.0,31.0,9,Moyen,0,0,1,183000
Plateau,151.0,6.0,14.0,1,Moyen,0,1,1,988000
Abobo,26.0,1.0,11.0,1,Moyen,0,1,0,33000
Riviera,75.0,3.0,36.0,5,Moyen,0,1,0,326000
Adjamé,102.0,,28.0,11,Économique,0,1,1,185000
Abobo,64.0,3.0,,10,Moyen,0,0,0,82000
Cocody,90.0,5.0,13.0,0,Moyen,0,0,0,280000
Abobo,29.0,1.0,18.0,6,Économique,0,0,0,32000
Riviera,73.0,4.0,4.0,7,Moyen,0,0,0,345000
Plateau,57.0,3.0,34.0,9,Moyen,0,1,1,309000
Abobo,144.0,,24.0,7,Économique,0,1,0,157000
Bingerville,99.0,3.0,37.0,2,Moyen,1,0,1,266000
Koumassi,134.0,4.0,8.0,6,Économique,0,0,1,268000
Adjamé,,7.0,6.0,0,Moyen,0,0,1,380000
Adjamé,70.0,2.0,17.0,10,Économique,0,0,0,137000
Yopougon,97.0,4.0,1.0,2,Moyen,0,1,0,189000
Treichville,49.0,3.0,9.0,5,Économique,0,1,1,142000
Port-Bouët,,5.0,1.0,8,Économique,0,0,1,246000
Port-Bouët,118.0,6.0,7.0,4,Moyen,0,0,0,302000
Bingerville,106.0,3.0,6.0,4,Moyen,0,0,0,336000
Riviera,69.0,2.0,34.0,8,Haut standing,0,1,0,284000
Abobo,206.0,7.0,22.0,11,Moyen,0,1,1,268000
Yopougon,92.0,4.0,7.0,8,Moyen,0,0,1,183000
Port-Bouët,316.0,10.0,20.0,5,Moyen,0,1,1,616000
Abobo,49.0,3.0,32.0,4,Économique,0,1,1,53000
Adjamé,124.0,4.0,0.0,9,Économique,0,0,1,249000
Port-Bouët,146.0,5.0,11.0,1,Économique,0,1,0,274000
Bingerville,50.0,1.0,10.0,10,Économique,0,0,1,155000
Treichville,80.0,2.0,29.0,7,Économique,0,1,1,185000
Yopougon,40.0,3.0,3.0,11,Haut standing,1,1,0,140000
Cocody,162.0,5.0,33.0,7,Moyen,0,0,0,646000
Abobo,87.0,4.0,22.0,6,Haut standing,0,1,1,137000
Cocody,57.0,1.0,31.0,7,Haut standing,0,0,1,286000
Yopougon,147.0,6.0,2.0,2,Économique,0,1,1,261000
Abobo,91.0,4.0,27.0,2,Économique,0,0,1,96000
Marcory,137.0,6.0,3.0,1,Moyen,0,1,0,499000
Abobo,113.0,6.0,11.0,0,Haut standing,0,0,1,191000
Cocody,53.0,2.0,23.0,2,Moyen,0,1,0,272000
Cocody,68.0,3.0,32.0,2,Moyen,0,0,0,239000
Port-Bouët,58.0,1.0,2.0,6,Économique,0,0,0,104000
Yopougon,47.0,2.0,3.0,11,Économique,1,1,0,115000
Cocody,34.0,2.0,29.0,9,Économique,1,1,0,170000
Abobo,227.0,10.0,5.0,8,Économique,1,0,1,503000
Koumassi,105.0,,29.0,11,Haut standing,0,0,0,297000
Marcory,113.0,6.0,7.0,0,Économique,1,0,0,326000
Abobo,155.0,5.0,17.0,7,Haut standing,1,0,0,237000
Cocody,68.0,2.0,15.0,0,Économique,1,1,1,374000
Cocody,41.0,2.0,5.0,2,Haut standing,0,0,0,248000
Abobo,131.0,6.0,23.0,3,Moyen,1,1,0,222000
Abobo,45.0,2.0,27.0,10,Moyen,0,1,0,63000
Abobo,129.0,6.0,31.0,7,Économique,0,0,0,106000
Koumassi,,3.0,,0,Moyen,0,0,0,87000
Riviera,44.0,3.0,27.0,11,Haut standing,1,1,1,420000
Abobo,64.0,2.0,20.0,1,Économique,0,0,0,53000
Treichville,127.0,6.0,7.0,10,Économique,0,0,0,329000
Port-Bouët,193.0,7.0,35.0,4,Économique,1,0,0,305000
Marcory,113.0,6.0,8.0,5,Économique,0,1,1,522000
Yopougon,66.0,3.0,39.0,4,Économique,1,0,0,102000
Cocody,143.0,5.0,20.0,2,Moyen,1,1,1,826000
Cocody,37.0,1.0,0.0,9,Économique,0,1,1,199000
Riviera,54.0,1.0,3.0,6,Moyen,0,0,0,285000
Port-Bouët,96.0,4.0,9.0,11,Haut standing,0,1,1,307000
Adjamé,133.0,4.0,25.0,0,Moyen,1,0,0,254000
Yopougon,82.0,3.0,39.0,1,Économique,1,1,0,122000
Plateau,77.0,4.0,2.0,10,Moyen,0,0,0,545000
Plateau,80.0,4.0,8.0,11,Économique,0,0,1,492000
Marcory,154.0,6.0,31.0,8,Économique,0,1,0,361000
Abobo,60.0,1.0,,3,Économique,1,1,1,104000
Koumassi,52.0,1.0,3.0,7,Haut standing,0,1,1,191000
Adjamé,79.0,3.0,5.0,8,Moyen,0,1,0,198000
Marcory,164.0,8.0,8.0,6,Économique,1,0,1,615000
Riviera,64.0,3.0,25.0,0,Moyen,0,0,0,278000
Koumassi,80.0,2.0,1.0,4,Économique,0,0,1,156000
Abobo,37.0,1.0,1.0,5,Haut standing,1,1,1,64000
Abobo,82.0,2.0,20.0,10,Haut standing,0,1,1,139000
Yopougon,103.0,3.0,21.0,7,Économique,0,1,1,133000
Marcory,45.0,3.0,2.0,9,Économique,0,0,1,180000
Yopougon,154.0,7.0,34.0,7,Moyen,0,0,0,183000
Koumassi,102.0,5.0,37.0,11,Moyen,0,0,1,206000
Cocody,69.0,2.0,32.0,8,Économique,1,0,0,232000
Cocody,102.0,3.0,14.0,8,Moyen,0,0,0,440000
Cocody,116.0,4.0,10.0,3,Économique,0,0,1,548000
Cocody,31.0,1.0,9.0,5,Moyen,0,0,0,187000
Bingerville,104.0,3.0,35.0,2,Économique,0,0,0,195000
Adjamé,161.0,7.0,13.0,0,Moyen,0,0,0,306000
Yopougon,59.0,3.0,1.0,5,Moyen,0,0,0,120000
Cocody,70.0,4.0,36.0,0,Moyen,0,1,0,310000
Yopougon,76.0,3.0,28.0,8,Moyen,0,0,0,116000
Yopougon,134.0,6.0,34.0,10,Moyen,0,1,1,246000
Plateau,50.0,,19.0,5,Économique,1,0,0,255000
Yopougon,114.0,5.0,20.0,0,Économique,0,1,0,144000
Yopougon,77.0,3.0,33.0,10,Économique,0,0,1,106000
Abobo,197.0,7.0,32.0,2,Économique,0,0,1,136000
Abobo,79.0,2.0,18.0,0,Moyen,0,1,1,79000
Cocody,22.0,2.0,7.0,1,Économique,0,1,0,127000
Yopougon,124.0,6.0,,5,Économique,0,0,0,177000
Abobo,111.0,4.0,10.0,6,Moyen,0,0,1,148000
Yopougon,100.0,3.0,7.0,0,Moyen,0,1,0,142000
Bingerville,159.0,7.0,24.0,9,Moyen,0,0,1,545000
Adjamé,34.0,,19.0,4,Économique,0,0,0,60000
Plateau,,1.0,37.0,5,Économique,0,1,1,203000
Cocody,89.0,4.0,6.0,3,Moyen,1,1,0,589000
Abobo,97.0,5.0,12.0,5,Haut standing,0,0,0,128000
Cocody,83.0,4.0,38.0,4,Économique,0,1,1,315000
Abobo,37.0,1.0,9.0,10,Moyen,0,1,1,59000
Riviera,70.0,2.0,7.0,6,Haut standing,0,0,1,443000
Abobo,191.0,8.0,19.0,3,Moyen,1,1,0,384000
Yopougon,49.0,2.0,16.0,0,Économique,1,1,1,79000
Abobo,88.0,5.0,10.0,1,Moyen,0,1,0,154000
Yopougon,114.0,5.0,15.0,5,Moyen,0,1,0,187000
Abobo,132.0,6.0,36.0,9,Moyen,1,0,0,161000
Riviera,124.0,6.0,31.0,10,Haut standing,1,1,1,1018000
Yopougon,67.0,2.0,25.0,1,Moyen,0,0,0,83000
Riviera,55.0,3.0,36.0,4,Moyen,0,0,1,201000
Riviera,198.0,7.0,8.0,11,Haut standing,0,1,0,1337000
Marcory,138.0,7.0,34.0,3,Moyen,1,1,0,560000
Cocody,93.0,5.0,2.0,6,Moyen,1,1,0,648000
Cocody,173.0,8.0,30.0,3,Moyen,0,1,0,970000
Cocody,37.0,1.0,6.0,6,Moyen,0,1,0,191000
Cocody,42.0,2.0,1.0,10,Moyen,1,0,0,234000
Adjamé,22.0,1.0,24.0,7,Économique,1,1,0,38000
Cocody,97.0,5.0,39.0,6,Moyen,0,0,0,331000
Treichville,99.0,3.0,11.0,1,Moyen,0,0,0,238000
Port-Bouët,39.0,1.0,29.0,10,Moyen,0,1,0,89000
Cocody,136.0,6.0,,0,Moyen,0,1,0,469000
Port-Bouët,28.0,1.0,28.0,4,Économique,0,1,0,55000
Marcory,107.0,4.0,10.0,11,Économique,0,1,1,375000
Cocody,120.0,4.0,22.0,6,Moyen,1,0,0,581000
Adjamé,96.0,4.0,16.0,11,Haut standing,1,0,0,256000
Abobo,36.0,2.0,12.0,0,Économique,0,1,0,41000
Bingerville,,7.0,32.0,10,Moyen,1,1,0,540000
Koumassi,69.0,3.0,0.0,7,Moyen,0,0,0,169000
Port-Bouët,69.0,3.0,39.0,2,Moyen,0,0,0,111000
Marcory,62.0,1.0,12.0,6,Moyen,1,0,0,181000
Plateau,126.0,5.0,37.0,2,Économique,0,1,1,526000
Koumassi,67.0,2.0,2.0,3,Moyen,1,1,1,227000
Port-Bouët,46.0,3.0,15.0,7,Moyen,0,0,1,109000
Riviera,144.0,7.0,6.0,1,Moyen,0,0,0,686000
Yopougon,87.0,4.0,2.0,5,Moyen,0,0,1,164000
Yopougon,146.0,6.0,13.0,9,Économique,0,0,0,243000
Koumassi,91.0,4.0,15.0,8,Haut standing,0,0,1,286000
Treichville,59.0,2.0,3.0,9,Moyen,1,0,0,207000
Riviera,30.0,1.0,30.0,8,Moyen,0,0,0,125000
Bingerville,97.0,3.0,12.0,4,Haut standing,0,0,0,379000
Yopougon,76.0,2.0,26.0,2,Haut standing,0,1,1,121000
Koumassi,129.0,6.0,0.0,5,Moyen,1,0,1,454000
Koumassi,65.0,2.0,24.0,11,Moyen,0,1,0,126000
Cocody,109.0,4.0,36.0,8,Moyen,0,1,1,584000
Riviera,89.0,4.0,10.0,5,Économique,1,0,1,431000
Yopougon,57.0,3.0,8.0,3,Économique,1,0,0,102000
Port-Bouët,68.0,3.0,6.0,11,Moyen,1,0,0,197000
Treichville,41.0,2.0,13.0,10,Moyen,0,0,1,101000
Bingerville,205.0,8.0,29.0,4,Économique,0,0,0,340000
Yopougon,108.0,3.0,23.0,6,Haut standing,1,1,1,248000
Cocody,39.0,1.0,2.0,9,Moyen,1,1,0,327000
Riviera,200.0,8.0,38.0,2,Moyen,1,0,1,884000
Cocody,48.0,2.0,26.0,11,Économique,0,1,1,239000
Treichville,65.0,3.0,0.0,8,Économique,1,0,0,134000
Riviera,79.0,3.0,37.0,0,Haut standing,0,0,0,357000
Riviera,90.0,3.0,25.0,7,Économique,0,1,0,359000
Abobo,127.0,6.0,5.0,4,Moyen,0,0,0,197000
Abobo,26.0,1.0,11.0,9,Moyen,1,1,0,46000
Yopougon,91.0,3.0,37.0,8,Moyen,0,1,1,116000
Treichville,77.0,3.0,34.0,1,Moyen,0,1,1,175000
Treichville,98.0,5.0,9.0,0,Économique,1,0,1,282000
Adjamé,75.0,2.0,8.0,9,Économique,0,1,0,151000
Koumassi,70.0,2.0,22.0,6,Moyen,0,0,1,144000
Port-Bouët,84.0,,29.0,9,Moyen,1,1,0,226000
Koumassi,194.0,9.0,21.0,11,Économique,1,1,0,530000
Cocody,70.0,2.0,8.0,10,Économique,0,0,0,377000
Yopougon,155.0,7.0,18.0,8,Économique,1,1,1,323000
Cocody,96.0,4.0,7.0,4,Moyen,0,0,0,478000
Abobo,93.0,5.0,3.0,10,Économique,1,0,1,170000
Yopougon,98.0,5.0,4.0,3,Économique,1,0,1,139000
Bingerville,114.0,4.0,18.0,3,Moyen,0,0,0,300000
Yopougon,73.0,4.0,17.0,11,Économique,1,1,0,154000
Cocody,150.0,5.0,28.0,7,Moyen,0,0,0,590000
Plateau,114.0,5.0,18.0,0,Économique,0,1,1,574000
Koumassi,43.0,3.0,5.0,0,Haut standing,1,1,0,153000
Abobo,22.0,2.0,4.0,7,Économique,0,1,0,37000
Cocody,192.0,7.0,4.0,1,Économique,0,0,0,842000
Cocody,100.0,3.0,7.0,9,Haut standing,0,1,1,717000
Adjamé,40.0,3.0,26.0,5,Économique,0,1,0,89000
Cocody,70.0,2.0,,1,Moyen,1,1,0,273000
Port-Bouët,138.0,7.0,37.0,4,Économique,1,0,1,249000
Adjamé,81.0,3.0,36.0,2,Économique,0,1,0,98000
Cocody,85.0,4.0,17.0,6,Moyen,0,1,1,447000
Cocody,126.0,5.0,25.0,8,Haut standing,0,1,1,934000
Riviera,105.0,4.0,15.0,1,Moyen,0,1,0,423000
Yopougon,118.0,4.0,21.0,6,Moyen,0,0,1,191000
Yopougon,125.0,4.0,22.0,7,Moyen,0,0,1,210000
Port-Bouët,60.0,1.0,2.0,9,Économique,0,0,1,135000
Riviera,64.0,2.0,2.0,7,Moyen,0,0,0,291000
Riviera,56.0,3.0,11.0,6,Économique,1,0,1,332000
Koumassi,65.0,3.0,22.0,11,Économique,1,0,0,137000
Yopougon,83.0,4.0,10.0,3,Économique,1,1,0,158000
Cocody,87.0,3.0,28.0,3,Haut standing,0,1,0,401000
Koumassi,170.0,7.0,5.0,9,Économique,1,0,0,363000
Abobo,102.0,4.0,15.0,8,Moyen,1,0,1,183000
Yopougon,84.0,4.0,33.0,11,Économique,1,0,1,180000
Riviera,50.0,1.0,36.0,9,Économique,0,1,1,176000
Cocody,76.0,4.0,10.0,8,Moyen,0,1,0,440000
Yopougon,199.0,8.0,10.0,4,Moyen,0,0,1,388000
Cocody,197.0,9.0,24.0,6,Moyen,0,1,0,1122000
Yopougon,75.0,3.0,18.0,6,Économique,1,0,0,139000
Cocody,33.0,1.0,31.0,8,Haut standing,0,1,1,210000
Cocody,70.0,2.0,7.0,11,Économique,0,1,0,335000
Cocody,171.0,8.0,11.0,6,Moyen,0,1,0,1057000
Abobo,84.0,2.0,34.0,7,Moyen,0,0,1,97000
Koumassi,126.0,5.0,5.0,6,Moyen,1,0,1,386000
Abobo,89.0,4.0,20.0,10,Haut standing,0,0,1,172000
Riviera,38.0,1.0,25.0,3,Moyen,0,1,0,167000
Yopougon,90.0,3.0,0.0,11,Économique,0,0,0,133000
Marcory,134.0,,16.0,1,Économique,0,1,0,332000
Bingerville,65.0,4.0,34.0,2,Économique,1,1,1,167000
Marcory,132.0,6.0,26.0,6,Économique,1,1,0,422000
Riviera,93.0,4.0,1.0,10,Haut standing,0,1,1,721000
Cocody,129.0,6.0,35.0,10,Économique,1,1,0,697000
Riviera,105.0,5.0,0.0,8,Moyen,0,0,1,618000
Cocody,52.0,2.0,9.0,10,Moyen,0,1,0,306000
Bingerville,76.0,3.0,30.0,1,Moyen,1,1,0,260000
Abobo,75.0,2.0,36.0,6,Moyen,0,1,1,75000
Riviera,63.0,2.0,4.0,3,Moyen,0,1,0,303000
Cocody,101.0,5.0,12.0,6,Économique,0,1,0,424000
Abobo,216.0,9.0,23.0,11,Moyen,1,1,1,376000
Riviera,150.0,7.0,26.0,4,Économique,1,1,1,801000
Abobo,160.0,7.0,0.0,6,Haut standing,0,0,0,296000
Abobo,61.0,2.0,19.0,5,Économique,0,1,1,68000
Adjamé,161.0,6.0,7.0,1,Économique,0,0,1,317000
Yopougon,187.0,7.0,2.0,11,Moyen,1,0,1,468000
Abobo,60.0,2.0,31.0,6,Moyen,0,0,1,75000
Abobo,111.0,5.0,24.0,4,Moyen,1,0,1,178000
Riviera,,6.0,24.0,8,Économique,1,0,1,534000
Cocody,79.0,4.0,13.0,10,Économique,0,0,0,312000
Marcory,97.0,4.0,26.0,0,Économique,0,0,1,285000
Riviera,,4.0,31.0,0,Moyen,0,1,0,460000
Bingerville,82.0,4.0,26.0,1,Moyen,0,0,1,243000
Yopougon,146.0,5.0,3.0,7,Économique,0,0,0,274000
Abobo,43.0,1.0,38.0,10,Moyen,0,0,0,41000
Marcory,75.0,2.0,10.0,8,Économique,0,0,1,259000
Plateau,127.0,5.0,2.0,10,Haut standing,0,1,0,1049000
Yopougon,205.0,8.0,24.0,10,Économique,1,1,0,349000
Yopougon,151.0,7.0,23.0,11,Moyen,1,1,1,307000
Abobo,96.0,5.0,8.0,6,Moyen,1,0,1,178000
Cocody,84.0,3.0,7.0,0,Économique,0,0,0,391000
Riviera,77.0,3.0,38.0,11,Économique,0,0,0,266000
Riviera,77.0,2.0,30.0,6,Économique,0,1,0,293000
Adjamé,30.0,1.0,16.0,7,Économique,0,1,0,50000
Abobo,201.0,8.0,30.0,6,Moyen,0,1,0,268000
Treichville,87.0,3.0,3.0,11,Économique,0,0,0,200000
Port-Bouët,58.0,2.0,3.0,4,Économique,0,0,0,107000
Adjamé,110.0,3.0,36.0,11,Économique,0,0,1,141000
Plateau,61.0,3.0,7.0,6,Économique,0,1,1,452000
Riviera,140.0,,5.0,9,Économique,0,0,0,608000
Port-Bouët,59.0,2.0,8.0,10,Économique,0,0,0,126000
Riviera,,5.0,7.0,1,Moyen,1,1,1,886000
Koumassi,76.0,4.0,31.0,8,Moyen,0,1,1,188000
Abobo,103.0,5.0,14.0,1,Haut standing,0,0,0,142000
Yopougon,135.0,6.0,,1,Économique,0,0,0,181000
Riviera,67.0,2.0,22.0,4,Économique,0,1,1,241000
Bingerville,133.0,6.0,4.0,7,Économique,1,1,1,537000
Cocody,31.0,,26.0,5,Moyen,0,1,1,157000
Cocody,180.0,7.0,32.0,11,Moyen,1,0,1,892000
Yopougon,144.0,6.0,1.0,8,Économique,0,1,0,213000
Port-Bouët,86.0,2.0,37.0,5,Moyen,0,1,0,119000
Riviera,157.0,7.0,27.0,4,Moyen,1,1,1,981000
Plateau,149.0,7.0,23.0,0,Haut standing,1,0,0,1031000
Abobo,90.0,5.0,20.0,7,Économique,0,0,0,88000
Yopougon,89.0,5.0,30.0,2,Économique,1,0,0,132000
Riviera,54.0,2.0,10.0,11,Économique,0,1,1,296000
Port-Bouët,92.0,3.0,27.0,1,Économique,0,0,1,144000
Port-Bouët,,3.0,39.0,6,Haut standing,0,0,0,65000
Yopougon,129.0,5.0,3.0,10,Économique,1,0,1,265000
Yopougon,130.0,5.0,15.0,1,Moyen,0,1,0,191000
Marcory,31.0,1.0,11.0,0,Économique,1,1,0,119000
Cocody,171.0,8.0,21.0,10,Économique,0,1,0,764000
Bingerville,64.0,2.0,34.0,1,Économique,0,1,1,155000
Port-Bouët,304.0,10.0,15.0,5,Économique,1,1,0,485000
Riviera,101.0,3.0,23.0,1,Moyen,0,0,0,382000
Riviera,172.0,8.0,34.0,0,Haut standing,0,1,0,807000
Abobo,53.0,3.0,27.0,0,Moyen,0,0,0,53000
Koumassi,,2.0,28.0,3,Moyen,1,0,1,175000
Riviera,67.0,4.0,20.0,7,Économique,0,0,0,258000
Port-Bouët,37.0,1.0,24.0,5,Moyen,0,0,0,66000
Marcory,43.0,1.0,38.0,3,Économique,0,0,0,83000
Yopougon,84.0,4.0,30.0,5,Haut standing,1,0,0,176000
Cocody,108.0,5.0,14.0,5,Moyen,0,0,0,415000
Riviera,50.0,1.0,34.0,8,Économique,1,0,0,182000
Abobo,74.0,3.0,37.0,3,Moyen,1,0,0,88000
Marcory,60.0,1.0,21.0,5,Haut standing,0,1,0,281000
Adjamé,87.0,3.0,4.0,9,Économique,0,1,0,167000
Abobo,124.0,5.0,12.0,0,Économique,0,1,0,172000
Yopougon,94.0,3.0,31.0,6,Économique,0,1,1,145000
Cocody,66.0,2.0,2.0,6,Moyen,0,1,0,363000
Adjamé,147.0,5.0,14.0,10,Économique,1,1,1,349000
Abobo,107.0,4.0,26.0,0,Moyen,0,1,1,118000
Koumassi,96.0,3.0,26.0,7,Haut standing,0,0,0,201000
Abobo,,1.0,29.0,4,Haut standing,0,0,1,71000
Bingerville,139.0,7.0,5.0,8,Économique,0,0,1,453000
Abobo,112.0,5.0,24.0,7,Moyen,0,1,1,178000
Abobo,115.0,6.0,27.0,2,Économique,1,1,1,180000
Bingerville,80.0,2.0,21.0,0,Moyen,0,0,0,207000
Yopougon,72.0,2.0,3.0,2,Moyen,0,0,0,127000
Cocody,201.0,,14.0,1,Moyen,1,0,0,1105000
Cocody,72.0,3.0,25.0,1,Haut standing,0,1,0,398000
Koumassi,45.0,2.0,17.0,10,Moyen,1,1,0,117000
Abobo,98.0,5.0,8.0,3,Économique,0,0,1,160000
Adjamé,89.0,4.0,3.0,1,Moyen,1,0,0,239000
Marcory,150.0,6.0,4.0,7,Économique,0,1,0,558000
Cocody,,3.0,5.0,4,Économique,0,1,0,358000
Cocody,122.0,6.0,11.0,0,Économique,0,1,0,735000
Yopougon,177.0,8.0,30.0,5,Haut standing,0,0,0,283000
Abobo,109.0,4.0,8.0,11,Économique,1,0,1,177000
Yopougon,52.0,1.0,6.0,6,Moyen,0,0,1,95000
Yopougon,30.0,2.0,28.0,0,Moyen,0,1,0,38000
Riviera,110.0,4.0,13.0,11,Moyen,0,1,0,589000
Treichville,74.0,2.0,19.0,2,Moyen,0,0,1,200000
Abobo,102.0,3.0,31.0,8,Économique,0,1,1,97000
Koumassi,90.0,5.0,21.0,6,Moyen,0,0,1,234000
Yopougon,44.0,1.0,35.0,11,Moyen,0,1,1,61000
Abobo,83.0,4.0,17.0,3,Moyen,0,0,0,101000
Bingerville,50.0,2.0,39.0,5,Économique,1,0,1,121000
Riviera,69.0,4.0,,5,Économique,0,1,0,302000
Plateau,139.0,5.0,30.0,11,Haut standing,0,1,1,1004000
Riviera,93.0,5.0,34.0,2,Économique,0,1,1,317000
Yopougon,119.0,6.0,25.0,1,Économique,1,1,1,203000
Marcory,97.0,4.0,3.0,4,Économique,0,0,0,295000
Yopougon,77.0,2.0,19.0,7,Économique,0,0,1,118000
Riviera,102.0,5.0,33.0,2,Économique,0,1,1,365000
Yopougon,34.0,1.0,11.0,4,Moyen,0,1,0,58000
Treichville,129.0,5.0,15.0,2,Haut standing,0,0,1,430000
Abobo,57.0,2.0,4.0,6,Économique,1,1,1,95000
Marcory,115.0,5.0,,5,Économique,0,1,1,411000
Cocody,76.0,3.0,26.0,5,Moyen,0,0,0,300000
Cocody,44.0,3.0,0.0,0,Économique,1,0,1,270000
Cocody,63.0,4.0,33.0,1,Haut standing,0,0,0,331000
Plateau,115.0,4.0,31.0,5,Économique,0,0,1,460000
Cocody,233.0,10.0,38.0,7,Moyen,0,1,1,1025000
Abobo,87.0,2.0,32.0,4,Moyen,1,0,1,118000
Plateau,220.0,8.0,30.0,11,Moyen,0,0,1,1233000
Treichville,34.0,1.0,12.0,1,Moyen,0,1,0,109000
Bingerville,79.0,4.0,1.0,4,Économique,0,1,1,276000
Yopougon,87.0,3.0,29.0,8,Économique,0,1,1,114000
Adjamé,118.0,4.0,9.0,5,Haut standing,0,0,0,253000
Plateau,64.0,3.0,22.0,4,Moyen,1,1,0,488000
Marcory,107.0,3.0,32.0,9,Économique,0,1,0,292000
Cocody,81.0,4.0,38.0,5,Moyen,1,0,0,344000
Plateau,160.0,5.0,28.0,11,Moyen,0,1,0,731000
Marcory,98.0,5.0,29.0,10,Moyen,1,0,0,334000
Plateau,292.0,10.0,33.0,11,Économique,1,1,1,1543000
Cocody,81.0,4.0,38.0,8,Moyen,0,1,0,374000
Cocody,155.0,6.0,16.0,6,Économique,0,1,1,899000
Yopougon,179.0,8.0,21.0,9,Moyen,1,0,1,435000
Marcory,20.0,1.0,4.0,2,Économique,0,1,1,76000
Yopougon,128.0,4.0,10.0,9,Moyen,0,1,0,207000
Yopougon,44.0,3.0,21.0,9,Économique,1,1,0,87000
Adjamé,80.0,3.0,31.0,4,Économique,0,0,0,88000
Cocody,48.0,2.0,23.0,3,Économique,0,1,1,196000
Port-Bouët,162.0,6.0,10.0,10,Économique,1,0,0,393000
Abobo,66.0,4.0,10.0,4,Moyen,0,0,0,103000
Cocody,33.0,,16.0,7,Économique,0,1,0,179000
Bingerville,100.0,5.0,31.0,10,Haut standing,0,0,0,336000
Riviera,174.0,8.0,18.0,5,Moyen,0,0,1,1010000
Cocody,48.0,2.0,26.0,3,Moyen,1,1,0,252000
Marcory,137.0,5.0,31.0,4,Économique,1,0,1,417000
Port-Bouët,27.0,2.0,24.0,10,Économique,0,1,0,53000
Koumassi,180.0,8.0,27.0,6,Économique,1,1,1,504000
Plateau,110.0,4.0,39.0,7,Moyen,0,1,0,548000
Marcory,45.0,2.0,26.0,4,Économique,0,0,1,148000
Yopougon,131.0,4.0,13.0,1,Moyen,0,1,0,220000
Yopougon,68.0,4.0,38.0,5,Économique,0,1,1,105000
Abobo,54.0,1.0,1.0,8,Haut standing,0,0,0,92000
Yopougon,67.0,3.0,16.0,2,Économique,0,0,0,94000
Yopougon,124.0,5.0,0.0,6,Économique,0,0,0,264000
Koumassi,52.0,3.0,31.0,7,Moyen,0,1,0,120000
Cocody,21.0,1.0,18.0,5,Haut standing,1,1,0,156000
Marcory,69.0,3.0,13.0,11,Moyen,1,0,1,370000
Koumassi,165.0,6.0,,2,Économique,1,1,0,281000
Bingerville,164.0,6.0,17.0,0,Moyen,0,1,0,460000
Abobo,67.0,2.0,13.0,2,Haut standing,0,0,0,97000
Abobo,66.0,2.0,13.0,10,Économique,0,1,0,75000
Cocody,64.0,2.0,23.0,5,Économique,0,1,0,314000
Yopougon,62.0,3.0,4.0,10,Moyen,0,1,0,133000
Abobo,64.0,4.0,15.0,3,Haut standing,0,0,0,112000
Marcory,102.0,3.0,4.0,0,Moyen,0,0,0,339000
Marcory,167.0,8.0,12.0,5,Haut standing,1,1,0,845000
Yopougon,52.0,2.0,15.0,0,Économique,0,0,0,68000
Cocody,58.0,1.0,14.0,11,Moyen,0,1,1,312000
Treichville,108.0,5.0,30.0,7,Moyen,0,1,1,272000
Marcory,128.0,6.0,4.0,2,Moyen,0,1,1,629000
Treichville,38.0,2.0,20.0,2,Moyen,0,0,0,93000
Cocody,197.0,8.0,29.0,0,Haut standing,0,1,1,896000
Bingerville,76.0,3.0,22.0,2,Économique,1,0,1,236000
Abobo,40.0,2.0,37.0,6,Économique,0,1,0,40000
Adjamé,36.0,1.0,28.0,9,Économique,0,0,0,58000
Koumassi,35.0,2.0,12.0,7,Moyen,0,0,0,81000
Yopougon,154.0,7.0,31.0,10,Économique,0,0,0,184000
Cocody,93.0,4.0,26.0,7,Moyen,0,1,1,521000
Abobo,154.0,7.0,33.0,2,Économique,0,1,1,158000
Abobo,85.0,4.0,32.0,4,Économique,0,1,0,95000
Koumassi,152.0,7.0,3.0,0,Moyen,1,1,0,527000
Yopougon,83.0,3.0,17.0,8,Moyen,0,0,0,92000
Cocody,20.0,2.0,5.0,7,Économique,0,1,0,96000
Marcory,118.0,6.0,27.0,9,Moyen,0,0,0,417000
Yopougon,88.0,5.0,26.0,1,Économique,0,1,0,124000
Abobo,81.0,2.0,25.0,9,Économique,0,0,0,92000
Abobo,55.0,1.0,19.0,0,Économique,0,1,1,72000
Yopougon,126.0,6.0,12.0,3,Moyen,1,1,1,336000
Riviera,48.0,3.0,27.0,8,Économique,0,0,1,158000
Abobo,126.0,6.0,33.0,11,Haut standing,0,0,1,195000
Marcory,,5.0,22.0,7,Moyen,0,0,0,355000
Cocody,128.0,6.0,9.0,2,Économique,1,1,1,809000
Plateau,100.0,5.0,29.0,9,Économique,0,0,0,433000
Marcory,161.0,5.0,21.0,11,Économique,0,0,0,507000
Plateau,112.0,,4.0,5,Moyen,0,0,0,666000
Plateau,97.0,5.0,8.0,11,Moyen,0,1,0,641000
Marcory,20.0,2.0,3.0,8,Moyen,0,1,0,76000
Plateau,164.0,8.0,0.0,9,Économique,0,0,0,1156000
Bingerville,35.0,1.0,33.0,7,Économique,0,1,0,85000
Cocody,42.0,3.0,25.0,9,Économique,1,1,0,215000
Abobo,134.0,6.0,17.0,4,Économique,0,1,1,197000
Yopougon,92.0,4.0,15.0,11,Économique,0,0,0,111000
Riviera,36.0,2.0,22.0,11,Haut standing,0,0,0,241000
Cocody,66.0,3.0,35.0,8,Moyen,0,0,1,319000
Yopougon,160.0,6.0,25.0,8,Moyen,0,0,0,295000
Riviera,98.0,5.0,1.0,2,Économique,1,1,1,673000
Bingerville,93.0,3.0,4.0,11,Économique,0,1,1,330000
Port-Bouët,61.0,1.0,28.0,7,Économique,1,1,1,118000
Marcory,136.0,6.0,3.0,3,Économique,0,1,0,460000
Plateau,86.0,3.0,34.0,9,Moyen,1,0,0,392000
Adjamé,124.0,5.0,21.0,6,Économique,0,1,1,290000
Riviera,58.0,2.0,7.0,9,Haut standing,0,1,0,379000
Abobo,234.0,10.0,20.0,7,Haut standing,0,0,0,403000
Abobo,174.0,6.0,7.0,6,Économique,0,1,0,241000
Marcory,98.0,4.0,,4,Moyen,0,0,1,390000
Koumassi,109.0,4.0,20.0,10,Moyen,0,0,0,206000
Plateau,66.0,4.0,26.0,0,Économique,1,1,1,364000
Treichville,129.0,4.0,37.0,11,Haut standing,1,0,0,325000
Yopougon,22.0,1.0,4.0,7,Économique,1,1,1,42000
Yopougon,196.0,9.0,20.0,4,Moyen,0,0,0,333000
Marcory,125.0,4.0,7.0,2,Économique,1,1,0,532000
Cocody,52.0,3.0,21.0,1,Économique,0,1,0,222000
Abobo,193.0,8.0,17.0,2,Moyen,0,1,0,286000
Marcory,224.0,10.0,,8,Haut standing,0,1,0,1338000
Abobo,112.0,4.0,3.0,1,Économique,0,1,0,134000
Plateau,59.0,3.0,36.0,9,Économique,0,1,1,317000
Yopougon,94.0,4.0,14.0,0,Économique,0,1,1,148000
Abobo,120.0,5.0,37.0,1,Économique,0,1,1,117000
Cocody,107.0,5.0,26.0,1,Moyen,1,1,1,661000
Treichville,52.0,2.0,20.0,11,Moyen,1,0,0,138000
Cocody,119.0,4.0,3.0,10,Haut standing,0,1,0,833000
Cocody,159.0,7.0,10.0,4,Moyen,0,1,1,698000
Riviera,45.0,1.0,18.0,0,Haut standing,1,1,1,335000
Treichville,48.0,2.0,18.0,11,Moyen,0,0,1,122000
Port-Bouët,65.0,3.0,26.0,9,Haut standing,1,1,1,217000
Marcory,82.0,3.0,39.0,7,Économique,1,1,1,320000
Adjamé,138.0,7.0,27.0,1,Moyen,0,1,1,291000
Koumassi,158.0,6.0,4.0,5,Haut standing,0,1,1,406000
Abobo,57.0,1.0,24.0,4,Moyen,1,0,0,75000
Yopougon,102.0,3.0,2.0,1,Haut standing,1,1,0,253000
Yopougon,155.0,7.0,25.0,9,Économique,0,1,1,278000
Treichville,241.0,9.0,9.0,11,Haut standing,0,0,1,913000
Riviera,101.0,5.0,23.0,0,Moyen,0,1,0,511000
Port-Bouët,104.0,5.0,28.0,5,Économique,0,0,0,177000
Riviera,112.0,4.0,,5,Économique,1,0,1,669000
Cocody,77.0,2.0,22.0,2,Économique,1,1,0,353000
Koumassi,97.0,3.0,26.0,7,Haut standing,0,1,0,274000
Riviera,26.0,1.0,8.0,8,Moyen,0,0,0,119000
Plateau,66.0,3.0,2.0,2,Haut standing,1,0,1,486000
Cocody,118.0,6.0,12.0,8,Économique,0,0,0,479000
Koumassi,55.0,1.0,5.0,7,Haut standing,0,1,0,163000
Abobo,139.0,5.0,37.0,4,Moyen,0,1,1,167000
Port-Bouët,32.0,1.0,20.0,5,Économique,0,0,0,54000
Cocody,137.0,4.0,18.0,11,Économique,1,0,0,746000
Port-Bouët,137.0,5.0,24.0,11,Haut standing,1,0,1,431000
Marcory,243.0,10.0,38.0,11,Économique,0,1,1,752000
Plateau,76.0,2.0,3.0,0,Économique,0,0,0,393000
Plateau,92.0,3.0,21.0,4,Économique,0,1,1,365000
Port-Bouët,186.0,8.0,4.0,9,Économique,0,1,1,495000
Adjamé,175.0,7.0,0.0,9,Haut standing,1,0,1,735000
Abobo,150.0,6.0,16.0,11,Moyen,0,0,0,218000
Yopougon,109.0,4.0,8.0,6,Moyen,1,0,0,228000
Bingerville,184.0,7.0,8.0,0,Haut standing,0,1,1,863000
Yopougon,285.0,10.0,23.0,9,Moyen,0,1,0,326000
Port-Bouët,123.0,6.0,9.0,8,Moyen,0,1,0,302000
Yopougon,94.0,5.0,19.0,6,Économique,0,0,0,114000
Yopougon,131.0,6.0,16.0,3,Haut standing,0,0,0,268000
Yopougon,101.0,4.0,12.0,10,Économique,0,0,0,132000
Treichville,79.0,3.0,28.0,3,Moyen,0,0,0,198000
Koumassi,140.0,7.0,35.0,10,Moyen,1,1,1,370000
Yopougon,70.0,2.0,22.0,9,Économique,0,1,0,83000
Marcory,122.0,5.0,26.0,6,Économique,0,1,0,316000
Bingerville,37.0,1.0,17.0,5,Économique,0,1,1,92000
Yopougon,200.0,9.0,17.0,2,Économique,0,1,0,299000
Abobo,59.0,2.0,8.0,8,Moyen,0,1,1,103000
Riviera,41.0,1.0,2.0,5,Haut standing,0,1,0,240000
Abobo,172.0,7.0,6.0,10,Moyen,0,1,0,223000
Cocody,188.0,9.0,14.0,1,Moyen,0,0,0,936000
Riviera,108.0,5.0,29.0,9,Économique,0,0,1,430000
Abobo,87.0,4.0,8.0,11,Économique,0,0,0,105000
Treichville,77.0,2.0,26.0,1,Moyen,1,1,1,216000
Cocody,105.0,4.0,35.0,0,Haut standing,1,1,0,705000
Port-Bouët,90.0,4.0,17.0,10,Haut standing,1,0,0,259000
Abobo,84.0,3.0,30.0,4,Économique,0,1,0,70000
Abobo,56.0,3.0,16.0,9,Moyen,1,0,1,100000
Bingerville,47.0,1.0,5.0,5,Moyen,1,1,0,201000
Koumassi,96.0,5.0,38.0,2,Moyen,1,0,0,210000
Plateau,103.0,5.0,24.0,3,Moyen,0,1,1,494000
Treichville,61.0,1.0,37.0,4,Moyen,0,1,0,147000
Marcory,66.0,4.0,37.0,3,Économique,1,1,0,217000
Koumassi,103.0,5.0,30.0,8,Haut standing,1,1,0,342000
Cocody,55.0,2.0,28.0,11,Économique,0,1,1,331000
Abobo,153.0,5.0,39.0,2,Moyen,0,0,0,153000
Koumassi,120.0,4.0,8.0,4,Haut standing,0,0,1,369000
Bingerville,61.0,2.0,0.0,6,Moyen,0,0,0,198000
Treichville,117.0,4.0,15.0,11,Économique,1,1,0,357000
Port-Bouët,56.0,2.0,37.0,11,Économique,0,0,1,77000
Cocody,137.0,6.0,22.0,6,Moyen,0,0,0,642000
Port-Bouët,57.0,1.0,7.0,5,Économique,1,1,0,156000
Cocody,86.0,2.0,11.0,8,Économique,0,1,0,402000
Yopougon,99.0,5.0,9.0,6,Économique,0,1,0,210000
Port-Bouët,186.0,8.0,15.0,10,Moyen,1,0,1,568000
Plateau,59.0,1.0,23.0,3,Économique,0,1,1,284000
Marcory,58.0,1.0,38.0,10,Moyen,0,1,0,162000
Koumassi,38.0,1.0,7.0,9,Économique,1,0,1,124000
Koumassi,213.0,9.0,10.0,8,Moyen,1,1,0,610000
Abobo,93.0,3.0,25.0,5,Économique,1,0,0,99000
Adjamé,154.0,5.0,6.0,0,Moyen,0,1,0,276000
Abobo,67.0,,14.0,8,Moyen,0,0,1,132000
Marcory,70.0,4.0,14.0,10,Économique,1,1,0,306000
Treichville,89.0,4.0,2.0,6,Moyen,0,1,0,298000
Plateau,91.0,5.0,15.0,5,Haut standing,0,0,1,735000
Riviera,128.0,,14.0,5,Économique,0,0,1,505000
Abobo,95.0,3.0,24.0,3,Moyen,0,0,1,105000
Yopougon,75.0,3.0,32.0,3,Moyen,0,1,0,97000
Yopougon,215.0,10.0,13.0,10,Économique,0,0,1,336000
Riviera,56.0,3.0,23.0,2,Économique,0,1,0,167000
Plateau,59.0,3.0,10.0,7,Haut standing,1,0,1,558000
Abobo,56.0,2.0,2.0,7,Moyen,0,1,0,71000
Yopougon,131.0,6.0,8.0,1,Haut standing,0,0,0,288000
Abobo,115.0,6.0,5.0,4,Moyen,0,1,0,201000
Cocody,84.0,4.0,30.0,8,Économique,0,0,0,297000
Bingerville,,1.0,15.0,11,Économique,1,1,0,188000
Riviera,99.0,4.0,10.0,8,Moyen,1,1,1,738000
Abobo,140.0,5.0,16.0,6,Moyen,1,1,1,292000
Adjamé,190.0,8.0,2.0,3,Économique,1,0,1,445000
Riviera,65.0,4.0,18.0,3,Moyen,1,0,0,295000
Adjamé,84.0,2.0,23.0,9,Moyen,0,1,0,139000
Plateau,114.0,6.0,7.0,10,Moyen,0,1,1,694000
Abobo,75.0,4.0,35.0,6,Économique,0,0,0,76000
Abobo,42.0,2.0,39.0,2,Économique,0,0,0,30000
Yopougon,84.0,4.0,1.0,2,Haut standing,0,0,0,162000
Koumassi,45.0,1.0,22.0,4,Haut standing,0,1,1,123000
Riviera,146.0,6.0,39.0,10,Économique,0,1,0,440000
Riviera,78.0,,29.0,5,Moyen,0,1,0,292000
Yopougon,89.0,3.0,24.0,7,Économique,0,0,1,136000
Cocody,60.0,3.0,6.0,0,Économique,0,0,0,229000
Riviera,91.0,5.0,27.0,6,Économique,1,1,1,457000
Port-Bouët,168.0,8.0,16.0,7,Économique,0,0,0,352000
Cocody,,7.0,31.0,4,Haut standing,1,0,0,906000
Riviera,49.0,3.0,0.0,11,Moyen,1,1,0,461000
Bingerville,20.0,1.0,26.0,9,Économique,0,0,0,55000
Abobo,85.0,3.0,35.0,1,Moyen,0,1,1,113000
Abobo,78.0,2.0,6.0,3,Moyen,0,0,1,91000
Yopougon,76.0,4.0,2.0,5,Économique,1,0,1,161000
Cocody,68.0,4.0,29.0,8,Moyen,0,0,1,330000
Treichville,49.0,3.0,0.0,1,Moyen,0,1,0,154000
Port-Bouët,251.0,9.0,33.0,3,Moyen,0,1,0,398000
Cocody,,,37.0,9,Moyen,0,1,1,1062000
Treichville,74.0,3.0,35.0,4,Économique,1,0,0,119000
Yopougon,98.0,5.0,32.0,7,Économique,0,0,0,110000
Abobo,147.0,5.0,15.0,7,Moyen,0,0,1,241000
Riviera,98.0,4.0,37.0,1,Haut standing,0,1,1,457000
Treichville,71.0,3.0,10.0,5,Économique,1,0,0,191000
Treichville,42.0,2.0,7.0,5,Économique,1,1,1,150000
Koumassi,92.0,5.0,0.0,4,Haut standing,0,1,1,341000
Yopougon,45.0,1.0,13.0,7,Économique,0,0,0,45000
Marcory,162.0,5.0,29.0,9,Économique,0,1,1,485000
Yopougon,90.0,5.0,20.0,1,Économique,0,0,0,131000
Plateau,119.0,4.0,20.0,1,Économique,1,0,1,686000
Plateau,77.0,3.0,33.0,6,Économique,0,0,0,265000
Yopougon,137.0,5.0,37.0,8,Moyen,0,1,1,247000
Yopougon,65.0,2.0,25.0,2,Économique,0,0,1,99000
Riviera,106.0,3.0,13.0,6,Haut standing,0,0,1,709000
Yopougon,75.0,4.0,39.0,2,Haut standing,0,0,1,140000
Abobo,81.0,4.0,34.0,11,Haut standing,0,0,0,109000
Abobo,146.0,7.0,17.0,5,Haut standing,0,1,1,280000
Cocody,60.0,3.0,19.0,2,Moyen,1,0,1,428000
Adjamé,110.0,5.0,8.0,0,Économique,0,1,0,150000
Plateau,171.0,8.0,32.0,5,Économique,0,1,0,696000
Riviera,144.0,6.0,3.0,10,Économique,0,1,0,749000
Plateau,66.0,2.0,3.0,2,Économique,0,0,1,340000
Yopougon,118.0,6.0,15.0,0,Moyen,0,0,1,200000
Cocody,32.0,1.0,25.0,4,Haut standing,0,1,1,235000
Riviera,149.0,5.0,5.0,7,Économique,0,0,0,673000
Yopougon,285.0,10.0,36.0,7,Moyen,0,1,0,420000
Abobo,107.0,3.0,21.0,7,Moyen,0,0,1,123000
Cocody,176.0,8.0,38.0,2,Économique,0,1,1,653000
Koumassi,41.0,3.0,6.0,7,Haut standing,1,0,0,157000
Marcory,52.0,3.0,29.0,3,Moyen,0,0,1,183000
Bingerville,77.0,2.0,9.0,7,Économique,0,1,0,267000
Marcory,84.0,2.0,14.0,2,Haut standing,0,0,0,332000
Marcory,107.0,4.0,5.0,2,Moyen,0,0,1,501000
Cocody,66.0,3.0,23.0,0,Moyen,1,0,1,404000
Yopougon,,4.0,1.0,7,Moyen,0,0,0,177000
Abobo,146.0,6.0,39.0,7,Moyen,0,0,1,149000
Cocody,117.0,4.0,14.0,8,Économique,0,0,0,535000
Koumassi,75.0,4.0,20.0,5,Haut standing,0,0,1,204000
Yopougon,132.0,6.0,17.0,11,Haut standing,0,0,0,272000
Abobo,74.0,4.0,4.0,1,Moyen,0,0,1,104000
Yopougon,96.0,5.0,24.0,0,Moyen,0,1,1,168000
Yopougon,143.0,6.0,35.0,7,Haut standing,0,0,0,251000
Abobo,83.0,2.0,9.0,9,Économique,1,0,1,118000
Plateau,45.0,3.0,22.0,3,Haut standing,0,1,0,280000
Plateau,94.0,3.0,23.0,10,Moyen,0,1,0,508000
Bingerville,143.0,6.0,9.0,10,Économique,0,0,1,481000
Riviera,150.0,6.0,5.0,6,Moyen,1,1,1,1050000
Yopougon,50.0,3.0,12.0,9,Moyen,0,1,0,118000
Marcory,129.0,,20.0,11,Économique,1,0,1,536000
Abobo,81.0,3.0,31.0,3,Moyen,0,1,1,108000
Yopougon,181.0,7.0,14.0,0,Moyen,0,0,0,303000
Cocody,46.0,,1.0,7,Moyen,1,1,1,362000
Plateau,128.0,5.0,14.0,9,Économique,1,0,0,653000
Koumassi,76.0,2.0,16.0,8,Moyen,0,0,0,141000
Adjamé,66.0,3.0,19.0,9,Moyen,0,1,1,132000
Cocody,146.0,5.0,5.0,8,Haut standing,0,0,1,846000
Marcory,157.0,6.0,14.0,8,Haut standing,0,0,1,756000
Marcory,26.0,1.0,16.0,11,Haut standing,1,1,1,184000
Adjamé,147.0,5.0,25.0,11,Économique,0,0,1,268000
Cocody,88.0,3.0,21.0,10,Moyen,0,1,0,475000
Cocody,93.0,5.0,8.0,10,Économique,0,0,1,442000
Port-Bouët,44.0,3.0,11.0,11,Économique,0,1,0,103000
Plateau,124.0,5.0,21.0,3,Économique,0,0,0,566000
Adjamé,254.0,10.0,22.0,8,Haut standing,0,1,1,806000
Marcory,69.0,2.0,36.0,10,Économique,0,0,1,190000
Cocody,164.0,,13.0,3,Économique,1,1,0,1090000
Marcory,91.0,,23.0,1,Économique,0,0,1,286000
Koumassi,,2.0,7.0,9,Moyen,0,0,0,168000
Bingerville,39.0,2.0,25.0,2,Haut standing,0,0,0,145000
Port-Bouët,176.0,6.0,31.0,1,Économique,0,0,1,273000
Yopougon,97.0,5.0,27.0,0,Moyen,0,0,1,125000
Adjamé,72.0,4.0,31.0,10,Économique,1,1,1,142000
Marcory,79.0,4.0,21.0,5,Économique,1,0,0,364000
Treichville,129.0,5.0,8.0,3,Économique,1,0,0,375000
Bingerville,72.0,3.0,2.0,6,Économique,0,1,1,272000
Cocody,54.0,2.0,24.0,6,Moyen,1,1,0,268000
Cocody,86.0,3.0,38.0,9,Économique,0,1,0,323000
Marcory,85.0,3.0,11.0,0,Moyen,0,1,1,385000
Cocody,84.0,3.0,28.0,11,Haut standing,0,0,1,382000
Plateau,72.0,4.0,2.0,8,Économique,0,1,1,492000
Abobo,167.0,8.0,22.0,7,Économique,0,0,0,193000
Yopougon,300.0,10.0,22.0,9,Moyen,0,1,0,469000
Bingerville,50.0,3.0,17.0,0,Économique,0,1,0,172000
Port-Bouët,24.0,1.0,10.0,7,Économique,0,1,1,52000
Treichville,81.0,3.0,35.0,4,Économique,0,1,1,168000
Marcory,26.0,1.0,25.0,0,Haut standing,1,1,1,130000
Yopougon,37.0,1.0,7.0,3,Moyen,1,1,0,101000
Abobo,69.0,3.0,27.0,6,Économique,0,0,1,78000
Marcory,128.0,6.0,17.0,11,Économique,0,0,1,482000
Abobo,80.0,2.0,12.0,4,Économique,0,1,1,73000
Yopougon,20.0,2.0,35.0,10,Économique,0,0,1,30000
Abobo,80.0,3.0,39.0,2,Moyen,1,1,1,107000
Yopougon,83.0,2.0,11.0,11,Moyen,0,1,0,148000
Treichville,84.0,3.0,21.0,10,Économique,1,0,1,240000
Riviera,155.0,7.0,1.0,3,Économique,1,1,0,757000
Koumassi,142.0,6.0,39.0,1,Économique,0,1,1,230000
Plateau,,4.0,27.0,7,Économique,1,1,1,678000
Bingerville,230.0,10.0,12.0,11,Haut standing,0,0,1,1050000
Yopougon,69.0,3.0,32.0,1,Économique,0,1,0,67000
Bingerville,86.0,2.0,2.0,10,Économique,1,1,0,269000
Port-Bouët,91.0,5.0,33.0,5,Économique,0,1,0,159000
Yopougon,39.0,2.0,22.0,6,Moyen,0,1,1,62000
Cocody,91.0,5.0,31.0,6,Haut standing,0,1,0,542000
Marcory,,1.0,19.0,0,Économique,1,0,0,128000
Abobo,63.0,4.0,27.0,7,Économique,0,1,1,86000
Abobo,,5.0,7.0,8,Économique,1,1,0,143000
Marcory,43.0,1.0,2.0,6,Moyen,0,1,1,193000
Cocody,108.0,5.0,29.0,7,Moyen,0,1,0,559000
Port-Bouët,58.0,1.0,24.0,3,Moyen,0,1,0,97000
Riviera,75.0,4.0,29.0,11,Moyen,0,1,1,335000
Abobo,118.0,6.0,28.0,7,Haut standing,0,0,1,191000
Plateau,,4.0,29.0,2,Économique,1,0,0,502000
Marcory,107.0,4.0,33.0,0,Moyen,0,1,0,272000
Cocody,114.0,5.0,24.0,7,Moyen,1,0,1,652000
Riviera,87.0,4.0,16.0,10,Moyen,0,0,0,354000
Cocody,110.0,5.0,23.0,11,Économique,0,1,0,454000
Abobo,63.0,2.0,37.0,5,Économique,0,1,1,64000
Marcory,117.0,4.0,27.0,8,Économique,0,1,1,357000
Abobo,81.0,2.0,32.0,2,Économique,0,1,1,55000
Adjamé,169.0,7.0,35.0,7,Moyen,0,0,0,265000
Port-Bouët,98.0,4.0,6.0,8,Économique,1,0,0,279000
Marcory,68.0,2.0,22.0,8,Moyen,0,1,1,259000
Cocody,118.0,6.0,25.0,11,Haut standing,0,1,0,736000
Cocody,173.0,7.0,13.0,6,Économique,1,1,0,896000
Riviera,71.0,3.0,27.0,11,Économique,1,0,1,307000
Bingerville,65.0,,23.0,10,Haut standing,1,1,1,320000
Abobo,20.0,1.0,6.0,9,Moyen,1,1,0,40000
Abobo,98.0,3.0,35.0,2,Économique,0,0,0,100000
Adjamé,77.0,3.0,38.0,2,Économique,1,0,0,107000
Plateau,118.0,6.0,14.0,1,Moyen,1,1,1,1067000
Riviera,119.0,6.0,2.0,0,Moyen,1,0,1,913000
Yopougon,40.0,2.0,1.0,1,Moyen,0,0,0,67000
Yopougon,142.0,5.0,6.0,4,Moyen,1,0,0,256000
Abobo,60.0,2.0,15.0,0,Moyen,0,0,1,65000
Cocody,71.0,2.0,20.0,9,Économique,0,0,1,309000
Plateau,21.0,1.0,8.0,3,Moyen,0,0,1,125000
Koumassi,,5.0,11.0,10,Haut standing,1,0,1,471000
Cocody,48.0,3.0,28.0,9,Économique,0,1,1,238000
Abobo,65.0,3.0,23.0,9,Moyen,1,0,0,74000
Marcory,46.0,2.0,32.0,0,Économique,0,1,0,118000
Yopougon,148.0,6.0,13.0,11,Économique,0,1,0,248000
Marcory,75.0,4.0,17.0,9,Haut standing,0,0,1,355000
Yopougon,43.0,,4.0,7,Économique,0,0,0,79000
Koumassi,45.0,1.0,14.0,11,Économique,0,1,0,86000
Treichville,136.0,5.0,6.0,4,Moyen,0,0,0,426000
Abobo,57.0,2.0,24.0,9,Économique,0,0,0,55000
Yopougon,70.0,,13.0,3,Moyen,0,1,0,123000
Adjamé,93.0,4.0,39.0,2,Économique,0,0,0,147000
Riviera,77.0,2.0,35.0,8,Économique,1,1,1,286000
Koumassi,29.0,1.0,34.0,5,Économique,0,1,0,48000
Marcory,124.0,6.0,23.0,11,Moyen,0,0,0,453000
Cocody,80.0,3.0,14.0,0,Moyen,0,0,0,337000
Marcory,107.0,5.0,10.0,7,Moyen,1,1,1,605000
Abobo,129.0,4.0,23.0,9,Moyen,0,1,0,175000
Cocody,25.0,1.0,10.0,1,Économique,0,0,0,108000
Yopougon,130.0,5.0,16.0,8,Moyen,0,0,1,235000
Abobo,271.0,10.0,5.0,10,Économique,1,0,1,462000
Treichville,112.0,5.0,20.0,6,Économique,0,0,1,256000
Koumassi,171.0,6.0,7.0,2,Moyen,0,0,0,335000
Cocody,146.0,5.0,14.0,3,Économique,0,0,0,608000
Cocody,127.0,4.0,31.0,2,Moyen,1,1,1,650000
Koumassi,148.0,5.0,9.0,5,Économique,0,1,1,325000
Yopougon,161.0,6.0,27.0,8,Moyen,0,1,1,190000
Adjamé,164.0,7.0,14.0,9,Économique,0,1,1,375000
Yopougon,45.0,3.0,11.0,8,Haut standing,1,0,1,151000
Marcory,153.0,5.0,17.0,0,Économique,1,0,1,566000
Port-Bouët,80.0,3.0,36.0,9,Moyen,0,1,0,158000
Port-Bouët,167.0,7.0,23.0,5,Haut standing,0,1,1,510000
Adjamé,117.0,4.0,36.0,0,Moyen,0,1,1,194000
Marcory,45.0,2.0,28.0,10,Moyen,0,0,0,128000
Abobo,178.0,8.0,9.0,3,Moyen,0,0,0,260000
Yopougon,60.0,3.0,13.0,6,Moyen,1,0,0,137000
Cocody,78.0,2.0,15.0,3,Moyen,0,0,1,331000
Riviera,199.0,9.0,36.0,8,Économique,0,0,1,808000
Cocody,99.0,4.0,10.0,9,Haut standing,1,1,1,924000
Riviera,,4.0,25.0,4,Moyen,0,0,1,347000
Yopougon,88.0,4.0,39.0,8,Moyen,1,1,0,145000
Plateau,75.0,2.0,18.0,0,Économique,0,1,1,374000
Abobo,136.0,4.0,17.0,11,Haut standing,1,1,0,243000
Bingerville,76.0,3.0,,3,Économique,1,1,1,326000
Koumassi,90.0,4.0,31.0,6,Moyen,1,0,0,170000
Port-Bouët,122.0,6.0,22.0,1,Économique,0,1,0,153000
Adjamé,116.0,5.0,11.0,8,Moyen,0,1,0,269000
Adjamé,63.0,2.0,12.0,2,Moyen,1,0,0,142000
Port-Bouët,137.0,5.0,20.0,3,Économique,0,1,1,278000
Marcory,69.0,4.0,20.0,11,Moyen,1,0,0,198000
Yopougon,51.0,3.0,28.0,3,Économique,0,0,0,50000
Marcory,31.0,1.0,28.0,7,Moyen,0,1,1,105000
Riviera,83.0,4.0,26.0,1,Moyen,0,1,0,396000
Riviera,35.0,2.0,28.0,4,Économique,0,0,1,105000
Cocody,58.0,1.0,14.0,1,Moyen,1,1,1,378000
Adjamé,91.0,4.0,11.0,11,Moyen,1,0,0,226000
Riviera,159.0,5.0,18.0,5,Économique,0,1,0,616000
Plateau,79.0,2.0,11.0,8,Haut standing,1,1,1,729000
Abobo,40.0,3.0,22.0,11,Moyen,0,1,1,64000
Riviera,87.0,2.0,4.0,8,Économique,1,1,0,457000
Cocody,156.0,6.0,25.0,0,Économique,1,1,0,814000
Adjamé,78.0,3.0,9.0,3,Moyen,0,1,1,183000
Treichville,172.0,7.0,21.0,3,Économique,0,0,0,416000
Riviera,91.0,3.0,38.0,0,Économique,0,0,0,244000
Riviera,130.0,5.0,22.0,9,Économique,1,0,1,727000
Riviera,103.0,4.0,10.0,1,Moyen,0,1,1,530000
Yopougon,168.0,6.0,27.0,5,Moyen,1,1,0,290000
Bingerville,237.0,8.0,30.0,9,Économique,1,1,0,519000
Port-Bouët,71.0,2.0,7.0,2,Moyen,0,1,1,152000
Treichville,99.0,3.0,38.0,8,Haut standing,1,1,0,294000
Port-Bouët,159.0,7.0,27.0,2,Haut standing,0,1,0,295000
Cocody,104.0,3.0,15.0,2,Haut standing,0,0,1,546000
Abobo,30.0,1.0,30.0,8,Moyen,1,0,1,48000
Marcory,79.0,3.0,15.0,2,Économique,0,0,0,247000
Cocody,104.0,4.0,4.0,5,Économique,0,1,1,447000
Cocody,191.0,7.0,34.0,5,Économique,0,0,0,763000
Adjamé,97.0,3.0,24.0,0,Moyen,0,1,0,184000
Treichville,56.0,1.0,12.0,6,Haut standing,1,0,0,264000
Koumassi,105.0,4.0,28.0,8,Économique,1,0,0,237000
Cocody,,7.0,26.0,8,Moyen,0,1,0,1053000
Treichville,65.0,2.0,,8,Moyen,0,0,1,156000
Abobo,70.0,3.0,16.0,1,Économique,1,1,0,88000
Port-Bouët,66.0,,36.0,0,Moyen,0,1,0,116000
Treichville,43.0,1.0,37.0,5,Économique,0,1,0,61000
Abobo,94.0,4.0,28.0,5,Haut standing,1,1,1,182000
Bingerville,89.0,,33.0,3,Moyen,1,1,0,272000
Abobo,32.0,2.0,29.0,7,Moyen,0,0,0,42000
Marcory,58.0,3.0,30.0,4,Économique,1,1,0,201000
Cocody,101.0,5.0,21.0,6,Moyen,0,0,0,458000
Bingerville,128.0,5.0,24.0,8,Économique,0,0,0,259000
Cocody,146.0,7.0,3.0,0,Économique,0,0,0,617000
Bingerville,134.0,5.0,34.0,8,Économique,0,1,1,335000
Abobo,92.0,3.0,,3,Économique,0,1,1,112000
Riviera,39.0,3.0,25.0,6,Moyen,1,1,0,152000
Port-Bouët,81.0,3.0,26.0,10,Économique,1,0,0,159000
Riviera,20.0,2.0,26.0,3,Haut standing,0,0,0,96000
Yopougon,101.0,4.0,17.0,3,Économique,1,1,1,181000
Koumassi,64.0,3.0,29.0,3,Économique,0,1,0,114000
Yopougon,24.0,1.0,30.0,5,Haut standing,0,0,1,42000
Yopougon,111.0,4.0,2.0,4,Économique,0,0,0,188000
Abobo,180.0,7.0,28.0,1,Économique,0,1,0,165000
Bingerville,35.0,2.0,6.0,8,Économique,0,0,0,94000
Riviera,115.0,4.0,17.0,10,Moyen,1,1,0,603000
Koumassi,74.0,3.0,15.0,5,Moyen,0,1,0,174000
Yopougon,60.0,3.0,31.0,9,Économique,0,0,0,77000
Yopougon,60.0,1.0,37.0,5,Moyen,1,0,0,80000
Koumassi,74.0,3.0,24.0,8,Moyen,0,1,1,177000
Marcory,74.0,4.0,31.0,0,Haut standing,0,0,1,302000
Cocody,90.0,3.0,18.0,6,Économique,0,0,0,382000
Yopougon,57.0,1.0,2.0,2,Moyen,0,1,0,98000
Marcory,63.0,2.0,34.0,3,Économique,1,1,0,173000
Treichville,121.0,4.0,28.0,0,Économique,0,1,1,242000
Marcory,54.0,2.0,10.0,2,Économique,0,1,0,179000
Cocody,105.0,4.0,5.0,6,Moyen,0,1,1,707000
Cocody,76.0,2.0,18.0,5,Moyen,0,0,1,375000
Riviera,68.0,2.0,36.0,0,Moyen,0,1,0,232000
Yopougon,209.0,8.0,26.0,8,Moyen,0,1,1,335000
Yopougon,43.0,3.0,4.0,3,Moyen,0,0,1,95000
Adjamé,187.0,6.0,25.0,6,Moyen,0,0,1,285000
Marcory,138.0,6.0,34.0,3,Économique,0,1,1,380000
Riviera,65.0,3.0,18.0,6,Économique,1,0,0,356000
Koumassi,140.0,7.0,16.0,4,Économique,1,1,1,442000
Cocody,20.0,1.0,34.0,0,Économique,0,1,1,81000
Yopougon,61.0,1.0,12.0,3,Moyen,0,1,1,102000
Bingerville,54.0,2.0,13.0,2,Moyen,0,1,1,182000
Riviera,111.0,3.0,29.0,5,Moyen,0,1,0,438000
Yopougon,130.0,5.0,16.0,5,Économique,0,1,0,239000
Abobo,110.0,3.0,36.0,0,Moyen,0,1,1,134000
Plateau,98.0,3.0,14.0,10,Économique,1,1,0,655000
Riviera,144.0,,17.0,1,Haut standing,0,1,0,793000
Marcory,134.0,,13.0,11,Économique,1,0,0,449000
Riviera,64.0,3.0,13.0,1,Moyen,0,1,0,301000
Abobo,68.0,3.0,32.0,11,Moyen,0,0,0,88000
Abobo,130.0,5.0,37.0,9,Haut standing,1,1,0,257000
Abobo,89.0,3.0,10.0,3,Économique,0,0,0,88000
Marcory,92.0,4.0,10.0,8,Économique,1,1,1,307000
Plateau,99.0,5.0,25.0,10,Économique,0,1,0,480000
Marcory,31.0,1.0,2.0,1,Économique,1,1,1,157000
Plateau,62.0,3.0,24.0,10,Moyen,1,1,0,392000
Koumassi,116.0,6.0,16.0,7,Haut standing,0,1,1,405000
Yopougon,62.0,3.0,21.0,10,Économique,1,0,1,100000
Cocody,81.0,4.0,28.0,11,Moyen,0,0,0,362000
Riviera,116.0,5.0,25.0,0,Haut standing,0,0,0,503000
Bingerville,148.0,7.0,33.0,11,Économique,0,0,1,385000
Riviera,157.0,5.0,25.0,7,Moyen,0,1,1,739000
Riviera,161.0,7.0,8.0,2,Haut standing,0,0,1,1107000
Plateau,85.0,4.0,39.0,4,Haut standing,0,1,0,450000
Yopougon,,4.0,10.0,0,Moyen,1,1,1,163000
Koumassi,47.0,2.0,6.0,0,Économique,0,1,0,79000
Adjamé,181.0,8.0,29.0,5,Économique,1,0,0,370000
Plateau,78.0,4.0,1.0,2,Moyen,0,0,0,427000
Port-Bouët,179.0,8.0,29.0,7,Économique,0,0,0,309000
Marcory,106.0,3.0,3.0,3,Économique,1,1,1,369000
Marcory,152.0,6.0,13.0,5,Moyen,1,0,1,822000
Abobo,,4.0,12.0,9,Moyen,1,1,1,233000
Abobo,122.0,5.0,24.0,11,Moyen,0,1,1,188000
Abobo,154.0,5.0,12.0,8,Économique,0,0,0,164000
Cocody,70.0,,12.0,7,Économique,0,0,1,417000
Bingerville,162.0,5.0,36.0,3,Moyen,0,1,0,360000
Marcory,50.0,2.0,5.0,9,Moyen,0,0,1,213000
Cocody,206.0,8.0,25.0,7,Moyen,0,1,1,716000
Bingerville,99.0,4.0,13.0,6,Haut standing,0,1,0,395000
Riviera,63.0,2.0,7.0,4,Haut standing,1,0,0,484000
Bingerville,136.0,5.0,23.0,6,Moyen,1,1,0,454000
Port-Bouët,108.0,5.0,21.0,6,Économique,0,0,1,195000
Adjamé,,1.0,39.0,9,Moyen,0,0,1,51000
Abobo,74.0,4.0,38.0,1,Moyen,0,1,1,111000
Cocody,52.0,2.0,20.0,6,Économique,0,0,0,213000
Yopougon,54.0,2.0,25.0,2,Moyen,1,0,0,91000
Yopougon,53.0,1.0,9.0,7,Économique,0,1,1,84000
Marcory,119.0,6.0,12.0,7,Moyen,1,0,0,606000
Koumassi,141.0,5.0,13.0,8,Économique,0,0,1,262000
Yopougon,60.0,3.0,8.0,10,Moyen,1,1,1,180000
Cocody,27.0,1.0,6.0,3,Haut standing,0,0,1,180000
Marcory,20.0,1.0,38.0,9,Économique,1,1,0,72000
Adjamé,230.0,8.0,30.0,2,Moyen,0,0,0,332000
Cocody,99.0,5.0,15.0,8,Économique,0,1,1,581000
Bingerville,137.0,5.0,7.0,8,Haut standing,0,0,0,569000
Yopougon,83.0,3.0,14.0,1,Moyen,0,1,1,149000
Yopougon,23.0,,24.0,5,Haut standing,0,0,0,50000
Abobo,113.0,6.0,37.0,2,Haut standing,1,1,1,241000
Port-Bouët,196.0,9.0,14.0,4,Moyen,0,1,1,459000
Treichville,65.0,4.0,24.0,1,Économique,0,0,1,143000
Adjamé,21.0,2.0,6.0,3,Économique,1,0,0,46000
Abobo,46.0,2.0,25.0,10,Moyen,0,0,0,54000
Marcory,140.0,6.0,7.0,2,Moyen,0,1,0,615000
Bingerville,108.0,3.0,17.0,1,Moyen,1,1,0,383000
Port-Bouët,162.0,6.0,20.0,5,Économique,0,1,0,255000
Adjamé,92.0,5.0,15.0,10,Économique,0,1,1,182000
Bingerville,128.0,5.0,2.0,2,Moyen,1,0,0,500000
Bingerville,73.0,3.0,0.0,3,Économique,0,0,0,233000
Adjamé,48.0,2.0,12.0,5,Moyen,1,1,0,146000
Port-Bouët,129.0,4.0,31.0,11,Moyen,0,0,0,226000
Adjamé,141.0,5.0,11.0,11,Moyen,0,0,0,282000
Adjamé,66.0,4.0,30.0,4,Économique,0,1,0,105000
Abobo,187.0,8.0,1.0,3,Haut standing,1,0,1,397000
Koumassi,189.0,7.0,7.0,11,Économique,1,0,1,503000
Plateau,53.0,2.0,24.0,3,Économique,0,1,0,223000
Bingerville,55.0,2.0,4.0,1,Moyen,0,0,0,163000
Bingerville,56.0,1.0,1.0,11,Économique,0,0,0,174000
Cocody,86.0,4.0,37.0,9,Économique,0,1,0,273000
Port-Bouët,75.0,3.0,38.0,3,Économique,1,1,0,102000
Cocody,42.0,3.0,2.0,11,Moyen,1,0,1,296000
Treichville,57.0,2.0,37.0,7,Haut standing,1,0,0,195000
Koumassi,23.0,2.0,21.0,4,Moyen,0,1,0,54000
Plateau,26.0,1.0,39.0,10,Moyen,0,0,0,126000
Port-Bouët,37.0,2.0,32.0,9,Économique,0,0,0,47000
Port-Bouët,224.0,10.0,31.0,9,Économique,0,0,0,390000
Yopougon,210.0,9.0,16.0,7,Économique,0,0,0,250000
Cocody,132.0,4.0,17.0,5,Haut standing,1,1,0,796000
Marcory,66.0,4.0,2.0,11,Économique,0,1,1,247000
Abobo,37.0,1.0,5.0,9,Haut standing,0,0,1,60000
Riviera,91.0,3.0,12.0,4,Économique,0,1,1,544000
Abobo,115.0,6.0,30.0,3,Moyen,1,1,0,183000
Marcory,60.0,1.0,16.0,9,Haut standing,1,0,0,222000
Abobo,111.0,3.0,20.0,8,Économique,0,0,1,100000
Abobo,46.0,1.0,15.0,9,Moyen,1,1,0,76000
Koumassi,67.0,3.0,16.0,4,Économique,0,0,0,126000
Cocody,80.0,4.0,31.0,9,Économique,0,1,1,337000
Koumassi,214.0,8.0,0.0,10,Économique,0,1,0,594000
Abobo,57.0,3.0,37.0,5,Moyen,0,0,0,54000
Riviera,114.0,4.0,7.0,6,Économique,0,0,0,518000
Treichville,52.0,3.0,0.0,10,Économique,0,0,1,181000
Abobo,48.0,1.0,1.0,11,Haut standing,0,0,1,120000
Riviera,60.0,2.0,36.0,10,Économique,0,0,1,275000
Cocody,93.0,4.0,23.0,0,Économique,0,1,0,405000
Riviera,199.0,8.0,26.0,8,Haut standing,1,0,1,1330000
Adjamé,65.0,2.0,19.0,11,Économique,0,1,1,132000
Cocody,142.0,7.0,20.0,7,Économique,0,0,1,723000
Treichville,219.0,8.0,36.0,11,Moyen,0,1,0,402000
Adjamé,105.0,4.0,34.0,10,Économique,0,1,1,146000
Cocody,,5.0,37.0,4,Économique,0,1,1,637000
Abobo,58.0,3.0,14.0,2,Économique,0,0,1,83000
Treichville,113.0,5.0,29.0,4,Moyen,0,0,1,344000
Abobo,127.0,4.0,3.0,4,Économique,1,0,1,188000
Cocody,41.0,3.0,38.0,8,Économique,0,0,1,169000
Bingerville,55.0,2.0,14.0,6,Économique,1,1,0,176000
Riviera,78.0,4.0,22.0,1,Économique,1,1,0,450000
Riviera,61.0,3.0,14.0,4,Moyen,0,1,0,288000
Koumassi,83.0,3.0,25.0,8,Économique,0,1,0,138000
Cocody,,1.0,11.0,10,Moyen,0,1,1,224000
Koumassi,208.0,7.0,17.0,1,Moyen,0,1,0,401000
Cocody,149.0,5.0,5.0,7,Économique,0,0,0,650000
Cocody,386.0,10.0,17.0,11,Économique,0,0,0,1344000
Treichville,44.0,3.0,23.0,2,Économique,0,1,0,107000
Yopougon,115.0,,37.0,3,Économique,0,1,1,134000
Koumassi,61.0,1.0,27.0,1,Moyen,0,0,1,105000
Adjamé,48.0,3.0,14.0,8,Moyen,0,1,1,112000
Yopougon,145.0,7.0,18.0,5,Économique,0,0,0,159000
Marcory,94.0,4.0,4.0,8,Moyen,1,0,0,487000
Riviera,75.0,4.0,3.0,10,Haut standing,0,0,1,587000
Yopougon,106.0,4.0,16.0,7,Économique,0,1,0,188000
Yopougon,56.0,2.0,9.0,11,Moyen,0,0,1,113000
Plateau,55.0,1.0,11.0,8,Moyen,0,1,1,285000
Port-Bouët,63.0,2.0,4.0,4,Économique,0,0,0,120000
Adjamé,159.0,5.0,6.0,5,Moyen,0,1,0,338000
Marcory,153.0,7.0,22.0,6,Haut standing,1,0,0,817000
Cocody,43.0,3.0,1.0,4,Économique,0,0,1,284000
Adjamé,204.0,7.0,29.0,0,Moyen,0,0,0,260000
Adjamé,90.0,3.0,36.0,8,Économique,0,0,0,129000
Marcory,114.0,6.0,4.0,1,Économique,0,0,0,375000
Riviera,61.0,2.0,19.0,6,Moyen,0,1,0,366000
Plateau,93.0,4.0,25.0,11,Économique,0,0,1,509000
Yopougon,47.0,1.0,38.0,7,Moyen,0,1,0,60000
Riviera,59.0,1.0,5.0,7,Économique,0,1,0,298000
Yopougon,139.0,5.0,28.0,0,Moyen,0,1,0,190000
Abobo,141.0,6.0,9.0,9,Moyen,0,1,0,234000
Yopougon,117.0,4.0,15.0,6,Moyen,1,1,0,225000
Marcory,73.0,3.0,33.0,8,Économique,1,1,0,244000
Riviera,42.0,3.0,30.0,10,Économique,0,0,1,199000
Yopougon,169.0,8.0,35.0,10,Économique,0,1,0,220000
Bingerville,146.0,7.0,4.0,2,Moyen,0,0,0,312000
Marcory,29.0,1.0,32.0,7,Économique,1,0,0,80000
Marcory,142.0,7.0,18.0,7,Moyen,0,0,0,601000
Cocody,75.0,3.0,31.0,8,Économique,0,1,1,388000
Adjamé,130.0,5.0,22.0,7,Moyen,0,1,1,255000
Yopougon,38.0,2.0,2.0,4,Moyen,0,1,0,60000
Bingerville,63.0,2.0,0.0,4,Économique,0,0,0,169000
Yopougon,96.0,3.0,35.0,2,Moyen,0,0,0,130000
Riviera,208.0,8.0,27.0,11,Économique,0,0,0,728000
Plateau,96.0,4.0,38.0,5,Moyen,1,1,1,441000
Bingerville,156.0,6.0,4.0,9,Moyen,1,0,1,738000
Koumassi,103.0,4.0,12.0,2,Moyen,1,1,0,316000
Koumassi,101.0,5.0,10.0,1,Haut standing,0,1,1,389000
Port-Bouët,120.0,5.0,21.0,6,Moyen,1,1,1,251000
Koumassi,89.0,3.0,22.0,9,Moyen,1,1,1,290000
Abobo,137.0,4.0,11.0,2,Économique,1,0,0,174000
Cocody,50.0,1.0,20.0,3,Moyen,0,1,0,211000
Cocody,89.0,3.0,18.0,10,Économique,0,1,0,318000
Riviera,217.0,8.0,4.0,9,Moyen,0,1,0,897000
Abobo,159.0,6.0,23.0,7,Moyen,1,1,0,221000
Port-Bouët,108.0,4.0,29.0,0,Moyen,0,1,1,191000
Yopougon,149.0,7.0,7.0,8,Moyen,0,0,0,272000
Cocody,188.0,9.0,1.0,5,Moyen,0,0,1,1410000
Cocody,26.0,2.0,33.0,1,Économique,0,1,1,107000
Adjamé,79.0,3.0,22.0,2,Économique,1,1,0,125000
Yopougon,63.0,4.0,2.0,4,Moyen,0,0,0,105000
Marcory,40.0,2.0,23.0,10,Économique,0,1,1,145000
Yopougon,233.0,8.0,17.0,11,Moyen,1,0,1,432000
Cocody,123.0,5.0,36.0,5,Économique,0,0,1,451000
Abobo,146.0,6.0,30.0,8,Économique,1,0,1,218000
Marcory,65.0,2.0,13.0,1,Moyen,0,0,1,249000
Port-Bouët,78.0,2.0,0.0,4,Moyen,0,1,1,186000
Treichville,91.0,3.0,13.0,6,Économique,0,1,0,199000
Yopougon,112.0,5.0,4.0,10,Économique,0,1,1,270000
Cocody,135.0,6.0,30.0,11,Économique,0,1,1,574000
Cocody,30.0,2.0,30.0,10,Économique,1,0,0,181000
Yopougon,130.0,4.0,29.0,6,Économique,0,1,0,192000
Yopougon,81.0,4.0,35.0,3,Moyen,0,1,0,115000
Abobo,192.0,7.0,0.0,2,Haut standing,1,1,1,387000
Treichville,173.0,6.0,2.0,7,Économique,0,0,0,436000
Adjamé,106.0,3.0,19.0,1,Économique,0,1,1,211000
Bingerville,93.0,5.0,20.0,4,Moyen,0,1,1,316000
Koumassi,78.0,4.0,29.0,11,Haut standing,0,0,1,180000
Cocody,112.0,3.0,29.0,9,Économique,0,0,0,364000
Yopougon,168.0,8.0,4.0,4,Économique,1,0,1,373000
Cocody,94.0,4.0,9.0,0,Économique,0,0,0,420000
Marcory,,4.0,23.0,6,Économique,0,1,0,218000
Riviera,93.0,3.0,38.0,3,Moyen,0,1,0,317000
Plateau,107.0,3.0,5.0,9,Haut standing,0,1,0,781000
Yopougon,48.0,1.0,9.0,11,Moyen,1,1,0,100000
Abobo,41.0,2.0,9.0,1,Haut standing,0,1,0,72000
Adjamé,68.0,2.0,24.0,7,Économique,1,0,1,139000
Abobo,192.0,7.0,13.0,3,Haut standing,0,1,0,301000
Cocody,164.0,8.0,38.0,0,Économique,0,1,1,588000
Treichville,35.0,1.0,12.0,7,Économique,1,1,0,124000
Abobo,54.0,3.0,10.0,10,Moyen,0,0,0,81000
Cocody,133.0,4.0,38.0,6,Économique,0,0,0,448000
Yopougon,73.0,2.0,10.0,2,Économique,1,0,0,107000
Cocody,116.0,5.0,15.0,2,Moyen,0,1,0,586000
Cocody,36.0,1.0,32.0,6,Économique,0,1,0,123000
Yopougon,92.0,4.0,31.0,1,Moyen,0,0,0,143000
Cocody,87.0,4.0,9.0,4,Économique,1,1,0,437000
Abobo,146.0,6.0,14.0,6,Moyen,0,0,0,168000
Adjamé,112.0,5.0,15.0,5,Économique,1,0,0,231000
Port-Bouët,99.0,3.0,26.0,9,Moyen,0,1,1,182000
Marcory,31.0,2.0,31.0,6,Économique,1,0,0,115000
Plateau,221.0,10.0,,1,Moyen,0,0,0,1083000
Cocody,129.0,6.0,35.0,6,Moyen,0,0,0,516000
Abobo,62.0,2.0,7.0,1,Économique,0,0,1,72000
Adjamé,97.0,5.0,24.0,6,Économique,0,1,0,177000
Cocody,74.0,3.0,6.0,7,Économique,0,1,0,332000
Riviera,82.0,3.0,16.0,9,Moyen,0,0,1,421000
Cocody,162.0,6.0,29.0,7,Moyen,1,0,0,724000
Abobo,54.0,1.0,1.0,4,Économique,0,0,0,55000
Adjamé,131.0,4.0,16.0,6,Moyen,1,0,0,274000
Bingerville,166.0,6.0,3.0,10,Haut standing,0,1,1,793000
Koumassi,121.0,5.0,25.0,7,Économique,0,0,0,202000
Port-Bouët,84.0,2.0,13.0,3,Économique,1,0,0,157000
Treichville,59.0,3.0,7.0,1,Moyen,1,0,0,233000
Port-Bouët,64.0,3.0,4.0,6,Moyen,0,0,1,167000
Cocody,98.0,3.0,4.0,0,Économique,0,0,0,419000
Bingerville,94.0,4.0,4.0,11,Économique,0,1,0,349000
Abobo,140.0,5.0,26.0,1,Économique,0,0,0,109000
Port-Bouët,38.0,3.0,4.0,9,Moyen,1,0,0,141000
Yopougon,161.0,6.0,2.0,6,Moyen,0,1,1,269000
Abobo,292.0,10.0,37.0,11,Économique,0,1,0,311000
Abobo,89.0,3.0,29.0,11,Économique,0,0,0,71000
Koumassi,82.0,4.0,0.0,9,Économique,0,0,0,184000
Cocody,86.0,4.0,7.0,0,Moyen,0,1,1,475000
Cocody,97.0,3.0,12.0,6,Économique,1,1,0,613000
Marcory,78.0,2.0,19.0,4,Moyen,0,0,1,287000
Plateau,27.0,1.0,5.0,10,Moyen,0,0,0,158000
Bingerville,85.0,3.0,7.0,2,Moyen,1,0,0,330000
Marcory,52.0,1.0,29.0,10,Moyen,0,1,0,171000
Riviera,100.0,5.0,39.0,1,Économique,1,1,0,431000
Treichville,170.0,7.0,14.0,6,Moyen,0,0,0,454000
Plateau,53.0,1.0,9.0,8,Moyen,0,0,0,264000
Koumassi,204.0,9.0,32.0,8,Moyen,0,1,1,345000
Adjamé,75.0,4.0,8.0,9,Économique,1,0,0,166000
Yopougon,57.0,1.0,32.0,9,Économique,1,0,1,87000
Abobo,129.0,4.0,8.0,7,Moyen,0,1,0,160000
Koumassi,71.0,3.0,13.0,1,Haut standing,0,0,0,180000
Marcory,90.0,3.0,31.0,0,Moyen,0,1,0,296000
Riviera,93.0,4.0,36.0,7,Moyen,0,1,0,379000
Riviera,125.0,6.0,5.0,1,Moyen,1,1,0,726000
Adjamé,88.0,4.0,4.0,3,Économique,0,1,0,194000
Marcory,83.0,2.0,3.0,11,Moyen,0,0,1,349000
Adjamé,74.0,3.0,15.0,3,Moyen,0,1,0,154000
Cocody,119.0,6.0,9.0,1,Moyen,0,1,0,628000
Cocody,69.0,4.0,30.0,3,Haut standing,1,0,1,405000
Marcory,173.0,6.0,30.0,6,Économique,0,0,0,438000
Yopougon,93.0,4.0,13.0,5,Économique,0,1,1,165000
Bingerville,32.0,1.0,12.0,9,Haut standing,0,0,0,111000
Koumassi,107.0,3.0,3.0,5,Économique,0,0,0,209000
Koumassi,,6.0,,3,Moyen,0,0,1,287000
Yopougon,174.0,7.0,23.0,1,Haut standing,1,0,0,318000
Treichville,61.0,1.0,8.0,4,Économique,0,1,1,172000
Yopougon,56.0,3.0,34.0,10,Moyen,0,0,1,87000
Riviera,127.0,4.0,14.0,2,Économique,1,0,1,673000
Cocody,160.0,6.0,23.0,2,Moyen,0,1,1,906000
Bingerville,59.0,,30.0,3,Économique,0,1,0,131000
Abobo,,4.0,18.0,10,Moyen,0,1,1,160000
Yopougon,,5.0,1.0,10,Moyen,0,0,0,175000
Koumassi,61.0,3.0,1.0,4,Moyen,0,0,1,143000
Yopougon,86.0,2.0,35.0,10,Moyen,0,1,0,123000
Bingerville,154.0,7.0,36.0,1,Haut standing,0,0,0,456000
Riviera,94.0,3.0,33.0,5,Moyen,0,0,1,338000
Yopougon,84.0,2.0,38.0,5,Haut standing,0,1,1,109000
Marcory,124.0,5.0,18.0,7,Économique,0,0,1,427000
Abobo,161.0,5.0,37.0,1,Moyen,0,1,0,152000
Riviera,53.0,2.0,22.0,7,Économique,1,1,0,274000
Marcory,108.0,3.0,15.0,7,Haut standing,1,0,1,470000
Abobo,76.0,3.0,5.0,3,Économique,0,0,0,91000
Abobo,94.0,5.0,,6,Économique,1,0,1,134000
Koumassi,129.0,4.0,21.0,6,Économique,0,0,1,230000
Cocody,79.0,3.0,23.0,0,Économique,1,1,1,488000
Koumassi,88.0,3.0,39.0,0,Haut standing,0,1,1,200000
Riviera,148.0,6.0,20.0,7,Économique,0,0,1,489000
Plateau,115.0,5.0,29.0,10,Haut standing,1,0,0,792000
Marcory,87.0,2.0,,0,Économique,1,0,1,252000
Riviera,99.0,3.0,8.0,2,Haut standing,0,1,0,668000
Plateau,95.0,5.0,11.0,5,Moyen,1,1,0,740000
Bingerville,31.0,2.0,25.0,7,Économique,0,0,0,76000
Yopougon,99.0,5.0,,4,Économique,0,1,1,113000
Marcory,43.0,1.0,2.0,4,Économique,0,0,1,152000
Bingerville,159.0,7.0,32.0,3,Économique,0,0,0,396000
Yopougon,43.0,2.0,14.0,3,Économique,1,0,1,85000
Abobo,74.0,2.0,4.0,6,Économique,1,1,1,132000
Yopougon,66.0,3.0,23.0,5,Économique,0,0,1,111000
Abobo,188.0,8.0,10.0,7,Moyen,0,1,0,334000
Plateau,156.0,6.0,32.0,10,Économique,1,0,1,843000
Yopougon,20.0,1.0,22.0,5,Moyen,0,1,1,38000
Riviera,91.0,3.0,9.0,10,Haut standing,0,0,1,701000
Marcory,48.0,3.0,27.0,9,Économique,0,0,0,122000
Adjamé,100.0,5.0,38.0,6,Moyen,0,0,0,170000
Treichville,127.0,6.0,16.0,9,Économique,1,1,0,359000
Koumassi,104.0,5.0,25.0,9,Économique,0,1,0,195000
Cocody,131.0,5.0,24.0,4,Moyen,0,0,0,653000
Riviera,,2.0,35.0,5,Économique,1,0,0,258000
Yopougon,106.0,5.0,11.0,0,Économique,0,1,1,202000
Marcory,129.0,5.0,2.0,2,Économique,0,0,0,381000
Cocody,72.0,2.0,28.0,11,Moyen,0,1,0,375000
Plateau,,1.0,23.0,7,Moyen,0,1,0,340000
Abobo,64.0,2.0,18.0,2,Haut standing,1,1,0,105000
Treichville,86.0,3.0,12.0,0,Haut standing,0,1,1,340000
Port-Bouët,92.0,5.0,15.0,2,Économique,1,1,0,246000
Yopougon,109.0,3.0,39.0,11,Économique,0,0,1,121000
Marcory,61.0,2.0,26.0,3,Économique,0,0,0,166000
Abobo,131.0,4.0,5.0,7,Moyen,0,0,1,164000
Adjamé,209.0,8.0,9.0,8,Moyen,1,1,0,697000
Plateau,66.0,4.0,37.0,3,Économique,0,1,0,251000
Plateau,266.0,10.0,7.0,11,Économique,0,0,1,1433000
Cocody,223.0,8.0,17.0,6,Économique,0,1,0,932000
Koumassi,92.0,5.0,31.0,0,Haut standing,0,0,0,209000
Adjamé,85.0,4.0,16.0,8,Haut standing,0,1,1,260000
Yopougon,64.0,3.0,1.0,10,Économique,0,0,0,113000
Port-Bouët,140.0,6.0,19.0,11,Économique,1,1,1,316000
Port-Bouët,95.0,3.0,9.0,3,Économique,1,0,0,169000
Abobo,101.0,4.0,8.0,8,Haut standing,0,1,0,223000
Bingerville,57.0,3.0,38.0,2,Haut standing,0,0,0,187000
Marcory,142.0,6.0,24.0,10,Économique,0,0,0,346000
Cocody,81.0,4.0,24.0,4,Économique,0,1,0,360000
Marcory,50.0,1.0,23.0,0,Économique,0,1,0,147000
Cocody,88.0,5.0,,10,Moyen,0,1,1,766000
Abobo,59.0,2.0,29.0,2,Moyen,1,1,1,84000
Riviera,174.0,7.0,9.0,4,Moyen,0,1,1,1084000
Cocody,222.0,9.0,38.0,5,Haut standing,0,1,0,1207000
Cocody,90.0,4.0,30.0,7,Économique,1,1,0,399000
Yopougon,153.0,5.0,17.0,0,Moyen,1,1,0,267000
Riviera,151.0,7.0,32.0,2,Économique,0,1,0,496000
Treichville,20.0,1.0,18.0,0,Économique,0,1,1,54000
Yopougon,64.0,4.0,22.0,4,Moyen,0,1,1,98000
Cocody,,3.0,4.0,7,Haut standing,0,1,0,642000
Plateau,73.0,4.0,25.0,3,Moyen,1,0,0,419000
Riviera,62.0,2.0,28.0,10,Moyen,1,1,1,268000
Riviera,157.0,7.0,23.0,8,Moyen,1,0,0,862000
Cocody,71.0,3.0,5.0,5,Économique,0,0,1,386000
Riviera,109.0,4.0,38.0,5,Moyen,0,1,1,371000
Abobo,150.0,5.0,3.0,10,Moyen,0,1,0,228000
Bingerville,179.0,6.0,25.0,4,Moyen,0,0,0,377000
Yopougon,50.0,3.0,14.0,9,Moyen,0,0,1,98000
Abobo,53.0,3.0,12.0,4,Moyen,0,0,1,90000
Yopougon,103.0,4.0,39.0,10,Moyen,0,0,0,126000
Adjamé,26.0,1.0,21.0,6,Économique,0,0,0,40000
Cocody,54.0,2.0,12.0,7,Moyen,0,0,1,370000
Cocody,165.0,7.0,,6,Moyen,0,0,0,585000
Treichville,126.0,4.0,16.0,0,Économique,0,1,0,250000
Adjamé,86.0,3.0,35.0,0,Moyen,0,0,0,125000
Marcory,116.0,4.0,38.0,9,Économique,0,0,0,352000
Adjamé,130.0,6.0,24.0,5,Économique,1,1,0,276000
Riviera,40.0,3.0,33.0,2,Moyen,0,1,0,154000
Cocody,71.0,2.0,20.0,11,Haut standing,1,0,0,514000
Adjamé,176.0,7.0,24.0,8,Économique,1,0,0,361000
Yopougon,104.0,5.0,24.0,10,Moyen,0,1,1,212000
Bingerville,107.0,3.0,21.0,6,Moyen,0,0,0,311000
Plateau,90.0,5.0,22.0,1,Haut standing,0,1,0,674000
Adjamé,31.0,1.0,24.0,11,Moyen,0,0,0,56000
Port-Bouët,66.0,2.0,13.0,2,Haut standing,0,1,0,165000
Riviera,113.0,6.0,13.0,7,Moyen,1,1,1,882000
Adjamé,72.0,3.0,25.0,0,Moyen,0,0,0,85000
Yopougon,51.0,1.0,39.0,4,Économique,1,0,0,43000
Abobo,55.0,1.0,29.0,9,Économique,1,1,1,69000
Bingerville,178.0,6.0,25.0,0,Économique,0,0,1,397000
Abobo,70.0,2.0,37.0,11,Moyen,0,0,0,79000
Cocody,160.0,7.0,21.0,8,Économique,0,0,1,691000
Riviera,107.0,3.0,38.0,6,Économique,0,1,1,421000
Adjamé,81.0,2.0,38.0,4,Haut standing,0,1,1,167000
Adjamé,60.0,1.0,33.0,5,Moyen,1,0,0,97000
Marcory,127.0,4.0,24.0,10,Haut standing,0,1,1,654000
Adjamé,151.0,5.0,35.0,2,Économique,0,1,0,211000
Yopougon,133.0,5.0,12.0,2,Économique,1,1,1,218000
Adjamé,43.0,3.0,28.0,6,Économique,0,1,0,80000
Cocody,70.0,3.0,8.0,6,Économique,0,1,0,372000
Adjamé,,4.0,14.0,6,Économique,0,1,0,121000
Riviera,27.0,1.0,30.0,1,Économique,0,0,0,88000
Cocody,116.0,6.0,26.0,1,Économique,1,0,0,574000
Riviera,124.0,4.0,30.0,10,Moyen,1,0,0,458000
Yopougon,122.0,,9.0,11,Économique,0,1,1,241000
Bingerville,112.0,,36.0,4,Économique,0,0,1,229000
Koumassi,77.0,3.0,6.0,3,Moyen,0,1,0,167000
Abobo,59.0,,31.0,6,Moyen,1,0,1,81000
Koumassi,77.0,4.0,10.0,2,Moyen,0,0,1,207000
Bingerville,108.0,5.0,27.0,4,Moyen,0,0,0,328000
Yopougon,168.0,7.0,,1,Haut standing,0,1,1,503000
Treichville,95.0,4.0,30.0,0,Haut standing,1,0,1,301000
Adjamé,94.0,3.0,28.0,8,Moyen,0,1,0,177000
Port-Bouët,29.0,2.0,32.0,3,Économique,0,0,0,48000
Koumassi,111.0,3.0,3.0,7,Économique,1,1,0,295000
Port-Bouët,174.0,8.0,25.0,11,Moyen,0,0,1,345000
Yopougon,87.0,3.0,30.0,6,Moyen,0,0,0,122000
Port-Bouët,83.0,4.0,30.0,11,Haut standing,0,1,1,238000
Cocody,75.0,4.0,26.0,0,Moyen,1,0,0,358000
Abobo,129.0,4.0,24.0,9,Haut standing,0,0,1,209000
Cocody,28.0,1.0,35.0,10,Haut standing,0,1,1,169000
Treichville,161.0,6.0,30.0,6,Haut standing,0,1,1,442000
Yopougon,81.0,3.0,36.0,1,Économique,1,1,1,132000
Yopougon,112.0,3.0,22.0,2,Économique,0,1,0,143000
Adjamé,134.0,4.0,34.0,0,Moyen,0,1,1,173000
Yopougon,55.0,1.0,3.0,6,Moyen,0,0,1,98000
Yopougon,91.0,5.0,27.0,2,Économique,0,1,1,141000
Marcory,80.0,4.0,12.0,5,Moyen,1,1,1,379000
Yopougon,47.0,1.0,0.0,11,Moyen,0,0,0,89000
Marcory,150.0,5.0,11.0,6,Économique,1,1,1,607000
Cocody,77.0,3.0,39.0,2,Moyen,1,0,0,375000
Abobo,46.0,3.0,25.0,1,Haut standing,1,0,0,82000
Adjamé,94.0,5.0,22.0,8,Moyen,0,0,0,226000
Abobo,39.0,2.0,21.0,8,Moyen,0,0,0,41000
Yopougon,,3.0,27.0,6,Économique,0,1,1,111000
Yopougon,,4.0,16.0,4,Moyen,1,0,1,217000
Bingerville,37.0,1.0,5.0,3,Haut standing,1,0,1,194000
Abobo,125.0,4.0,13.0,3,Moyen,0,0,1,192000
Yopougon,96.0,3.0,16.0,0,Économique,1,0,1,131000
Cocody,135.0,4.0,37.0,3,Moyen,1,0,1,667000
Treichville,134.0,4.0,4.0,6,Haut standing,1,1,1,665000
Yopougon,70.0,4.0,12.0,4,Économique,0,0,0,93000
Yopougon,71.0,4.0,8.0,8,Économique,1,0,0,156000
Abobo,,6.0,25.0,3,Économique,1,1,1,176000
Abobo,50.0,2.0,12.0,10,Moyen,0,1,1,74000
Abobo,50.0,,18.0,2,Moyen,1,0,1,88000
Koumassi,65.0,3.0,16.0,5,Haut standing,0,1,1,225000
Port-Bouët,41.0,3.0,15.0,3,Économique,0,1,1,93000
Koumassi,46.0,1.0,29.0,10,Moyen,1,0,0,97000
Riviera,47.0,3.0,31.0,1,Haut standing,0,1,0,217000
Cocody,77.0,2.0,13.0,4,Économique,1,0,1,364000
Marcory,75.0,2.0,14.0,3,Moyen,0,0,0,263000
Cocody,145.0,7.0,11.0,4,Moyen,0,0,1,924000
Abobo,78.0,4.0,36.0,11,Économique,0,1,1,89000
Bingerville,87.0,2.0,10.0,8,Économique,0,1,0,310000
Marcory,202.0,8.0,4.0,3,Moyen,1,0,0,861000
Riviera,21.0,1.0,10.0,5,Économique,0,0,1,94000
Cocody,101.0,5.0,33.0,3,Économique,0,0,0,344000
Riviera,81.0,2.0,18.0,0,Haut standing,0,0,0,377000
Yopougon,107.0,4.0,25.0,1,Moyen,1,1,0,190000
Cocody,67.0,4.0,25.0,5,Haut standing,0,1,1,480000
Yopougon,78.0,4.0,16.0,7,Économique,1,0,1,147000
Marcory,164.0,6.0,30.0,8,Haut standing,0,0,0,629000
Marcory,116.0,5.0,18.0,3,Moyen,0,1,1,368000
Treichville,80.0,4.0,19.0,5,Moyen,1,1,1,281000
Port-Bouët,59.0,2.0,22.0,2,Économique,0,0,0,89000
Abobo,50.0,3.0,24.0,11,Moyen,0,0,0,63000
Treichville,70.0,4.0,27.0,8,Moyen,1,0,1,186000
Abobo,83.0,3.0,36.0,7,Moyen,0,1,0,103000
Koumassi,202.0,8.0,11.0,11,Moyen,1,0,0,463000
Marcory,98.0,3.0,0.0,0,Économique,1,0,0,332000
Yopougon,63.0,2.0,1.0,1,Haut standing,0,0,0,129000
Cocody,21.0,,9.0,9,Haut standing,0,0,0,168000
Plateau,58.0,1.0,33.0,8,Moyen,0,1,1,292000
Adjamé,70.0,3.0,31.0,9,Économique,1,0,0,132000
Plateau,102.0,3.0,24.0,2,Moyen,1,0,1,496000
Abobo,71.0,3.0,9.0,2,Moyen,0,0,1,93000
Adjamé,206.0,9.0,0.0,9,Moyen,0,0,0,442000
Cocody,80.0,3.0,31.0,8,Moyen,0,0,1,343000
Abobo,147.0,5.0,36.0,2,Économique,0,1,0,148000
Marcory,35.0,1.0,11.0,9,Moyen,0,0,1,129000
Riviera,88.0,4.0,17.0,11,Moyen,1,0,0,537000
Yopougon,59.0,2.0,29.0,10,Haut standing,1,1,0,121000
Port-Bouët,149.0,6.0,12.0,4,Économique,1,1,0,334000
Abobo,74.0,3.0,2.0,5,Économique,0,0,0,65000
Cocody,166.0,6.0,20.0,2,Haut standing,1,0,0,1032000
Abobo,124.0,5.0,13.0,9,Économique,1,1,1,207000
Riviera,69.0,2.0,39.0,7,Moyen,0,0,1,254000
Abobo,49.0,3.0,9.0,1,Économique,0,1,1,85000
Port-Bouët,61.0,2.0,1.0,5,Moyen,1,1,1,192000
Bingerville,78.0,4.0,36.0,1,Moyen,1,1,1,181000
Marcory,124.0,4.0,10.0,8,Économique,0,0,0,320000
Marcory,90.0,4.0,0.0,5,Haut standing,0,0,0,430000
Abobo,135.0,6.0,25.0,8,Économique,0,1,1,170000
Yopougon,173.0,6.0,12.0,3,Économique,1,1,0,270000
Port-Bouët,92.0,5.0,27.0,11,Économique,1,0,0,171000
Riviera,52.0,2.0,35.0,2,Moyen,0,0,1,236000
Yopougon,109.0,4.0,20.0,1,Économique,0,1,0,165000
Marcory,217.0,9.0,9.0,7,Économique,1,1,0,1030000
Koumassi,139.0,5.0,11.0,3,Haut standing,1,1,0,426000
Marcory,105.0,,26.0,1,Économique,1,0,1,400000
Port-Bouët,56.0,1.0,2.0,10,Économique,1,0,1,99000
Yopougon,82.0,4.0,27.0,8,Économique,0,0,1,113000
Adjamé,36.0,1.0,1.0,11,Économique,1,1,1,93000
Cocody,48.0,2.0,27.0,7,Économique,0,0,0,176000
Abobo,110.0,5.0,30.0,4,Économique,1,1,0,141000
Yopougon,31.0,2.0,20.0,7,Économique,0,0,0,42000
Abobo,76.0,4.0,6.0,4,Économique,1,0,0,98000
Plateau,45.0,1.0,,6,Économique,1,1,0,205000
Koumassi,49.0,2.0,13.0,4,Moyen,0,1,0,121000
Bingerville,93.0,5.0,38.0,4,Moyen,0,0,0,240000
Marcory,61.0,1.0,38.0,3,Économique,0,0,0,155000
Cocody,40.0,3.0,8.0,4,Haut standing,1,1,0,353000
Cocody,67.0,3.0,22.0,6,Moyen,1,1,1,517000
Abobo,39.0,3.0,11.0,2,Haut standing,1,1,0,70000
Abobo,161.0,6.0,28.0,3,Économique,0,0,0,162000
Abobo,127.0,4.0,37.0,7,Moyen,0,1,0,147000
Marcory,127.0,4.0,38.0,5,Économique,0,1,1,353000
Yopougon,58.0,2.0,21.0,7,Moyen,0,1,0,81000
Abobo,112.0,,,10,Économique,0,1,0,158000
Yopougon,100.0,3.0,6.0,1,Économique,1,1,0,170000
Riviera,60.0,2.0,39.0,8,Moyen,0,0,0,226000
Cocody,87.0,3.0,7.0,6,Moyen,1,0,0,522000
Adjamé,35.0,2.0,34.0,4,Moyen,0,1,0,57000
Yopougon,50.0,1.0,8.0,10,Économique,0,0,0,93000
Yopougon,86.0,2.0,12.0,6,Économique,0,1,1,124000
Koumassi,69.0,3.0,38.0,1,Haut standing,0,0,0,142000
Adjamé,107.0,4.0,19.0,10,Haut standing,1,0,1,349000
Riviera,61.0,2.0,20.0,3,Moyen,0,0,0,241000
Cocody,75.0,2.0,18.0,6,Moyen,0,0,0,380000
Cocody,89.0,5.0,1.0,1,Économique,1,1,0,615000
Koumassi,58.0,1.0,39.0,7,Économique,1,0,1,84000
Abobo,74.0,4.0,29.0,9,Économique,0,0,0,84000
Marcory,100.0,4.0,22.0,9,Moyen,0,1,0,433000
Cocody,183.0,6.0,39.0,10,Moyen,0,0,0,608000
Cocody,58.0,3.0,12.0,4,Moyen,0,1,0,263000
Bingerville,70.0,2.0,32.0,4,Économique,0,0,0,140000
Marcory,138.0,7.0,31.0,7,Économique,1,0,0,456000
Treichville,155.0,7.0,27.0,11,Économique,0,0,1,387000
Marcory,117.0,4.0,23.0,0,Moyen,0,1,1,454000
Yopougon,153.0,6.0,27.0,5,Économique,0,1,0,186000
Cocody,57.0,1.0,29.0,1,Moyen,1,1,1,325000
Abobo,146.0,,28.0,0,Moyen,0,0,0,172000
Cocody,130.0,6.0,33.0,11,Économique,0,1,1,598000
Port-Bouët,49.0,3.0,21.0,6,Économique,0,0,1,88000
Marcory,75.0,2.0,24.0,11,Moyen,0,1,0,219000
Abobo,24.0,1.0,13.0,3,Économique,0,1,1,30000
Bingerville,96.0,4.0,9.0,0,Moyen,0,0,0,238000
Adjamé,145.0,,9.0,9,Moyen,0,0,0,247000
Abobo,68.0,2.0,7.0,10,Économique,0,0,1,106000
Treichville,52.0,2.0,13.0,10,Moyen,0,1,0,155000
Treichville,50.0,2.0,37.0,5,Haut standing,1,1,0,209000
Adjamé,89.0,3.0,31.0,9,Moyen,0,1,0,166000
Riviera,117.0,4.0,31.0,11,Haut standing,1,1,1,645000
Adjamé,,8.0,2.0,5,Économique,0,1,0,374000
Abobo,23.0,2.0,19.0,11,Moyen,1,0,0,41000
Koumassi,174.0,6.0,12.0,2,Moyen,0,1,0,394000
Yopougon,99.0,5.0,22.0,5,Haut standing,0,0,0,179000
Cocody,141.0,6.0,18.0,9,Économique,1,1,1,951000
Abobo,126.0,4.0,15.0,8,Économique,1,0,0,143000
Riviera,91.0,5.0,35.0,5,Économique,1,0,1,416000
Plateau,90.0,3.0,34.0,0,Haut standing,1,1,1,694000
Adjamé,109.0,5.0,6.0,9,Économique,0,1,0,217000
Marcory,78.0,2.0,36.0,5,Haut standing,0,1,0,282000
Abobo,82.0,3.0,7.0,7,Économique,0,1,1,115000
Cocody,20.0,2.0,24.0,6,Économique,0,1,0,90000
Yopougon,120.0,4.0,22.0,7,Économique,1,0,1,211000
Koumassi,58.0,2.0,9.0,10,Moyen,0,0,1,142000
Treichville,148.0,7.0,29.0,11,Moyen,1,1,1,636000
Adjamé,142.0,7.0,32.0,7,Économique,0,1,1,266000
Port-Bouët,70.0,2.0,10.0,8,Haut standing,0,0,0,189000
Riviera,120.0,5.0,34.0,2,Économique,0,0,0,429000
Marcory,113.0,4.0,26.0,6,Moyen,0,1,0,393000
Yopougon,66.0,4.0,2.0,5,Moyen,1,1,0,144000
Plateau,125.0,4.0,7.0,1,Économique,1,0,0,738000
Riviera,180.0,6.0,12.0,4,Économique,0,0,0,688000
Riviera,150.0,6.0,2.0,2,Économique,1,1,0,750000
Abobo,39.0,2.0,19.0,10,Économique,0,0,0,51000
Port-Bouët,115.0,6.0,34.0,4,Haut standing,1,0,0,261000
Abobo,139.0,6.0,12.0,10,Haut standing,0,1,0,239000
Abobo,64.0,2.0,19.0,8,Moyen,0,0,0,75000
Cocody,148.0,7.0,23.0,7,Moyen,0,0,1,657000
Koumassi,60.0,2.0,8.0,8,Économique,0,0,0,119000
Cocody,78.0,2.0,29.0,8,Économique,0,0,1,278000
Port-Bouët,61.0,1.0,24.0,10,Moyen,0,1,1,134000
Koumassi,56.0,3.0,15.0,7,Moyen,0,1,1,181000
Adjamé,109.0,5.0,7.0,7,Moyen,0,0,0,234000
Cocody,42.0,2.0,27.0,10,Moyen,1,0,1,266000
Treichville,80.0,3.0,11.0,10,Économique,1,0,0,238000
Marcory,,4.0,23.0,5,Économique,1,0,1,373000
Yopougon,62.0,2.0,28.0,5,Moyen,0,1,0,100000
Cocody,160.0,7.0,14.0,5,Moyen,0,0,1,776000
Riviera,84.0,2.0,17.0,9,Moyen,0,0,1,439000
Abobo,195.0,7.0,6.0,5,Économique,0,1,0,220000
Treichville,39.0,,,10,Économique,0,0,1,127000
Yopougon,111.0,5.0,18.0,11,Économique,0,0,0,155000
Yopougon,100.0,4.0,4.0,8,Moyen,0,1,0,175000
Abobo,74.0,3.0,25.0,9,Moyen,0,1,0,98000
Abobo,92.0,5.0,1.0,0,Économique,0,1,0,102000
Riviera,119.0,4.0,32.0,9,Moyen,1,1,0,506000
Yopougon,130.0,4.0,36.0,5,Moyen,1,1,0,216000
Riviera,85.0,3.0,24.0,7,Économique,0,1,0,373000
Bingerville,111.0,5.0,24.0,0,Économique,0,0,1,264000
Marcory,58.0,1.0,38.0,10,Économique,1,1,0,198000
Riviera,131.0,4.0,29.0,10,Économique,1,0,0,497000
Cocody,176.0,8.0,3.0,5,Moyen,1,1,0,1295000
Port-Bouët,136.0,6.0,18.0,8,Économique,0,0,0,251000
Yopougon,61.0,1.0,26.0,5,Économique,0,0,1,92000
Bingerville,53.0,2.0,38.0,1,Économique,0,0,0,115000
Bingerville,253.0,10.0,,0,Économique,1,0,0,673000
Port-Bouët,170.0,6.0,36.0,3,Haut standing,1,0,1,543000
Port-Bouët,130.0,5.0,24.0,5,Économique,0,1,0,223000
Treichville,181.0,7.0,28.0,9,Moyen,0,0,0,436000
Cocody,90.0,5.0,30.0,9,Économique,0,1,1,443000
Yopougon,129.0,6.0,34.0,8,Moyen,1,1,0,224000
Plateau,160.0,7.0,27.0,4,Haut standing,1,1,1,1564000
Adjamé,78.0,3.0,37.0,6,Économique,0,0,0,103000
Treichville,115.0,6.0,3.0,5,Moyen,0,1,0,422000
Riviera,151.0,7.0,27.0,5,Économique,0,1,0,396000
Abobo,51.0,1.0,30.0,8,Économique,1,1,0,63000
Port-Bouët,74.0,4.0,22.0,4,Économique,1,0,1,161000
Cocody,149.0,5.0,13.0,1,Économique,0,0,0,583000
Bingerville,101.0,4.0,27.0,7,Économique,0,0,1,224000
Riviera,95.0,5.0,13.0,10,Économique,0,0,0,408000
Yopougon,89.0,3.0,0.0,2,Économique,0,0,0,135000
Abobo,157.0,5.0,31.0,8,Moyen,0,1,1,187000
Koumassi,54.0,1.0,17.0,4,Économique,0,1,0,106000
Plateau,72.0,3.0,4.0,0,Économique,1,0,0,424000
Yopougon,41.0,3.0,14.0,3,Moyen,1,1,0,96000
Yopougon,77.0,3.0,15.0,8,Économique,0,0,0,122000
Plateau,99.0,3.0,35.0,0,Économique,0,0,0,382000
Yopougon,29.0,1.0,35.0,7,Économique,0,1,1,38000
Cocody,59.0,2.0,39.0,7,Moyen,1,1,1,300000
Cocody,101.0,3.0,29.0,8,Économique,1,1,1,608000
Cocody,114.0,6.0,37.0,8,Haut standing,0,0,1,573000
Riviera,201.0,9.0,22.0,5,Économique,0,0,1,800000
Abobo,122.0,5.0,10.0,4,Économique,0,1,0,149000
Riviera,83.0,4.0,24.0,11,Économique,0,1,0,313000
Yopougon,97.0,3.0,1.0,11,Haut standing,0,0,1,239000
Treichville,99.0,5.0,34.0,6,Moyen,0,1,0,286000
Yopougon,72.0,3.0,23.0,8,Économique,0,0,0,74000
Yopougon,103.0,3.0,12.0,4,Économique,0,0,0,129000
Cocody,70.0,2.0,36.0,11,Moyen,1,1,1,397000
Abobo,106.0,3.0,29.0,2,Économique,0,1,1,132000
Marcory,89.0,4.0,10.0,8,Moyen,1,1,1,389000
Abobo,81.0,3.0,22.0,9,Moyen,0,1,0,118000
Adjamé,83.0,4.0,27.0,0,Économique,0,1,0,128000
Plateau,132.0,5.0,28.0,0,Économique,0,0,0,515000
Cocody,126.0,4.0,14.0,9,Moyen,0,1,1,816000
Koumassi,79.0,3.0,2.0,10,Moyen,0,1,1,228000
Yopougon,130.0,,8.0,11,Moyen,0,0,1,253000
Cocody,88.0,5.0,7.0,3,Économique,0,0,0,420000
Riviera,89.0,3.0,32.0,1,Moyen,1,1,0,417000
Cocody,72.0,4.0,33.0,6,Économique,0,0,0,232000
Adjamé,191.0,9.0,8.0,1,Économique,0,0,0,354000
Riviera,181.0,8.0,16.0,6,Moyen,1,0,0,1059000
Marcory,64.0,2.0,0.0,7,Moyen,1,0,0,237000
Plateau,77.0,4.0,39.0,11,Économique,0,0,1,373000
Cocody,110.0,3.0,4.0,10,Moyen,0,1,1,743000
Treichville,120.0,6.0,29.0,7,Moyen,0,1,1,368000
Cocody,,3.0,10.0,2,Économique,0,1,0,208000
Adjamé,57.0,1.0,27.0,8,Haut standing,0,1,0,113000
Cocody,20.0,1.0,37.0,9,Moyen,0,0,0,58000
Yopougon,120.0,6.0,16.0,9,Moyen,1,1,0,259000
Riviera,39.0,2.0,22.0,9,Moyen,0,1,1,183000
Port-Bouët,64.0,4.0,17.0,5,Moyen,0,0,0,135000
Abobo,139.0,6.0,36.0,3,Moyen,0,0,0,161000
Treichville,136.0,5.0,26.0,7,Économique,0,0,0,265000
Abobo,186.0,7.0,24.0,3,Économique,0,0,1,210000
Abobo,216.0,9.0,4.0,3,Haut standing,0,1,1,433000
Yopougon,304.0,10.0,18.0,10,Moyen,0,0,1,432000
Cocody,76.0,2.0,26.0,7,Économique,1,1,0,416000
Bingerville,67.0,3.0,12.0,3,Économique,0,0,0,195000
Yopougon,112.0,3.0,6.0,0,Moyen,0,1,1,175000
Marcory,42.0,3.0,25.0,5,Économique,1,0,0,152000
Yopougon,81.0,2.0,13.0,11,Économique,1,1,0,143000
Yopougon,99.0,4.0,26.0,7,Économique,0,1,0,145000
Port-Bouët,,4.0,7.0,2,Moyen,1,0,0,238000
Koumassi,123.0,5.0,30.0,1,Économique,0,0,0,182000
Koumassi,79.0,2.0,34.0,5,Moyen,0,0,1,150000
Cocody,46.0,3.0,26.0,0,Moyen,0,1,0,187000
Yopougon,51.0,2.0,3.0,10,Moyen,0,0,1,107000
Yopougon,27.0,1.0,3.0,4,Économique,0,1,1,47000
Cocody,68.0,2.0,17.0,5,Économique,0,0,0,269000
Marcory,41.0,1.0,22.0,7,Économique,1,0,0,151000
Koumassi,70.0,2.0,31.0,6,Moyen,0,1,0,176000
Cocody,112.0,3.0,11.0,5,Moyen,0,0,1,571000
Abobo,46.0,1.0,19.0,1,Économique,0,1,0,48000
Marcory,96.0,4.0,11.0,11,Moyen,1,0,1,586000
Cocody,79.0,4.0,7.0,7,Moyen,1,1,1,697000
Marcory,109.0,3.0,21.0,7,Économique,0,0,1,386000
Riviera,,5.0,26.0,10,Économique,1,1,1,654000
Port-Bouët,76.0,4.0,16.0,4,Moyen,1,0,0,208000
Riviera,92.0,5.0,31.0,2,Moyen,1,0,0,439000
Yopougon,79.0,2.0,32.0,11,Haut standing,0,1,0,140000
Cocody,71.0,3.0,30.0,10,Économique,0,0,0,273000
Abobo,62.0,2.0,5.0,7,Haut standing,0,0,1,121000
Yopougon,116.0,5.0,38.0,4,Économique,1,0,1,171000
Port-Bouët,170.0,7.0,8.0,2,Économique,1,0,1,480000
Cocody,160.0,6.0,31.0,8,Moyen,1,1,0,913000
Yopougon,44.0,3.0,35.0,8,Économique,0,1,0,60000
Plateau,168.0,8.0,15.0,11,Moyen,0,0,0,1023000
Treichville,55.0,3.0,11.0,6,Économique,0,1,0,142000
Koumassi,99.0,4.0,2.0,7,Haut standing,0,1,0,275000
Yopougon,108.0,5.0,26.0,4,Moyen,0,0,1,195000
Yopougon,37.0,2.0,26.0,4,Haut standing,0,0,1,81000
Yopougon,84.0,2.0,8.0,4,Économique,1,0,1,131000
Yopougon,173.0,8.0,16.0,1,Moyen,0,1,0,260000
Koumassi,21.0,1.0,4.0,2,Économique,1,0,0,54000
Bingerville,263.0,10.0,25.0,7,Moyen,1,0,1,896000
Riviera,26.0,1.0,20.0,5,Moyen,0,0,0,97000
Koumassi,106.0,4.0,0.0,8,Économique,0,1,1,217000
Treichville,38.0,2.0,0.0,6,Économique,1,0,0,117000
Adjamé,115.0,6.0,34.0,5,Moyen,1,1,1,282000
Yopougon,156.0,5.0,8.0,10,Moyen,0,1,1,298000
Marcory,136.0,5.0,22.0,3,Économique,0,1,0,328000
Port-Bouët,39.0,2.0,37.0,6,Moyen,0,0,1,66000
Cocody,147.0,5.0,3.0,3,Moyen,0,0,0,780000
Riviera,79.0,2.0,18.0,6,Moyen,0,0,0,388000
Yopougon,40.0,1.0,36.0,4,Économique,1,1,1,62000
Abobo,173.0,6.0,4.0,1,Moyen,0,1,1,297000
Adjamé,233.0,8.0,27.0,6,Moyen,0,1,1,483000
Bingerville,96.0,5.0,22.0,7,Moyen,1,0,0,322000
Abobo,75.0,2.0,37.0,9,Haut standing,0,1,0,110000
Abobo,59.0,3.0,22.0,10,Économique,1,1,1,107000
Cocody,132.0,4.0,17.0,1,Économique,0,1,0,494000
Abobo,150.0,5.0,28.0,5,Économique,0,1,1,166000
Plateau,75.0,3.0,27.0,3,Économique,0,1,0,305000
Koumassi,191.0,8.0,8.0,4,Économique,0,1,1,382000
Abobo,126.0,5.0,38.0,0,Moyen,1,1,1,193000
Adjamé,96.0,4.0,9.0,5,Moyen,1,1,1,332000
Cocody,108.0,4.0,1.0,11,Économique,1,0,1,690000
Cocody,52.0,2.0,12.0,11,Économique,0,1,0,236000
Koumassi,131.0,4.0,37.0,10,Économique,1,1,0,278000
Cocody,54.0,1.0,26.0,7,Haut standing,0,1,0,335000
Cocody,70.0,3.0,19.0,1,Haut standing,0,1,0,369000
Cocody,88.0,4.0,39.0,0,Économique,0,1,0,306000
Riviera,215.0,9.0,9.0,8,Moyen,0,1,1,1561000
Koumassi,104.0,3.0,15.0,1,Économique,0,0,0,212000
Yopougon,57.0,2.0,14.0,7,Économique,0,1,1,85000
Treichville,108.0,4.0,12.0,4,Économique,0,0,1,229000
Treichville,122.0,4.0,37.0,1,Moyen,0,1,0,268000
Koumassi,163.0,6.0,19.0,4,Économique,0,1,0,328000
Adjamé,91.0,5.0,23.0,8,Économique,1,0,0,201000
Plateau,62.0,2.0,6.0,5,Économique,0,1,1,383000
Plateau,243.0,9.0,22.0,2,Économique,0,0,0,1018000
Cocody,108.0,5.0,23.0,11,Moyen,1,1,1,708000
Adjamé,57.0,1.0,28.0,7,Économique,0,0,0,74000
Koumassi,90.0,5.0,4.0,0,Haut standing,0,0,0,286000
Marcory,70.0,4.0,34.0,8,Économique,1,1,0,221000
Cocody,167.0,7.0,0.0,8,Économique,0,1,0,712000
Cocody,122.0,5.0,35.0,3,Économique,1,1,1,594000
Riviera,77.0,4.0,17.0,7,Économique,0,0,1,356000
Treichville,150.0,6.0,5.0,10,Économique,0,0,1,536000
Koumassi,86.0,2.0,22.0,10,Économique,0,1,0,157000
Abobo,89.0,3.0,9.0,2,Haut standing,0,0,1,127000
Yopougon,61.0,3.0,6.0,5,Moyen,0,0,0,124000
Marcory,61.0,3.0,7.0,9,Haut standing,0,1,0,310000
Cocody,235.0,8.0,12.0,9,Économique,0,1,0,1027000
Abobo,147.0,5.0,29.0,7,Moyen,1,0,0,165000
Koumassi,29.0,2.0,17.0,10,Économique,1,1,0,79000
Abobo,53.0,1.0,13.0,8,Moyen,1,1,0,88000
Abobo,47.0,1.0,10.0,7,Haut standing,0,0,1,83000
Cocody,95.0,5.0,37.0,8,Moyen,0,1,1,524000
Riviera,73.0,3.0,12.0,3,Économique,0,1,0,349000
Port-Bouët,184.0,6.0,32.0,9,Économique,0,0,1,302000
Treichville,77.0,3.0,12.0,0,Économique,1,1,1,263000
Riviera,223.0,9.0,24.0,6,Économique,0,1,1,997000
Abobo,88.0,3.0,23.0,10,Économique,1,0,1,146000
Abobo,247.0,10.0,28.0,11,Économique,1,0,0,275000
Koumassi,82.0,4.0,35.0,9,Économique,1,0,0,139000
Port-Bouët,83.0,2.0,5.0,3,Économique,0,0,0,125000
Adjamé,145.0,5.0,17.0,0,Économique,1,0,1,303000
Cocody,135.0,5.0,27.0,2,Moyen,1,1,1,770000
Treichville,43.0,1.0,4.0,6,Économique,1,0,0,111000
Riviera,96.0,3.0,17.0,10,Économique,0,0,1,394000
Marcory,73.0,3.0,36.0,2,Moyen,0,0,0,247000
Yopougon,70.0,3.0,6.0,0,Moyen,0,1,1,145000
Yopougon,96.0,3.0,8.0,6,Économique,1,1,0,209000
Yopougon,79.0,2.0,34.0,7,Haut standing,1,0,1,136000
Abobo,101.0,5.0,11.0,4,Économique,0,1,0,135000
Riviera,52.0,3.0,39.0,5,Économique,1,1,0,227000
Marcory,37.0,1.0,38.0,2,Économique,1,1,1,127000
Cocody,148.0,,23.0,4,Économique,0,0,0,523000
Marcory,159.0,7.0,8.0,2,Moyen,0,0,1,709000
Bingerville,144.0,6.0,11.0,1,Économique,0,1,0,430000
Abobo,93.0,3.0,35.0,6,Économique,1,0,1,110000
Marcory,75.0,4.0,36.0,9,Haut standing,0,1,1,309000
Port-Bouët,65.0,4.0,8.0,10,Économique,1,1,0,145000
Bingerville,59.0,1.0,38.0,6,Moyen,0,1,1,119000
Port-Bouët,88.0,3.0,21.0,11,Économique,0,0,0,138000
Riviera,158.0,7.0,16.0,7,Économique,0,1,1,746000
Marcory,62.0,1.0,32.0,11,Économique,0,1,0,151000
Koumassi,158.0,,23.0,0,Moyen,0,0,0,304000
Yopougon,38.0,1.0,14.0,1,Moyen,0,0,1,69000
Port-Bouët,103.0,5.0,,1,Économique,0,0,0,136000
Koumassi,114.0,6.0,31.0,11,Économique,0,0,0,217000
Koumassi,69.0,2.0,32.0,2,Haut standing,0,0,0,141000
Adjamé,50.0,3.0,28.0,6,Haut standing,0,1,1,103000
Plateau,138.0,6.0,14.0,6,Moyen,0,1,0,916000
Abobo,94.0,3.0,26.0,6,Moyen,0,1,0,100000
Riviera,285.0,10.0,33.0,0,Moyen,1,0,0,1479000
Riviera,159.0,7.0,3.0,1,Économique,0,0,0,775000
Cocody,159.0,6.0,17.0,7,Moyen,0,1,1,872000
Plateau,20.0,1.0,20.0,8,Moyen,1,1,1,150000
Cocody,63.0,4.0,7.0,9,Moyen,1,1,1,428000
Koumassi,47.0,1.0,5.0,6,Économique,0,0,0,111000
Port-Bouët,26.0,1.0,19.0,0,Moyen,0,1,0,47000
Marcory,90.0,5.0,1.0,11,Moyen,1,0,1,518000
Yopougon,137.0,4.0,21.0,3,Moyen,1,0,1,228000
Port-Bouët,53.0,3.0,20.0,9,Moyen,0,1,1,139000
Koumassi,27.0,2.0,5.0,7,Haut standing,0,1,0,88000
Abobo,55.0,2.0,31.0,4,Haut standing,0,0,1,73000
Abobo,84.0,3.0,5.0,0,Économique,0,1,0,108000
Yopougon,81.0,2.0,12.0,6,Économique,1,1,1,184000
Treichville,92.0,5.0,0.0,5,Moyen,0,1,1,354000
Abobo,113.0,6.0,21.0,8,Haut standing,0,0,1,149000
Adjamé,91.0,5.0,23.0,3,Économique,1,0,0,184000
Bingerville,141.0,5.0,29.0,3,Moyen,0,1,0,309000
Abobo,53.0,2.0,21.0,7,Économique,0,1,0,51000
Koumassi,79.0,3.0,11.0,3,Économique,0,0,0,121000
Plateau,123.0,6.0,25.0,2,Moyen,0,0,0,660000
Yopougon,106.0,3.0,3.0,6,Moyen,1,0,1,193000
Cocody,210.0,9.0,18.0,4,Moyen,0,0,0,1115000
Marcory,55.0,2.0,15.0,8,Haut standing,0,1,0,275000
Koumassi,124.0,6.0,11.0,4,Économique,0,0,0,222000
Riviera,65.0,4.0,32.0,8,Économique,1,1,1,354000
Cocody,61.0,3.0,20.0,5,Haut standing,0,0,1,437000
Yopougon,154.0,6.0,35.0,5,Moyen,0,0,1,204000
Port-Bouët,,3.0,8.0,10,Économique,1,1,0,254000
Marcory,105.0,5.0,38.0,5,Moyen,1,1,1,427000
Abobo,67.0,3.0,7.0,6,Haut standing,1,1,0,136000
Koumassi,70.0,4.0,19.0,11,Moyen,0,1,1,210000
Abobo,36.0,1.0,9.0,10,Moyen,0,0,1,50000
Plateau,101.0,5.0,31.0,3,Économique,0,1,1,568000
Yopougon,50.0,1.0,27.0,3,Économique,1,0,0,59000
Koumassi,85.0,3.0,9.0,8,Haut standing,1,1,0,351000
Abobo,140.0,5.0,7.0,11,Moyen,1,1,1,287000
Cocody,30.0,1.0,32.0,6,Économique,1,0,1,151000
Koumassi,323.0,10.0,12.0,10,Moyen,0,1,0,649000
Cocody,60.0,1.0,34.0,9,Moyen,1,1,0,311000
Koumassi,86.0,2.0,28.0,5,Économique,1,0,0,109000
Marcory,105.0,4.0,4.0,0,Moyen,1,0,0,456000
Riviera,59.0,1.0,2.0,6,Économique,1,1,1,289000
Yopougon,71.0,2.0,36.0,5,Économique,0,1,1,99000
Treichville,156.0,7.0,5.0,11,Moyen,0,1,0,501000
Plateau,133.0,4.0,15.0,3,Économique,0,0,1,579000
Treichville,80.0,2.0,34.0,7,Économique,0,0,0,126000
Bingerville,92.0,3.0,17.0,6,Haut standing,0,0,0,326000
Riviera,99.0,4.0,10.0,7,Moyen,1,1,0,549000
Yopougon,121.0,4.0,22.0,8,Moyen,1,0,0,212000
Yopougon,125.0,5.0,10.0,0,Économique,1,1,1,236000
Koumassi,124.0,5.0,28.0,2,Économique,0,0,0,173000
Bingerville,73.0,2.0,26.0,1,Moyen,0,1,0,185000
Abobo,97.0,3.0,8.0,2,Économique,0,0,0,99000
Yopougon,148.0,5.0,34.0,10,Moyen,0,0,1,240000
Yopougon,243.0,9.0,8.0,10,Économique,0,1,1,488000
Adjamé,96.0,3.0,17.0,1,Moyen,1,1,1,199000
Cocody,68.0,2.0,20.0,10,Économique,0,1,0,301000
Abobo,58.0,1.0,35.0,5,Économique,0,0,0,47000
Yopougon,124.0,5.0,0.0,8,Haut standing,0,0,0,252000
Port-Bouët,35.0,2.0,26.0,1,Haut standing,1,1,0,101000
Cocody,125.0,5.0,39.0,3,Économique,1,1,0,546000
Abobo,126.0,4.0,37.0,4,Moyen,1,1,0,106000
Yopougon,69.0,4.0,28.0,4,Moyen,1,0,0,137000
Abobo,104.0,5.0,39.0,0,Économique,0,1,1,115000
Cocody,82.0,2.0,18.0,5,Économique,1,0,1,408000
Abobo,42.0,1.0,23.0,4,Économique,0,0,1,41000
Abobo,120.0,5.0,0.0,5,Moyen,0,0,0,186000
Abobo,115.0,6.0,35.0,3,Moyen,0,0,0,116000
Abobo,72.0,4.0,22.0,10,Haut standing,1,0,0,160000
Adjamé,241.0,9.0,12.0,5,Moyen,1,0,1,670000
Port-Bouët,92.0,3.0,29.0,8,Haut standing,0,0,0,197000
Marcory,29.0,2.0,36.0,0,Haut standing,0,1,0,94000
Port-Bouët,152.0,7.0,10.0,5,Moyen,1,1,0,461000
Yopougon,135.0,4.0,6.0,0,Économique,0,0,0,196000
Cocody,143.0,5.0,34.0,11,Économique,1,0,0,577000
Cocody,52.0,1.0,10.0,6,Moyen,0,0,1,287000
Treichville,102.0,4.0,39.0,3,Moyen,0,0,0,195000
Koumassi,91.0,4.0,20.0,5,Économique,0,0,0,129000
Adjamé,84.0,2.0,2.0,6,Moyen,0,0,0,135000
Koumassi,172.0,7.0,29.0,10,Haut standing,1,1,0,540000
Abobo,93.0,5.0,23.0,4,Moyen,1,1,0,178000
Yopougon,74.0,4.0,37.0,8,Moyen,0,1,0,97000
Plateau,73.0,2.0,2.0,7,Moyen,1,1,1,543000
Treichville,50.0,,36.0,2,Économique,1,0,0,119000
Yopougon,97.0,5.0,32.0,0,Économique,0,1,0,124000
Cocody,178.0,8.0,21.0,10,Moyen,0,1,0,983000
Marcory,77.0,4.0,30.0,9,Moyen,0,0,1,287000
Abobo,,5.0,11.0,7,Économique,0,1,1,152000
Koumassi,83.0,3.0,13.0,3,Haut standing,0,1,1,255000
Riviera,88.0,4.0,11.0,6,Économique,1,1,1,451000
Riviera,138.0,5.0,26.0,3,Moyen,0,0,0,503000
Abobo,49.0,3.0,12.0,6,Moyen,0,1,1,93000
Yopougon,38.0,2.0,23.0,0,Économique,0,1,0,54000
Abobo,152.0,6.0,37.0,0,Économique,0,0,0,132000
Koumassi,68.0,3.0,8.0,1,Haut standing,0,0,1,180000
Cocody,74.0,4.0,7.0,4,Économique,0,0,1,342000
Yopougon,267.0,10.0,36.0,10,Économique,0,0,0,264000
Port-Bouët,134.0,4.0,14.0,9,Moyen,0,1,1,245000
Yopougon,56.0,1.0,6.0,5,Économique,0,0,0,76000
Abobo,157.0,,23.0,1,Haut standing,0,1,0,232000
Abobo,136.0,4.0,15.0,0,Économique,0,1,0,147000
Plateau,20.0,1.0,23.0,8,Moyen,0,0,0,115000
Yopougon,99.0,5.0,6.0,6,Économique,0,0,1,160000
Treichville,51.0,1.0,27.0,7,Moyen,0,0,1,147000
Cocody,88.0,5.0,1.0,5,Moyen,0,0,0,541000
Cocody,243.0,10.0,33.0,8,Économique,0,0,1,1135000
Port-Bouët,,5.0,37.0,7,Haut standing,0,0,1,260000
Marcory,150.0,6.0,2.0,3,Économique,1,1,1,791000
Abobo,83.0,2.0,0.0,4,Moyen,0,1,0,110000
Treichville,151.0,7.0,30.0,1,Haut standing,0,1,1,457000
Riviera,61.0,1.0,22.0,0,Moyen,0,1,0,242000
Marcory,98.0,3.0,19.0,5,Moyen,1,1,1,392000
Yopougon,138.0,5.0,15.0,2,Économique,1,1,1,271000
Bingerville,135.0,6.0,31.0,10,Économique,0,0,0,355000
Port-Bouët,39.0,1.0,16.0,3,Économique,0,1,0,74000
Plateau,217.0,9.0,17.0,0,Haut standing,0,1,0,1430000
Port-Bouët,55.0,3.0,3.0,5,Haut standing,0,0,1,196000
Yopougon,291.0,10.0,34.0,7,Économique,0,0,0,328000
Yopougon,140.0,6.0,39.0,9,Économique,0,0,1,174000
Cocody,134.0,6.0,35.0,3,Économique,0,0,1,500000
Cocody,58.0,1.0,22.0,9,Économique,0,0,0,196000
Koumassi,70.0,4.0,14.0,7,Économique,0,0,1,137000
Yopougon,208.0,8.0,12.0,10,Moyen,1,1,0,430000
Yopougon,195.0,9.0,13.0,9,Haut standing,0,1,0,400000
Koumassi,84.0,3.0,13.0,2,Moyen,1,1,0,194000
Koumassi,81.0,4.0,36.0,10,Moyen,0,0,1,148000
Plateau,82.0,3.0,4.0,6,Moyen,0,0,1,592000
Abobo,158.0,7.0,21.0,2,Moyen,1,0,1,228000
Cocody,150.0,5.0,27.0,5,Moyen,0,1,0,721000
Koumassi,112.0,4.0,3.0,3,Économique,0,0,0,203000
Adjamé,99.0,4.0,37.0,5,Économique,0,1,1,160000
Riviera,84.0,4.0,28.0,6,Moyen,0,0,0,311000
Cocody,279.0,10.0,36.0,7,Haut standing,0,0,1,1420000
Cocody,42.0,3.0,34.0,5,Moyen,0,0,0,226000
Marcory,75.0,2.0,19.0,3,Haut standing,0,1,0,276000
Marcory,108.0,5.0,34.0,8,Économique,0,0,0,271000
Marcory,37.0,1.0,34.0,6,Moyen,0,0,1,97000
Riviera,68.0,4.0,19.0,8,Haut standing,0,0,0,441000
Marcory,242.0,9.0,1.0,2,Moyen,1,1,0,1299000
Marcory,145.0,7.0,17.0,4,Haut standing,0,0,0,550000
Koumassi,67.0,4.0,29.0,0,Moyen,0,1,0,134000
Yopougon,66.0,3.0,28.0,10,Économique,1,0,1,119000
Koumassi,42.0,3.0,38.0,11,Économique,0,0,0,70000
Cocody,72.0,2.0,21.0,7,Moyen,0,1,0,304000
Yopougon,122.0,6.0,28.0,0,Haut standing,0,0,0,186000
Cocody,111.0,5.0,9.0,0,Économique,0,1,0,439000
Cocody,74.0,3.0,19.0,6,Moyen,0,1,0,418000
Riviera,54.0,3.0,15.0,10,Moyen,0,1,0,307000
Cocody,83.0,3.0,5.0,7,Économique,0,0,1,498000
Abobo,82.0,3.0,16.0,2,Économique,0,0,0,76000
Yopougon,136.0,6.0,5.0,1,Économique,1,1,1,300000
Treichville,103.0,4.0,21.0,6,Économique,0,0,1,252000
Bingerville,96.0,4.0,17.0,9,Économique,1,1,1,380000
Cocody,165.0,8.0,31.0,4,Économique,1,1,0,864000
Adjamé,194.0,9.0,27.0,0,Économique,0,1,1,478000
Riviera,111.0,3.0,9.0,1,Moyen,0,0,1,707000
Abobo,112.0,3.0,21.0,2,Moyen,0,1,0,137000
Riviera,86.0,3.0,27.0,5,Moyen,0,0,1,439000
Cocody,57.0,2.0,14.0,0,Moyen,1,0,0,278000
Yopougon,142.0,7.0,28.0,7,Haut standing,0,0,0,261000
Marcory,128.0,4.0,6.0,1,Haut standing,0,0,1,518000
Koumassi,90.0,3.0,33.0,4,Haut standing,0,1,1,229000
Riviera,103.0,5.0,31.0,7,Économique,0,1,1,459000
Marcory,160.0,7.0,1.0,4,Haut standing,0,1,1,1155000
Adjamé,173.0,8.0,25.0,7,Moyen,0,1,0,310000
Marcory,20.0,2.0,10.0,5,Économique,0,0,0,76000
Abobo,65.0,2.0,24.0,6,Économique,0,1,1,73000
Yopougon,90.0,5.0,18.0,7,Moyen,0,0,0,142000
Riviera,50.0,3.0,19.0,2,Économique,0,1,0,200000
Abobo,105.0,,32.0,11,Économique,0,1,0,131000
Treichville,67.0,4.0,16.0,4,Moyen,0,0,0,142000
Cocody,,3.0,29.0,9,Moyen,0,1,0,494000
Plateau,68.0,2.0,17.0,6,Haut standing,0,0,0,477000
Marcory,69.0,4.0,31.0,8,Moyen,0,1,0,209000
Marcory,106.0,5.0,39.0,5,Moyen,0,1,0,336000
Bingerville,145.0,6.0,3.0,9,Économique,0,1,0,430000
Abobo,124.0,5.0,31.0,0,Moyen,0,0,0,159000
Abobo,90.0,3.0,,10,Économique,0,1,1,99000
Cocody,30.0,1.0,2.0,7,Haut standing,0,1,1,250000
Bingerville,,3.0,37.0,5,Économique,0,0,0,135000
Koumassi,64.0,2.0,27.0,0,Moyen,0,0,1,121000
Cocody,132.0,5.0,37.0,3,Économique,1,0,0,492000
Adjamé,99.0,5.0,5.0,5,Moyen,0,0,0,246000
Abobo,101.0,,39.0,9,Haut standing,0,0,0,136000
Cocody,59.0,3.0,16.0,0,Économique,0,0,1,218000
Yopougon,176.0,6.0,4.0,9,Moyen,0,1,0,343000
Yopougon,101.0,5.0,18.0,4,Moyen,0,1,0,181000
Plateau,57.0,1.0,34.0,2,Haut standing,0,1,1,371000
Riviera,59.0,3.0,21.0,6,Moyen,0,1,1,321000
Port-Bouët,109.0,3.0,23.0,7,Économique,1,0,0,166000
Adjamé,55.0,1.0,9.0,2,Économique,0,0,1,111000
Yopougon,65.0,3.0,1.0,9,Moyen,1,1,0,182000
Yopougon,48.0,2.0,27.0,2,Économique,1,1,1,88000
Adjamé,131.0,5.0,36.0,10,Économique,1,0,0,227000
Abobo,56.0,1.0,16.0,2,Économique,1,0,0,70000
Cocody,191.0,8.0,5.0,10,Moyen,0,0,1,1333000
Abobo,115.0,5.0,4.0,5,Haut standing,0,0,1,257000
Port-Bouët,48.0,2.0,38.0,5,Haut standing,0,0,1,110000
Yopougon,124.0,4.0,6.0,2,Moyen,0,1,0,230000
Cocody,,6.0,31.0,5,Moyen,0,1,1,831000
Koumassi,88.0,4.0,3.0,8,Économique,1,0,1,324000
Marcory,187.0,7.0,20.0,10,Moyen,0,0,0,470000
Marcory,117.0,4.0,31.0,7,Économique,0,1,1,319000
Plateau,67.0,2.0,17.0,10,Moyen,0,0,0,321000
Treichville,244.0,10.0,32.0,6,Haut standing,0,1,0,923000
Koumassi,41.0,2.0,13.0,6,Haut standing,0,0,0,108000
Abobo,77.0,3.0,5.0,7,Moyen,0,0,0,83000
Marcory,90.0,3.0,10.0,6,Moyen,1,0,0,340000
Bingerville,223.0,9.0,19.0,2,Haut standing,0,1,0,876000
Bingerville,133.0,4.0,28.0,7,Économique,0,0,1,320000
Bingerville,122.0,6.0,34.0,7,Moyen,0,0,0,320000
Marcory,61.0,2.0,15.0,0,Économique,1,0,1,228000
Yopougon,86.0,4.0,6.0,9,Haut standing,0,1,0,237000
Riviera,68.0,2.0,39.0,4,Économique,1,1,0,284000
Koumassi,120.0,6.0,35.0,4,Économique,1,0,0,207000
Cocody,163.0,7.0,30.0,0,Moyen,0,0,0,681000
Cocody,272.0,10.0,5.0,5,Économique,0,1,0,1514000
Yopougon,72.0,4.0,28.0,5,Économique,0,1,0,103000
Riviera,40.0,3.0,26.0,11,Moyen,0,1,0,183000
Abobo,78.0,2.0,1.0,3,Moyen,1,1,1,128000
Yopougon,152.0,6.0,,5,Économique,0,1,0,221000
Cocody,57.0,1.0,8.0,5,Moyen,1,0,0,318000
Adjamé,92.0,5.0,10.0,0,Moyen,0,1,0,197000
Port-Bouët,123.0,6.0,15.0,4,Moyen,0,1,0,288000
Yopougon,72.0,2.0,12.0,1,Moyen,0,0,0,100000
Koumassi,103.0,3.0,17.0,6,Économique,0,0,0,206000
Riviera,54.0,3.0,24.0,8,Économique,0,1,0,221000
Marcory,168.0,7.0,32.0,8,Économique,0,1,1,644000
Abobo,81.0,2.0,9.0,10,Économique,0,1,1,124000
Marcory,,5.0,29.0,8,Économique,1,0,0,337000
Port-Bouët,31.0,2.0,0.0,10,Économique,0,0,0,57000
Abobo,50.0,2.0,32.0,6,Moyen,0,0,1,65000
Abobo,149.0,7.0,14.0,6,Moyen,0,1,1,256000
Port-Bouët,72.0,2.0,28.0,0,Haut standing,1,1,1,186000
Yopougon,56.0,3.0,1.0,10,Économique,0,0,0,82000
Riviera,38.0,3.0,10.0,10,Économique,0,0,1,191000
Abobo,167.0,8.0,33.0,5,Moyen,1,0,1,258000
Plateau,130.0,6.0,18.0,4,Économique,1,0,1,810000
Adjamé,126.0,5.0,1.0,7,Moyen,0,0,1,304000
Port-Bouët,199.0,7.0,19.0,7,Moyen,1,0,1,567000
Treichville,77.0,4.0,30.0,10,Moyen,0,1,0,193000
Bingerville,41.0,1.0,3.0,3,Économique,1,1,1,195000
Riviera,95.0,4.0,28.0,0,Économique,0,0,1,275000
Marcory,218.0,8.0,,5,Économique,0,1,1,588000
Riviera,96.0,4.0,12.0,9,Économique,1,1,1,489000
Plateau,160.0,5.0,14.0,0,Économique,0,0,0,678000
Marcory,42.0,1.0,19.0,4,Moyen,0,1,0,149000
Plateau,61.0,3.0,33.0,4,Économique,0,0,0,290000
Bingerville,145.0,5.0,27.0,2,Moyen,0,0,1,404000
Adjamé,101.0,5.0,19.0,4,Économique,0,0,0,185000
Plateau,87.0,4.0,24.0,5,Économique,0,1,0,356000
Yopougon,,5.0,26.0,4,Économique,1,1,0,198000
Abobo,144.0,7.0,29.0,0,Économique,0,0,0,163000
Cocody,102.0,3.0,19.0,11,Économique,1,1,0,590000
Bingerville,20.0,2.0,0.0,11,Économique,0,0,1,75000
Port-Bouët,93.0,5.0,34.0,6,Économique,0,1,0,140000
Yopougon,115.0,5.0,23.0,2,Économique,0,1,1,225000
Riviera,31.0,1.0,24.0,6,Moyen,1,1,1,199000
Yopougon,113.0,4.0,39.0,4,Moyen,0,1,0,135000
Riviera,163.0,8.0,11.0,11,Économique,0,1,0,809000
Adjamé,92.0,4.0,10.0,2,Économique,0,1,1,155000
Abobo,52.0,2.0,29.0,10,Moyen,1,1,0,79000
Plateau,21.0,1.0,12.0,5,Moyen,0,0,0,109000
Bingerville,114.0,6.0,24.0,0,Haut standing,0,0,1,548000
Yopougon,34.0,1.0,24.0,5,Économique,1,0,1,61000
Plateau,125.0,6.0,16.0,3,Économique,0,0,0,411000
Cocody,,10.0,11.0,3,Moyen,1,0,1,1792000
Abobo,62.0,2.0,10.0,4,Moyen,1,0,0,101000
Abobo,82.0,4.0,9.0,8,Économique,0,0,0,121000
Koumassi,219.0,10.0,16.0,0,Moyen,0,1,0,521000
Bingerville,98.0,4.0,15.0,2,Économique,0,1,0,272000
Cocody,72.0,3.0,19.0,10,Économique,1,0,0,328000
Koumassi,152.0,7.0,4.0,3,Moyen,0,0,0,393000
Plateau,74.0,3.0,31.0,1,Économique,1,0,0,382000
Bingerville,60.0,1.0,26.0,8,Moyen,0,1,1,144000
Port-Bouët,124.0,4.0,3.0,10,Moyen,0,0,1,275000
Abobo,158.0,5.0,6.0,6,Moyen,0,1,0,189000
Koumassi,20.0,,13.0,0,Économique,0,1,0,47000
Treichville,,1.0,38.0,8,Économique,0,1,0,128000
Yopougon,103.0,4.0,23.0,5,Économique,0,0,1,138000
Port-Bouët,84.0,3.0,17.0,1,Moyen,0,0,1,195000
Yopougon,91.0,,37.0,0,Moyen,0,1,0,97000
Yopougon,52.0,1.0,38.0,5,Économique,0,0,0,56000
Yopougon,129.0,4.0,39.0,6,Moyen,0,1,1,202000
Port-Bouët,190.0,8.0,0.0,9,Moyen,0,0,0,432000
Treichville,59.0,2.0,16.0,5,Économique,0,0,1,146000
Plateau,129.0,6.0,25.0,6,Moyen,1,1,1,991000
Koumassi,150.0,7.0,21.0,5,Économique,0,1,1,372000
Port-Bouët,102.0,5.0,38.0,7,Moyen,1,1,0,184000
Cocody,126.0,6.0,17.0,1,Moyen,0,1,1,694000
Marcory,,3.0,37.0,8,Économique,1,1,0,181000
Plateau,185.0,7.0,27.0,8,Moyen,0,1,1,1118000
Treichville,158.0,6.0,20.0,10,Moyen,0,1,1,473000
Yopougon,167.0,7.0,37.0,8,Économique,0,1,0,229000
Koumassi,,1.0,32.0,6,Moyen,0,1,0,74000
Adjamé,118.0,6.0,29.0,8,Économique,0,0,0,177000
Abobo,65.0,3.0,7.0,0,Moyen,0,0,0,107000
Yopougon,193.0,8.0,29.0,2,Haut standing,0,0,1,345000
Port-Bouët,60.0,3.0,38.0,1,Moyen,0,0,1,118000
Yopougon,104.0,4.0,8.0,10,Économique,1,0,0,167000
Riviera,26.0,1.0,32.0,0,Économique,0,0,0,67000
Abobo,104.0,4.0,28.0,4,Économique,0,0,0,117000
Cocody,48.0,3.0,30.0,0,Moyen,0,0,0,218000
Adjamé,121.0,4.0,2.0,2,Moyen,0,1,1,272000
Treichville,85.0,2.0,37.0,5,Économique,0,0,0,175000
Adjamé,76.0,4.0,10.0,5,Haut standing,0,1,1,213000
Cocody,195.0,9.0,4.0,2,Économique,0,0,1,906000
Plateau,252.0,9.0,30.0,3,Moyen,0,1,1,1277000
Bingerville,40.0,2.0,19.0,6,Moyen,0,1,0,123000
Marcory,77.0,4.0,3.0,5,Moyen,1,0,1,345000
Port-Bouët,139.0,5.0,7.0,10,Moyen,1,1,1,431000
Marcory,111.0,5.0,34.0,1,Économique,0,1,1,329000
Abobo,,5.0,12.0,8,Haut standing,0,0,0,239000
Adjamé,88.0,4.0,4.0,5,Moyen,0,0,0,250000
Abobo,162.0,5.0,39.0,1,Moyen,0,1,1,196000
Treichville,102.0,4.0,18.0,6,Moyen,0,1,0,250000
Marcory,115.0,5.0,17.0,10,Économique,0,0,0,473000
Cocody,48.0,2.0,32.0,10,Moyen,0,1,0,222000
Treichville,97.0,5.0,3.0,9,Moyen,1,1,0,422000
Adjamé,,5.0,17.0,9,Moyen,1,1,0,315000
Riviera,108.0,3.0,23.0,3,Moyen,1,1,0,530000
Bingerville,228.0,8.0,28.0,0,Haut standing,0,1,0,705000
Koumassi,99.0,4.0,30.0,9,Économique,1,0,0,213000
Koumassi,118.0,6.0,27.0,8,Moyen,0,1,1,322000
Adjamé,102.0,3.0,8.0,10,Économique,0,1,0,184000
Marcory,90.0,5.0,25.0,9,Moyen,1,0,1,466000
Riviera,142.0,5.0,1.0,7,Économique,1,0,0,686000
Adjamé,87.0,3.0,5.0,4,Économique,1,0,1,228000
Abobo,46.0,1.0,28.0,2,Économique,0,0,0,39000
Cocody,191.0,7.0,25.0,3,Économique,0,0,0,592000
Yopougon,66.0,3.0,27.0,2,Économique,0,1,1,92000
Yopougon,38.0,2.0,6.0,9,Moyen,1,1,0,88000
Bingerville,126.0,4.0,33.0,7,Économique,0,0,0,232000
Abobo,203.0,9.0,9.0,4,Moyen,0,1,0,291000
Yopougon,127.0,5.0,39.0,10,Économique,0,1,0,145000
Riviera,177.0,6.0,21.0,7,Économique,0,0,1,689000
Cocody,56.0,2.0,26.0,0,Économique,1,0,1,277000
Yopougon,46.0,3.0,38.0,8,Économique,0,0,0,54000
Cocody,77.0,2.0,21.0,10,Économique,0,1,0,288000
Koumassi,,5.0,18.0,9,Haut standing,1,0,0,439000
Riviera,122.0,6.0,35.0,2,Économique,0,0,0,445000
Marcory,126.0,6.0,8.0,0,Moyen,1,0,0,502000
Bingerville,99.0,,18.0,2,Économique,1,1,1,291000
Treichville,78.0,4.0,1.0,1,Haut standing,0,1,0,252000
Riviera,101.0,5.0,,6,Économique,0,0,1,373000
Koumassi,85.0,2.0,38.0,9,Haut standing,0,1,0,199000
Port-Bouët,75.0,3.0,21.0,3,Économique,0,0,1,123000
Cocody,113.0,6.0,5.0,6,Économique,0,1,1,657000
Riviera,81.0,3.0,6.0,2,Moyen,0,0,0,353000
Koumassi,106.0,4.0,5.0,5,Moyen,0,0,1,249000
Treichville,28.0,1.0,32.0,6,Économique,0,1,0,69000
Port-Bouët,102.0,5.0,13.0,6,Économique,0,1,0,204000
Marcory,81.0,2.0,0.0,4,Moyen,0,0,0,247000
Bingerville,182.0,6.0,24.0,5,Économique,0,0,0,331000
Cocody,37.0,1.0,5.0,2,Moyen,0,0,0,160000
Adjamé,98.0,3.0,27.0,11,Moyen,0,1,0,156000
Abobo,141.0,5.0,17.0,3,Moyen,1,0,0,222000
Cocody,,2.0,26.0,10,Économique,0,1,0,333000
Marcory,79.0,3.0,1.0,5,Moyen,1,1,1,432000
Cocody,141.0,6.0,39.0,2,Économique,0,0,1,484000
Yopougon,120.0,5.0,20.0,6,Économique,0,1,0,171000
Treichville,125.0,6.0,22.0,2,Moyen,1,0,1,466000
Abobo,75.0,4.0,1.0,8,Haut standing,0,1,1,189000
Treichville,70.0,4.0,15.0,3,Économique,0,1,0,221000
Treichville,106.0,3.0,3.0,1,Économique,0,0,0,219000
Koumassi,146.0,6.0,33.0,5,Moyen,0,0,1,274000
Cocody,43.0,3.0,4.0,8,Économique,0,1,1,262000
Riviera,89.0,4.0,33.0,9,Moyen,0,0,1,461000
Bingerville,72.0,2.0,21.0,9,Haut standing,0,1,0,242000
Adjamé,94.0,4.0,19.0,1,Haut standing,1,0,1,302000
Abobo,,4.0,38.0,3,Économique,1,0,0,119000
Bingerville,59.0,3.0,12.0,4,Moyen,0,1,1,245000
Plateau,127.0,4.0,33.0,8,Haut standing,1,1,1,964000
Cocody,76.0,2.0,5.0,6,Économique,0,0,0,289000
Marcory,158.0,6.0,28.0,4,Moyen,0,1,1,541000
Port-Bouët,61.0,1.0,32.0,5,Économique,1,0,1,119000
Cocody,145.0,7.0,0.0,8,Économique,0,0,0,489000
Abobo,45.0,3.0,6.0,3,Haut standing,0,0,0,87000
Riviera,103.0,3.0,21.0,1,Moyen,0,1,1,386000
Bingerville,128.0,5.0,31.0,4,Économique,0,0,1,298000
Abobo,,3.0,13.0,6,Moyen,0,1,1,98000
Cocody,23.0,2.0,23.0,11,Moyen,1,1,0,99000
Port-Bouët,73.0,2.0,18.0,3,Haut standing,0,0,0,151000
Abobo,95.0,3.0,26.0,11,Économique,0,1,0,109000
Cocody,79.0,4.0,22.0,0,Économique,0,1,1,444000
Cocody,69.0,2.0,20.0,7,Économique,1,0,1,389000
Riviera,142.0,5.0,28.0,4,Moyen,0,1,1,704000
Adjamé,166.0,8.0,0.0,9,Économique,0,0,1,284000
Port-Bouët,161.0,6.0,30.0,1,Économique,1,1,0,287000
Bingerville,118.0,5.0,26.0,2,Haut standing,0,1,0,499000
Abobo,126.0,6.0,35.0,11,Haut standing,0,1,1,236000
Abobo,56.0,1.0,26.0,9,Moyen,0,1,1,70000
Yopougon,90.0,5.0,,11,Haut standing,0,0,0,202000
Treichville,99.0,5.0,24.0,9,Haut standing,0,0,0,359000
Yopougon,108.0,3.0,14.0,4,Moyen,0,0,0,179000
Koumassi,107.0,4.0,39.0,10,Moyen,0,1,0,195000
Abobo,95.0,4.0,18.0,3,Haut standing,1,1,0,179000
Bingerville,117.0,4.0,10.0,8,Moyen,0,0,0,381000
Yopougon,105.0,5.0,32.0,8,Économique,0,0,1,162000
Abobo,105.0,3.0,22.0,7,Économique,1,1,0,129000
Abobo,64.0,4.0,11.0,1,Économique,0,0,1,65000
Abobo,49.0,1.0,1.0,4,Haut standing,0,0,0,80000
Adjamé,109.0,3.0,20.0,7,Moyen,0,0,0,160000
Marcory,75.0,,13.0,7,Haut standing,0,1,0,429000
Abobo,66.0,3.0,33.0,6,Moyen,0,0,0,64000
Cocody,130.0,4.0,14.0,3,Économique,0,0,0,496000
Yopougon,91.0,3.0,20.0,2,Moyen,1,1,0,154000
Yopougon,178.0,7.0,22.0,7,Économique,0,1,0,237000
Adjamé,123.0,6.0,20.0,7,Économique,0,0,0,231000
Riviera,62.0,2.0,13.0,9,Moyen,0,1,0,347000
Abobo,131.0,6.0,20.0,4,Moyen,1,1,0,229000
Koumassi,114.0,5.0,11.0,2,Moyen,0,1,1,331000
Yopougon,61.0,2.0,4.0,4,Économique,1,1,1,120000
Abobo,70.0,,1.0,3,Moyen,0,1,0,98000
Cocody,128.0,4.0,21.0,7,Économique,0,1,1,523000
Marcory,33.0,1.0,5.0,1,Moyen,0,0,0,122000
Yopougon,25.0,1.0,1.0,10,Économique,0,1,0,51000
Yopougon,102.0,4.0,28.0,7,Moyen,0,1,0,134000
Cocody,98.0,3.0,35.0,9,Économique,0,0,1,348000
Plateau,107.0,4.0,6.0,5,Économique,1,0,0,612000
Marcory,98.0,3.0,15.0,3,Moyen,1,0,0,340000
Riviera,116.0,5.0,32.0,10,Moyen,0,0,0,500000
Treichville,167.0,8.0,32.0,2,Moyen,1,1,0,564000
Yopougon,94.0,4.0,13.0,9,Moyen,0,1,1,246000
Marcory,41.0,2.0,11.0,4,Haut standing,0,0,1,241000
Abobo,30.0,1.0,5.0,5,Haut standing,0,0,0,55000
Marcory,78.0,2.0,11.0,0,Économique,0,1,1,241000
Marcory,79.0,2.0,30.0,0,Économique,0,1,1,233000
Abobo,45.0,3.0,11.0,10,Moyen,0,1,1,60000
Cocody,22.0,2.0,9.0,9,Économique,1,0,0,137000
Cocody,75.0,2.0,39.0,2,Économique,0,1,0,254000
Marcory,203.0,9.0,26.0,1,Économique,1,1,1,781000
Cocody,114.0,4.0,6.0,11,Économique,0,0,1,525000
Cocody,109.0,5.0,35.0,0,Moyen,0,0,0,459000
Treichville,86.0,2.0,32.0,10,Économique,1,0,0,173000
Port-Bouët,78.0,2.0,26.0,7,Économique,0,0,0,134000
Abobo,120.0,6.0,7.0,11,Haut standing,1,1,0,311000
Abobo,48.0,2.0,4.0,0,Haut standing,0,0,0,82000
Treichville,229.0,8.0,7.0,9,Haut standing,1,1,0,888000
Riviera,50.0,1.0,39.0,7,Économique,0,1,0,146000
Yopougon,125.0,5.0,20.0,4,Économique,0,0,0,135000
Cocody,52.0,1.0,23.0,3,Économique,0,1,0,221000
Abobo,100.0,3.0,6.0,7,Économique,1,0,0,140000
Cocody,,6.0,18.0,7,Économique,0,0,0,524000
Treichville,36.0,1.0,30.0,10,Haut standing,1,1,0,131000
Yopougon,56.0,,35.0,7,Haut standing,0,0,0,96000
Bingerville,58.0,1.0,26.0,2,Moyen,0,0,0,122000
Yopougon,81.0,3.0,28.0,11,Moyen,0,1,1,134000
Adjamé,106.0,4.0,22.0,7,Moyen,0,1,1,184000
Riviera,205.0,9.0,19.0,0,Moyen,0,1,0,824000
Cocody,69.0,4.0,5.0,3,Haut standing,0,1,0,478000
Marcory,,9.0,11.0,4,Moyen,1,0,0,988000
Yopougon,112.0,3.0,11.0,5,Économique,0,1,1,191000
Yopougon,49.0,2.0,2.0,4,Économique,0,1,0,91000
Yopougon,86.0,4.0,38.0,4,Moyen,0,0,1,131000
Riviera,41.0,2.0,34.0,4,Économique,1,1,1,167000
Koumassi,78.0,2.0,18.0,8,Haut standing,0,0,1,252000
Abobo,75.0,2.0,3.0,9,Moyen,0,0,1,125000
Treichville,100.0,4.0,30.0,9,Moyen,0,0,1,318000
Port-Bouët,125.0,5.0,37.0,2,Économique,1,1,0,265000
Riviera,89.0,5.0,32.0,1,Moyen,1,1,1,488000
Port-Bouët,52.0,2.0,5.0,9,Économique,1,1,0,126000
Cocody,246.0,10.0,7.0,1,Moyen,1,1,0,1160000
Abobo,177.0,7.0,27.0,7,Économique,0,0,0,181000
Cocody,211.0,8.0,14.0,4,Haut standing,0,0,1,1314000
Marcory,85.0,3.0,30.0,4,Moyen,0,1,1,266000
Cocody,109.0,3.0,7.0,5,Moyen,0,1,0,529000
Abobo,82.0,2.0,5.0,8,Haut standing,0,0,1,156000
Adjamé,101.0,3.0,28.0,6,Haut standing,0,1,0,166000
Cocody,104.0,5.0,33.0,4,Économique,0,0,0,431000
Yopougon,45.0,3.0,6.0,4,Moyen,0,0,0,90000
Yopougon,79.0,2.0,39.0,9,Économique,0,1,0,87000
Yopougon,152.0,5.0,9.0,8,Moyen,0,1,0,266000
Cocody,145.0,6.0,12.0,8,Économique,1,0,1,882000
Yopougon,78.0,3.0,21.0,1,Moyen,0,0,0,123000
Koumassi,105.0,5.0,20.0,6,Moyen,1,0,0,334000
Cocody,81.0,4.0,0.0,9,Moyen,0,1,0,480000
Cocody,127.0,5.0,1.0,0,Moyen,0,0,1,831000
Yopougon,36.0,2.0,28.0,3,Moyen,0,1,1,59000
Riviera,120.0,4.0,10.0,1,Économique,0,1,1,509000
Adjamé,183.0,7.0,36.0,9,Moyen,1,0,0,336000
Adjamé,64.0,3.0,6.0,8,Moyen,0,1,0,170000
Yopougon,171.0,8.0,34.0,11,Moyen,1,1,0,304000
Abobo,107.0,4.0,29.0,5,Haut standing,0,0,0,145000
Cocody,,4.0,15.0,3,Économique,0,0,1,383000
Abobo,78.0,2.0,14.0,2,Moyen,0,1,0,94000
Riviera,174.0,7.0,39.0,3,Moyen,0,0,1,763000
Abobo,81.0,3.0,19.0,1,Économique,0,1,1,98000
Bingerville,197.0,8.0,27.0,4,Économique,0,0,0,416000
Koumassi,186.0,7.0,36.0,8,Moyen,1,0,0,366000
Cocody,72.0,2.0,2.0,5,Économique,0,1,0,357000
Riviera,84.0,3.0,28.0,1,Moyen,0,1,0,335000
Cocody,29.0,1.0,36.0,5,Moyen,1,0,1,147000
Abobo,91.0,3.0,8.0,8,Moyen,0,0,0,118000
Plateau,97.0,3.0,26.0,3,Moyen,0,1,1,581000
Cocody,160.0,7.0,,0,Haut standing,0,0,0,835000
Yopougon,191.0,9.0,38.0,1,Économique,1,1,0,271000
Treichville,133.0,5.0,30.0,4,Moyen,0,0,1,332000
Yopougon,153.0,5.0,25.0,9,Moyen,0,1,0,212000
Abobo,84.0,4.0,39.0,6,Économique,1,1,0,97000
Cocody,47.0,2.0,2.0,7,Haut standing,1,0,0,345000
Cocody,107.0,5.0,10.0,2,Haut standing,0,0,0,671000
Abobo,158.0,5.0,28.0,8,Économique,1,0,1,193000
Treichville,,1.0,26.0,1,Moyen,1,0,1,60000
Koumassi,99.0,3.0,9.0,3,Moyen,0,1,0,228000
Adjamé,32.0,1.0,34.0,3,Économique,0,0,0,44000
Port-Bouët,61.0,3.0,22.0,5,Haut standing,1,1,0,212000
Adjamé,101.0,4.0,5.0,9,Moyen,0,1,0,258000
Yopougon,192.0,8.0,10.0,5,Moyen,0,0,0,362000
Adjamé,94.0,4.0,26.0,2,Économique,1,0,0,159000
Marcory,129.0,6.0,30.0,8,Économique,1,1,1,521000
Treichville,107.0,4.0,29.0,10,Économique,0,0,1,296000
Koumassi,63.0,4.0,2.0,4,Moyen,0,1,0,170000
Yopougon,117.0,5.0,12.0,1,Moyen,0,0,0,190000
Port-Bouët,46.0,3.0,39.0,5,Économique,0,0,0,68000
Port-Bouët,93.0,4.0,20.0,2,Économique,1,0,0,182000
Bingerville,172.0,8.0,10.0,7,Moyen,0,0,1,731000
Riviera,102.0,3.0,2.0,2,Moyen,0,1,0,478000
Yopougon,107.0,3.0,37.0,4,Moyen,1,0,0,171000
Treichville,78.0,2.0,30.0,3,Moyen,0,0,0,181000
Abobo,37.0,1.0,23.0,3,Économique,0,1,1,43000
Yopougon,83.0,4.0,11.0,1,Économique,0,0,0,113000
Abobo,142.0,5.0,26.0,7,Économique,0,0,1,153000
Adjamé,113.0,5.0,20.0,2,Moyen,0,1,0,252000
Adjamé,48.0,3.0,24.0,3,Économique,0,0,1,94000
Yopougon,31.0,1.0,29.0,5,Moyen,0,1,0,50000
Plateau,62.0,1.0,29.0,8,Moyen,1,0,1,358000
Yopougon,83.0,3.0,9.0,11,Haut standing,0,0,1,195000
Plateau,86.0,4.0,2.0,3,Haut standing,0,1,0,728000
Bingerville,87.0,3.0,12.0,2,Haut standing,0,1,0,322000
Treichville,93.0,3.0,26.0,4,Moyen,0,0,0,234000
Plateau,115.0,5.0,,8,Moyen,0,1,1,761000
Cocody,75.0,3.0,23.0,0,Moyen,1,0,1,469000
Abobo,55.0,1.0,13.0,4,Haut standing,0,1,1,80000
Abobo,122.0,4.0,38.0,10,Haut standing,0,1,1,165000
Treichville,143.0,7.0,3.0,3,Économique,0,0,0,367000
Cocody,69.0,4.0,15.0,4,Économique,0,0,0,317000
Yopougon,229.0,8.0,9.0,6,Moyen,1,1,0,453000
Treichville,187.0,6.0,36.0,6,Moyen,1,0,0,569000
Adjamé,50.0,3.0,26.0,6,Moyen,0,0,0,78000
Abobo,32.0,1.0,0.0,0,Haut standing,1,0,1,79000
Yopougon,85.0,2.0,4.0,8,Moyen,0,1,1,194000
Marcory,107.0,3.0,12.0,6,Économique,0,1,1,387000
Riviera,228.0,9.0,2.0,3,Haut standing,1,0,0,1559000
Yopougon,224.0,10.0,16.0,3,Économique,0,1,0,342000
Adjamé,129.0,6.0,18.0,1,Économique,0,1,0,248000
Plateau,76.0,3.0,36.0,5,Moyen,0,0,0,264000
Yopougon,163.0,6.0,,11,Économique,0,1,0,255000
Cocody,99.0,4.0,23.0,9,Économique,0,1,0,401000
Yopougon,44.0,1.0,32.0,2,Économique,1,0,0,62000
Riviera,45.0,3.0,20.0,0,Économique,0,1,1,226000
Yopougon,76.0,2.0,2.0,4,Moyen,0,1,0,170000
Cocody,150.0,5.0,3.0,5,Économique,0,0,0,510000
Cocody,52.0,1.0,31.0,10,Moyen,0,0,1,203000
Yopougon,76.0,2.0,23.0,4,Économique,1,1,1,125000
Plateau,186.0,6.0,34.0,4,Moyen,1,0,0,962000
Cocody,113.0,6.0,17.0,11,Économique,1,1,0,741000
Koumassi,212.0,8.0,2.0,9,Économique,0,0,1,419000
Yopougon,120.0,6.0,38.0,10,Économique,1,1,0,198000
Marcory,152.0,5.0,,7,Économique,0,1,1,324000
Riviera,77.0,3.0,23.0,9,Moyen,0,1,0,368000
Cocody,193.0,7.0,0.0,0,Moyen,1,0,0,1152000
Riviera,131.0,6.0,33.0,7,Haut standing,0,1,0,672000
Treichville,88.0,5.0,11.0,10,Haut standing,0,0,0,316000
Bingerville,175.0,6.0,16.0,6,Moyen,1,1,1,698000
Abobo,128.0,4.0,20.0,0,Économique,1,0,1,167000
Port-Bouët,92.0,4.0,20.0,8,Moyen,0,1,1,264000
Riviera,,5.0,2.0,11,Économique,1,0,0,571000
Marcory,58.0,1.0,27.0,3,Moyen,1,1,1,222000
Riviera,163.0,7.0,24.0,6,Économique,1,1,1,912000
Yopougon,,8.0,5.0,2,Moyen,0,1,0,388000
Yopougon,36.0,1.0,29.0,7,Haut standing,1,0,0,74000
Treichville,69.0,2.0,31.0,3,Économique,1,0,0,143000
Abobo,65.0,4.0,21.0,1,Moyen,0,1,0,96000
Plateau,135.0,4.0,37.0,1,Moyen,0,0,1,417000
Abobo,104.0,3.0,13.0,7,Économique,0,0,0,99000
Abobo,74.0,2.0,33.0,7,Haut standing,0,0,0,115000
Koumassi,80.0,3.0,25.0,0,Économique,1,1,0,140000
Port-Bouët,71.0,2.0,,5,Économique,0,0,0,84000
Yopougon,127.0,6.0,12.0,8,Moyen,0,1,0,219000
Treichville,103.0,5.0,29.0,8,Économique,1,0,0,250000
Marcory,78.0,2.0,18.0,1,Économique,0,1,0,219000
Marcory,71.0,2.0,38.0,7,Moyen,0,0,0,211000
Cocody,176.0,6.0,2.0,7,Moyen,0,1,0,1038000
Treichville,161.0,7.0,30.0,3,Moyen,0,0,1,398000
Marcory,128.0,5.0,11.0,3,Moyen,1,0,0,639000
Riviera,153.0,6.0,14.0,4,Économique,1,0,0,672000
Abobo,44.0,1.0,37.0,10,Moyen,0,0,1,50000
Treichville,52.0,2.0,39.0,9,Économique,1,0,0,118000
Abobo,48.0,3.0,13.0,6,Haut standing,0,1,0,96000
Cocody,94.0,3.0,34.0,0,Économique,0,0,0,255000
Yopougon,155.0,6.0,15.0,10,Économique,0,1,1,232000
Abobo,75.0,2.0,23.0,8,Haut standing,1,1,0,152000
Yopougon,166.0,6.0,16.0,2,Haut standing,0,1,0,394000
Yopougon,68.0,4.0,17.0,10,Moyen,0,0,0,113000
Riviera,87.0,,16.0,3,Économique,0,0,0,286000
Bingerville,74.0,3.0,15.0,6,Moyen,0,0,1,210000
Abobo,84.0,4.0,20.0,4,Économique,1,0,0,123000
Abobo,89.0,3.0,23.0,4,Moyen,0,0,0,81000
Abobo,32.0,2.0,33.0,0,Économique,1,0,0,35000
Marcory,112.0,4.0,35.0,1,Économique,0,0,1,274000
Yopougon,87.0,3.0,26.0,4,Moyen,1,1,1,158000
Cocody,192.0,8.0,38.0,1,Économique,1,0,0,664000
Yopougon,125.0,6.0,16.0,0,Moyen,0,0,1,235000
Abobo,109.0,5.0,24.0,9,Moyen,0,0,0,149000
Marcory,187.0,8.0,37.0,2,Moyen,1,1,1,824000
Riviera,177.0,8.0,20.0,10,Économique,1,1,0,985000
Riviera,197.0,9.0,3.0,0,Haut standing,0,1,1,1420000
Koumassi,71.0,3.0,24.0,9,Économique,0,1,0,139000
Abobo,48.0,2.0,29.0,7,Économique,1,1,1,76000
Bingerville,32.0,2.0,32.0,7,Moyen,0,0,1,74000
Cocody,152.0,5.0,38.0,7,Économique,0,0,1,558000
Port-Bouët,29.0,1.0,25.0,6,Économique,1,1,1,61000
Cocody,104.0,3.0,24.0,6,Économique,1,1,0,511000
Port-Bouët,38.0,1.0,15.0,1,Haut standing,1,1,0,99000
Marcory,163.0,7.0,23.0,8,Haut standing,0,1,0,784000
Bingerville,120.0,4.0,,6,Moyen,1,0,1,538000
Riviera,162.0,5.0,38.0,4,Économique,0,1,1,496000
Plateau,105.0,4.0,,3,Économique,0,0,0,457000
Yopougon,55.0,2.0,29.0,7,Économique,0,0,0,63000
Riviera,73.0,4.0,6.0,4,Économique,1,0,0,387000
Yopougon,144.0,6.0,16.0,5,Économique,0,1,1,296000
Bingerville,36.0,1.0,26.0,3,Moyen,1,0,1,95000
Abobo,70.0,3.0,34.0,1,Moyen,1,0,0,89000
Yopougon,,4.0,4.0,11,Économique,0,1,1,140000
Marcory,89.0,4.0,4.0,6,Moyen,1,0,1,424000
Marcory,127.0,4.0,23.0,11,Moyen,1,0,0,384000
Koumassi,160.0,6.0,6.0,1,Moyen,0,1,0,365000
Yopougon,42.0,1.0,6.0,10,Économique,0,1,0,59000
Abobo,57.0,2.0,13.0,11,Haut standing,0,0,0,100000
Yopougon,45.0,3.0,14.0,6,Moyen,0,1,1,77000
Abobo,91.0,5.0,4.0,6,Économique,1,1,0,154000
Bingerville,48.0,2.0,36.0,0,Moyen,0,0,0,100000
Riviera,111.0,3.0,3.0,9,Économique,1,0,0,626000
Yopougon,52.0,3.0,29.0,9,Moyen,1,0,0,112000
Port-Bouët,171.0,6.0,19.0,11,Moyen,0,1,1,383000
Koumassi,33.0,1.0,25.0,2,Moyen,0,1,0,58000
Abobo,58.0,3.0,8.0,2,Moyen,0,0,1,104000
Riviera,198.0,9.0,29.0,10,Moyen,0,1,0,905000
Marcory,103.0,3.0,21.0,5,Économique,0,1,0,305000
Cocody,71.0,4.0,39.0,10,Économique,0,0,1,277000
Bingerville,298.0,10.0,29.0,2,Économique,0,1,0,622000
Yopougon,80.0,2.0,19.0,11,Économique,0,1,0,108000
Port-Bouët,124.0,,27.0,8,Économique,1,1,1,220000
Bingerville,60.0,1.0,6.0,4,Moyen,0,1,0,233000
Cocody,54.0,3.0,3.0,5,Économique,0,0,0,266000
Bingerville,128.0,4.0,27.0,5,Moyen,0,0,0,317000
Yopougon,207.0,9.0,34.0,7,Moyen,0,1,1,380000
Abobo,72.0,2.0,32.0,9,Économique,0,0,0,62000
Abobo,52.0,2.0,6.0,10,Moyen,0,0,0,78000
Riviera,151.0,6.0,8.0,2,Haut standing,0,0,1,845000
Cocody,73.0,2.0,33.0,8,Économique,0,1,0,258000
Yopougon,112.0,3.0,38.0,6,Haut standing,0,0,1,189000
Adjamé,71.0,2.0,33.0,10,Moyen,0,0,0,118000
Koumassi,78.0,3.0,12.0,5,Moyen,0,1,0,176000
Adjamé,57.0,1.0,28.0,10,Économique,1,0,0,107000
Cocody,130.0,4.0,,0,Moyen,0,1,0,451000
Treichville,114.0,6.0,9.0,3,Moyen,0,0,0,299000
Yopougon,112.0,4.0,29.0,4,Moyen,1,0,0,171000
Port-Bouët,63.0,3.0,25.0,11,Moyen,1,0,0,146000
Marcory,109.0,3.0,34.0,1,Moyen,1,1,0,342000
Marcory,221.0,8.0,27.0,0,Économique,0,1,1,599000
Riviera,52.0,3.0,28.0,1,Économique,0,1,0,214000
Cocody,60.0,1.0,5.0,7,Économique,0,0,0,304000
Riviera,62.0,2.0,2.0,9,Haut standing,1,1,1,536000
Adjamé,98.0,5.0,,5,Économique,1,0,1,214000
Port-Bouët,50.0,2.0,1.0,9,Économique,0,0,1,103000
Treichville,120.0,4.0,21.0,1,Économique,0,1,1,284000
Cocody,30.0,2.0,26.0,8,Haut standing,0,0,1,195000
Koumassi,137.0,5.0,21.0,7,Moyen,0,1,1,292000
Port-Bouët,111.0,4.0,9.0,3,Haut standing,1,0,1,397000
Koumassi,218.0,9.0,18.0,10,Moyen,0,0,0,437000
Plateau,53.0,1.0,23.0,9,Haut standing,0,1,1,415000
Koumassi,154.0,5.0,26.0,6,Économique,1,0,0,322000
Koumassi,88.0,3.0,35.0,2,Économique,0,0,0,143000
Adjamé,79.0,2.0,16.0,5,Économique,0,0,0,138000
Koumassi,52.0,2.0,9.0,2,Moyen,0,0,0,139000
Port-Bouët,72.0,4.0,,9,Moyen,0,1,0,181000
Abobo,74.0,2.0,9.0,2,Économique,0,1,0,71000
Cocody,38.0,3.0,9.0,11,Économique,0,1,0,207000
Yopougon,110.0,4.0,37.0,10,Moyen,0,0,0,136000
Cocody,103.0,3.0,16.0,8,Économique,0,0,1,379000
Yopougon,,5.0,25.0,5,Moyen,0,1,0,224000
Yopougon,67.0,2.0,25.0,7,Économique,1,0,0,96000
Cocody,140.0,5.0,33.0,3,Moyen,0,0,0,437000
Treichville,176.0,8.0,3.0,3,Moyen,0,1,1,584000
Cocody,82.0,3.0,26.0,7,Moyen,0,0,1,496000
Port-Bouët,54.0,2.0,20.0,6,Économique,0,1,1,125000
Riviera,95.0,4.0,35.0,4,Économique,0,0,0,328000
Cocody,,5.0,,1,Moyen,1,1,0,508000
Riviera,84.0,4.0,30.0,5,Moyen,0,0,1,328000
Abobo,124.0,5.0,6.0,0,Moyen,0,1,0,156000
Treichville,77.0,3.0,33.0,6,Moyen,0,0,0,184000
Cocody,51.0,1.0,17.0,8,Économique,1,1,0,313000
Yopougon,100.0,3.0,23.0,4,Haut standing,1,0,1,196000
Port-Bouët,127.0,6.0,12.0,4,Moyen,0,1,0,291000
Adjamé,132.0,4.0,12.0,11,Moyen,0,1,1,313000
Cocody,74.0,3.0,24.0,6,Haut standing,0,0,0,377000
Cocody,107.0,4.0,4.0,4,Économique,1,0,1,618000
Yopougon,178.0,6.0,38.0,9,Moyen,0,1,0,208000
Treichville,177.0,6.0,28.0,11,Haut standing,0,0,0,524000
Marcory,156.0,7.0,32.0,11,Économique,0,1,1,519000
Marcory,37.0,1.0,23.0,3,Économique,0,0,0,104000
Port-Bouët,77.0,4.0,9.0,0,Moyen,0,1,1,189000
Riviera,172.0,6.0,24.0,5,Économique,0,0,1,700000
Yopougon,37.0,1.0,9.0,8,Haut standing,1,1,0,103000
Riviera,89.0,3.0,38.0,3,Économique,0,0,0,299000
Treichville,66.0,2.0,15.0,9,Moyen,0,0,1,188000
Yopougon,108.0,4.0,27.0,10,Économique,0,0,1,168000
Marcory,24.0,1.0,11.0,3,Économique,0,1,1,84000
Abobo,163.0,7.0,31.0,4,Haut standing,0,0,0,236000
Riviera,92.0,3.0,28.0,5,Moyen,1,0,1,535000
Abobo,49.0,3.0,26.0,2,Économique,0,1,0,62000
Yopougon,61.0,1.0,25.0,8,Économique,1,0,0,86000
Abobo,110.0,4.0,2.0,0,Moyen,0,1,0,148000
Cocody,59.0,3.0,25.0,10,Moyen,0,1,1,368000
Bingerville,203.0,9.0,38.0,5,Moyen,0,1,0,509000
Yopougon,86.0,3.0,0.0,5,Moyen,1,0,0,205000
Yopougon,185.0,6.0,34.0,7,Économique,0,1,0,186000
Abobo,100.0,5.0,26.0,4,Haut standing,0,0,0,154000
Abobo,130.0,6.0,3.0,8,Moyen,0,1,1,223000
Cocody,126.0,5.0,18.0,8,Moyen,0,0,0,481000
Adjamé,71.0,4.0,21.0,11,Moyen,0,0,0,130000
Marcory,130.0,6.0,5.0,1,Moyen,0,0,1,506000
Koumassi,74.0,4.0,8.0,4,Moyen,1,1,1,306000
Port-Bouët,35.0,1.0,10.0,11,Moyen,0,1,1,58000
Port-Bouët,82.0,2.0,21.0,6,Haut standing,0,0,1,190000
Abobo,45.0,,8.0,1,Moyen,1,1,0,74000
Abobo,73.0,2.0,28.0,6,Moyen,0,0,0,70000
Plateau,90.0,5.0,9.0,8,Haut standing,0,1,1,765000
Koumassi,55.0,1.0,33.0,7,Économique,1,1,0,104000
Marcory,121.0,6.0,30.0,9,Économique,0,1,1,371000
Yopougon,74.0,4.0,21.0,8,Moyen,0,0,1,138000
Marcory,45.0,1.0,3.0,3,Haut standing,0,0,1,255000
Cocody,55.0,1.0,1.0,7,Économique,0,1,1,292000
Abobo,97.0,3.0,4.0,8,Économique,0,0,0,107000
Cocody,80.0,2.0,14.0,9,Économique,0,0,1,356000
Koumassi,106.0,4.0,18.0,11,Économique,0,1,1,227000
Treichville,,3.0,37.0,1,Économique,0,1,1,222000
Cocody,52.0,2.0,14.0,9,Moyen,1,0,0,294000
Abobo,65.0,4.0,,2,Haut standing,0,0,0,119000
Cocody,139.0,6.0,,0,Moyen,1,0,0,774000
Marcory,57.0,3.0,11.0,0,Économique,0,1,1,207000
Adjamé,187.0,7.0,3.0,9,Haut standing,0,1,0,456000
Cocody,39.0,2.0,37.0,5,Moyen,0,1,0,153000
Port-Bouët,137.0,6.0,38.0,0,Économique,0,1,0,196000
Cocody,87.0,3.0,35.0,4,Économique,0,1,1,291000
Marcory,53.0,3.0,14.0,5,Moyen,1,0,0,201000
Koumassi,96.0,3.0,0.0,8,Moyen,0,0,1,237000
Treichville,58.0,3.0,30.0,5,Moyen,0,1,1,170000
Cocody,68.0,3.0,8.0,3,Économique,0,0,0,350000
Yopougon,75.0,2.0,22.0,0,Moyen,0,1,0,113000
Marcory,132.0,5.0,25.0,5,Économique,0,1,1,422000
Port-Bouët,65.0,2.0,39.0,6,Moyen,1,1,1,144000
Treichville,103.0,5.0,38.0,4,Moyen,0,0,1,236000
Koumassi,134.0,4.0,17.0,5,Économique,0,1,1,266000
Bingerville,94.0,3.0,32.0,9,Économique,0,1,0,237000
Yopougon,111.0,3.0,38.0,7,Économique,1,1,0,166000
Riviera,90.0,4.0,13.0,0,Économique,0,0,0,244000
Yopougon,120.0,4.0,0.0,7,Économique,0,1,1,239000
Riviera,44.0,3.0,,11,Moyen,0,1,0,236000
Cocody,179.0,8.0,14.0,10,Moyen,0,0,0,999000
Adjamé,63.0,4.0,36.0,1,Moyen,1,0,1,139000
Yopougon,,2.0,4.0,1,Moyen,0,1,1,159000
Yopougon,28.0,2.0,13.0,7,Moyen,1,0,0,62000
Abobo,69.0,3.0,13.0,1,Haut standing,0,0,1,121000
Adjamé,105.0,5.0,4.0,7,Économique,0,0,0,203000
Cocody,191.0,7.0,10.0,4,Moyen,0,1,0,976000
Plateau,123.0,6.0,31.0,8,Économique,1,0,0,557000
Koumassi,72.0,2.0,4.0,8,Économique,0,0,1,159000
Adjamé,37.0,1.0,35.0,7,Moyen,0,0,1,48000
Riviera,169.0,8.0,14.0,8,Moyen,1,1,0,1115000
Koumassi,71.0,3.0,6.0,6,Moyen,0,1,0,196000
Riviera,105.0,4.0,4.0,7,Économique,0,1,1,444000
Adjamé,72.0,4.0,29.0,5,Économique,1,1,0,138000
Treichville,112.0,3.0,14.0,8,Haut standing,0,1,1,484000
Cocody,165.0,8.0,29.0,1,Économique,1,0,1,1027000
Koumassi,131.0,4.0,13.0,2,Économique,0,1,0,240000
Abobo,79.0,2.0,23.0,1,Économique,0,0,1,82000
Cocody,171.0,6.0,23.0,5,Haut standing,0,1,0,947000
Yopougon,212.0,8.0,34.0,2,Économique,0,0,1,258000
Riviera,148.0,6.0,4.0,10,Moyen,0,1,0,948000
Yopougon,,4.0,11.0,0,Moyen,0,1,0,132000
Yopougon,137.0,5.0,19.0,3,Moyen,1,1,0,218000
Yopougon,147.0,5.0,4.0,4,Moyen,1,1,0,326000
Marcory,80.0,2.0,35.0,11,Moyen,0,1,0,228000
Yopougon,212.0,9.0,20.0,10,Haut standing,0,0,0,365000
Yopougon,161.0,5.0,38.0,3,Moyen,0,0,0,160000
Cocody,82.0,4.0,2.0,5,Économique,0,0,0,390000
Koumassi,74.0,4.0,28.0,2,Économique,1,0,1,175000
Yopougon,145.0,5.0,24.0,9,Haut standing,0,0,0,275000
Port-Bouët,240.0,10.0,26.0,5,Moyen,0,0,1,560000
Bingerville,46.0,1.0,35.0,9,Moyen,0,1,0,109000
Marcory,114.0,4.0,21.0,0,Moyen,0,1,0,350000
Adjamé,136.0,6.0,37.0,5,Moyen,0,0,1,253000
Yopougon,164.0,7.0,34.0,7,Économique,0,0,0,213000
Bingerville,137.0,6.0,0.0,9,Économique,0,0,0,402000
Marcory,71.0,2.0,2.0,7,Moyen,0,0,1,266000
Adjamé,43.0,3.0,23.0,0,Économique,0,1,0,77000
Abobo,78.0,4.0,7.0,6,Économique,1,0,0,130000
Treichville,135.0,4.0,38.0,9,Moyen,0,1,1,316000
Cocody,67.0,4.0,17.0,9,Économique,0,0,0,319000
Adjamé,177.0,6.0,2.0,11,Économique,0,0,0,329000
Koumassi,86.0,4.0,17.0,3,Moyen,0,1,0,180000
Treichville,65.0,3.0,15.0,11,Moyen,1,0,0,243000
Abobo,121.0,4.0,31.0,5,Économique,1,0,0,128000
Yopougon,81.0,3.0,0.0,5,Moyen,1,0,1,157000
Koumassi,73.0,4.0,25.0,4,Moyen,1,1,0,176000
Marcory,225.0,9.0,11.0,9,Économique,1,0,0,627000
Bingerville,67.0,3.0,37.0,8,Économique,0,1,0,207000
Marcory,77.0,3.0,20.0,10,Économique,0,1,0,283000
Yopougon,122.0,6.0,12.0,9,Moyen,0,1,0,199000
Cocody,176.0,6.0,11.0,7,Moyen,1,0,0,940000
Cocody,116.0,6.0,12.0,11,Moyen,0,1,1,785000
Abobo,97.0,5.0,17.0,5,Haut standing,0,1,1,221000
Marcory,238.0,10.0,18.0,3,Économique,1,0,0,897000
Port-Bouët,75.0,2.0,18.0,3,Économique,0,0,0,123000
Cocody,75.0,4.0,5.0,8,Économique,0,1,1,406000
Yopougon,67.0,4.0,6.0,11,Économique,1,1,1,171000
Treichville,112.0,3.0,6.0,3,Moyen,1,0,0,369000
Cocody,57.0,1.0,27.0,6,Moyen,1,1,0,299000
Cocody,49.0,1.0,27.0,5,Économique,1,1,0,222000
Yopougon,76.0,3.0,18.0,1,Économique,0,0,0,93000
Yopougon,36.0,1.0,15.0,4,Économique,0,0,0,56000
Yopougon,105.0,4.0,16.0,2,Haut standing,0,1,1,184000
Abobo,113.0,5.0,21.0,8,Moyen,1,0,0,179000
Abobo,122.0,6.0,18.0,9,Moyen,0,1,0,180000
Cocody,140.0,6.0,28.0,0,Économique,0,1,1,452000
Yopougon,78.0,4.0,18.0,9,Économique,0,0,0,109000
Riviera,166.0,7.0,34.0,3,Économique,0,0,0,467000
Abobo,158.0,5.0,24.0,3,Haut standing,0,0,1,199000
Adjamé,53.0,3.0,19.0,8,Moyen,1,0,0,114000
Treichville,90.0,4.0,36.0,0,Moyen,0,1,1,257000
Koumassi,22.0,,18.0,1,Moyen,0,0,0,46000
Koumassi,167.0,6.0,12.0,0,Moyen,0,1,0,395000
Abobo,139.0,6.0,11.0,0,Économique,0,1,1,158000
Riviera,186.0,7.0,14.0,11,Économique,0,1,0,753000
Cocody,39.0,1.0,3.0,0,Moyen,0,1,1,216000
Cocody,118.0,5.0,14.0,2,Économique,1,1,0,644000
Koumassi,70.0,3.0,16.0,10,Économique,1,1,0,187000
Port-Bouët,28.0,2.0,26.0,3,Moyen,1,0,1,71000
Cocody,149.0,6.0,10.0,9,Haut standing,0,1,1,1012000
Marcory,46.0,1.0,22.0,1,Haut standing,1,1,1,255000
Cocody,110.0,4.0,14.0,0,Économique,1,1,0,517000
Treichville,69.0,4.0,30.0,4,Économique,1,1,1,213000
Koumassi,101.0,4.0,25.0,5,Moyen,0,0,0,163000
Abobo,141.0,7.0,6.0,1,Moyen,0,0,1,213000
Treichville,101.0,4.0,12.0,2,Haut standing,0,0,0,346000
Yopougon,56.0,3.0,12.0,9,Haut standing,1,0,0,146000
Cocody,228.0,10.0,19.0,2,Moyen,0,0,0,961000
Treichville,78.0,3.0,33.0,1,Économique,0,1,0,166000
Abobo,62.0,1.0,9.0,3,Économique,0,0,1,66000
Riviera,88.0,3.0,36.0,4,Économique,1,0,0,253000
Port-Bouët,39.0,2.0,26.0,7,Moyen,1,1,1,118000
Cocody,65.0,3.0,33.0,5,Économique,1,0,0,243000
Bingerville,81.0,3.0,35.0,8,Moyen,1,1,0,284000
Koumassi,105.0,4.0,15.0,2,Moyen,0,0,0,208000
Koumassi,95.0,4.0,20.0,9,Économique,0,0,1,208000
Yopougon,118.0,4.0,15.0,8,Haut standing,1,0,1,271000
Yopougon,90.0,5.0,16.0,10,Moyen,1,1,0,228000
Treichville,157.0,7.0,14.0,10,Haut standing,0,1,0,561000
Cocody,128.0,4.0,12.0,3,Haut standing,0,1,0,740000
Marcory,113.0,4.0,32.0,7,Économique,0,0,1,229000
Marcory,,8.0,4.0,9,Économique,0,1,1,580000
Yopougon,169.0,,26.0,6,Économique,0,1,0,241000
Koumassi,98.0,4.0,0.0,6,Moyen,0,0,0,221000
Yopougon,76.0,2.0,29.0,8,Moyen,1,1,1,112000
Cocody,103.0,3.0,22.0,9,Haut standing,0,1,0,550000
Riviera,86.0,2.0,14.0,1,Économique,0,0,1,352000
Riviera,75.0,2.0,35.0,4,Moyen,0,0,0,221000
Koumassi,101.0,5.0,18.0,2,Haut standing,1,1,1,415000
Riviera,112.0,5.0,29.0,6,Moyen,0,0,0,422000
Abobo,125.0,6.0,15.0,2,Économique,0,1,0,146000
Riviera,183.0,8.0,17.0,4,Moyen,0,1,0,804000
Cocody,106.0,4.0,25.0,4,Économique,0,0,0,304000
Yopougon,91.0,4.0,16.0,1,Économique,0,0,0,118000
Marcory,148.0,7.0,10.0,10,Économique,0,1,0,539000
Marcory,59.0,3.0,28.0,0,Économique,0,0,1,173000
Plateau,36.0,2.0,8.0,11,Moyen,0,0,1,220000
Abobo,117.0,4.0,16.0,5,Économique,0,0,0,100000
Koumassi,,3.0,26.0,0,Moyen,1,1,0,220000
Abobo,81.0,3.0,36.0,8,Économique,1,1,0,98000
Plateau,59.0,1.0,21.0,9,Économique,0,1,1,293000
Port-Bouët,162.0,5.0,7.0,4,Économique,0,1,1,373000
Abobo,37.0,1.0,2.0,0,Économique,0,0,0,38000
Yopougon,123.0,5.0,37.0,11,Économique,0,1,1,148000
Adjamé,92.0,3.0,34.0,7,Moyen,1,1,1,219000
Marcory,188.0,7.0,31.0,0,Haut standing,0,1,0,808000
Treichville,148.0,5.0,7.0,3,Économique,1,1,0,368000
Riviera,50.0,3.0,26.0,6,Économique,1,1,1,262000
Treichville,128.0,4.0,31.0,3,Économique,0,1,0,262000
Yopougon,115.0,6.0,35.0,11,Haut standing,0,1,0,234000
Bingerville,89.0,4.0,33.0,4,Moyen,0,0,0,215000
Adjamé,123.0,5.0,24.0,6,Moyen,0,1,1,230000
Cocody,65.0,,30.0,3,Économique,1,1,0,226000
Plateau,97.0,5.0,12.0,4,Économique,0,1,0,642000
Cocody,93.0,3.0,14.0,6,Économique,0,0,1,495000
Abobo,60.0,2.0,12.0,0,Haut standing,1,1,1,116000
Yopougon,78.0,2.0,32.0,11,Économique,1,0,0,109000
Cocody,71.0,4.0,30.0,2,Moyen,0,0,0,277000
Riviera,112.0,4.0,24.0,0,Moyen,1,1,0,529000
Abobo,167.0,6.0,39.0,2,Moyen,0,1,1,181000
Marcory,44.0,1.0,22.0,10,Économique,1,1,0,135000
Yopougon,113.0,5.0,37.0,1,Moyen,0,0,1,154000
Adjamé,70.0,2.0,2.0,4,Économique,1,1,0,161000
Cocody,143.0,7.0,15.0,9,Haut standing,0,0,0,731000
Marcory,113.0,5.0,1.0,4,Économique,0,0,0,346000
Port-Bouët,38.0,2.0,22.0,9,Économique,0,0,0,55000
Yopougon,101.0,4.0,33.0,8,Économique,0,0,0,104000
Abobo,86.0,3.0,29.0,7,Moyen,0,1,0,99000
Yopougon,47.0,3.0,9.0,2,Économique,1,0,1,91000
Cocody,70.0,4.0,0.0,0,Moyen,1,0,1,494000
Plateau,99.0,3.0,,4,Économique,1,1,0,657000
Yopougon,71.0,4.0,32.0,10,Économique,1,1,1,135000
Marcory,151.0,5.0,24.0,2,Moyen,1,0,1,596000
Cocody,86.0,2.0,21.0,4,Économique,1,0,0,376000
Port-Bouët,68.0,3.0,15.0,8,Moyen,0,1,0,127000
Riviera,101.0,3.0,,10,Moyen,1,0,1,505000
Port-Bouët,108.0,4.0,17.0,0,Haut standing,0,0,0,243000
Bingerville,144.0,5.0,23.0,0,Économique,1,0,0,411000
Marcory,95.0,5.0,4.0,8,Moyen,0,1,0,360000
Riviera,106.0,4.0,36.0,2,Haut standing,0,1,0,447000
Marcory,78.0,2.0,22.0,11,Moyen,0,1,0,231000
Riviera,191.0,9.0,,9,Économique,0,1,0,730000
Riviera,112.0,5.0,11.0,4,Moyen,0,1,1,599000
Koumassi,100.0,4.0,9.0,8,Haut standing,1,0,0,286000
Riviera,71.0,3.0,33.0,10,Économique,0,1,0,287000
Abobo,153.0,6.0,32.0,4,Moyen,0,1,0,154000
Marcory,36.0,1.0,15.0,11,Moyen,0,1,1,162000
Yopougon,102.0,4.0,28.0,11,Économique,0,0,0,123000
Abobo,66.0,4.0,17.0,2,Économique,0,0,0,70000
Cocody,137.0,6.0,,8,Économique,0,1,0,641000
Abobo,109.0,4.0,6.0,11,Économique,0,0,0,145000
Riviera,101.0,4.0,35.0,6,Haut standing,0,0,0,475000
Marcory,53.0,3.0,26.0,11,Moyen,0,0,1,155000
Port-Bouët,89.0,3.0,9.0,11,Moyen,1,0,1,294000
Riviera,111.0,5.0,9.0,6,Moyen,0,0,0,636000
Riviera,144.0,7.0,10.0,7,Économique,0,0,0,610000
Riviera,118.0,6.0,29.0,10,Économique,0,1,0,424000
Abobo,137.0,5.0,2.0,4,Haut standing,0,0,0,196000
Riviera,42.0,1.0,28.0,1,Moyen,0,1,1,175000
Koumassi,99.0,3.0,13.0,10,Moyen,0,0,0,185000
Plateau,147.0,6.0,12.0,8,Haut standing,1,0,0,1175000
Yopougon,24.0,2.0,18.0,2,Économique,0,1,0,33000
Koumassi,82.0,3.0,24.0,10,Haut standing,0,1,0,182000
Marcory,111.0,4.0,9.0,1,Haut standing,0,1,1,495000
Abobo,156.0,5.0,14.0,9,Économique,0,0,0,171000
Adjamé,97.0,3.0,27.0,9,Économique,0,0,1,139000
Plateau,92.0,4.0,39.0,4,Haut standing,0,1,1,530000
Abobo,107.0,4.0,37.0,7,Économique,1,0,0,126000
Koumassi,112.0,3.0,6.0,2,Économique,0,1,1,217000
Yopougon,58.0,1.0,13.0,5,Moyen,0,1,0,84000
Cocody,71.0,4.0,29.0,8,Moyen,1,1,0,422000
Cocody,32.0,1.0,39.0,1,Moyen,0,1,1,153000
Yopougon,66.0,4.0,11.0,7,Haut standing,0,0,0,151000
Riviera,51.0,3.0,27.0,9,Haut standing,0,0,0,246000
Marcory,58.0,3.0,13.0,6,Haut standing,0,1,1,277000
Abobo,239.0,9.0,0.0,2,Économique,1,1,1,380000
Marcory,152.0,7.0,3.0,0,Moyen,0,0,0,546000
Treichville,52.0,1.0,17.0,5,Économique,0,0,1,159000
Port-Bouët,45.0,1.0,35.0,1,Économique,1,0,1,80000
Koumassi,68.0,2.0,31.0,2,Moyen,0,1,0,152000
Cocody,44.0,2.0,27.0,11,Économique,0,0,0,192000
Yopougon,105.0,5.0,27.0,4,Haut standing,0,1,1,155000
Cocody,104.0,3.0,37.0,10,Économique,1,1,1,457000
Yopougon,57.0,2.0,31.0,7,Moyen,1,1,0,100000
Adjamé,129.0,5.0,7.0,1,Économique,0,1,0,242000
Cocody,129.0,5.0,24.0,5,Économique,1,0,1,650000
Marcory,64.0,2.0,19.0,0,Moyen,1,0,0,185000
Yopougon,56.0,1.0,32.0,6,Économique,1,1,1,70000
Riviera,74.0,2.0,29.0,3,Moyen,0,1,0,289000
Riviera,121.0,5.0,36.0,0,Haut standing,1,0,1,641000
Cocody,,8.0,15.0,8,Moyen,0,1,0,1321000
Koumassi,119.0,6.0,24.0,8,Économique,1,0,1,291000
Yopougon,49.0,1.0,37.0,10,Économique,0,0,0,59000
Yopougon,108.0,3.0,9.0,2,Économique,0,1,0,167000
Koumassi,97.0,5.0,4.0,5,Moyen,1,1,1,338000
Riviera,95.0,3.0,7.0,6,Moyen,1,0,0,599000
Riviera,45.0,1.0,32.0,3,Économique,0,0,0,131000
Abobo,108.0,3.0,36.0,5,Moyen,0,0,1,114000
Yopougon,91.0,3.0,0.0,8,Économique,0,1,0,155000
Koumassi,48.0,2.0,30.0,9,Moyen,0,1,1,98000
Marcory,201.0,7.0,6.0,5,Moyen,0,0,0,603000
Abobo,45.0,3.0,22.0,6,Économique,0,1,1,50000
Yopougon,115.0,6.0,23.0,5,Moyen,0,0,0,159000
Adjamé,85.0,3.0,13.0,6,Moyen,0,1,0,174000
Marcory,77.0,2.0,22.0,0,Moyen,0,1,1,272000
Marcory,166.0,8.0,8.0,5,Moyen,1,1,0,705000
Riviera,143.0,6.0,7.0,11,Haut standing,0,1,1,1068000
Cocody,85.0,2.0,7.0,8,Moyen,0,1,1,480000
Yopougon,59.0,2.0,2.0,10,Économique,1,0,1,138000
Marcory,72.0,2.0,31.0,2,Économique,0,1,0,171000
Cocody,79.0,3.0,3.0,5,Économique,0,0,0,430000
Cocody,144.0,6.0,37.0,3,Économique,0,1,0,560000
Plateau,111.0,5.0,1.0,6,Haut standing,0,1,0,871000
Bingerville,146.0,,8.0,6,Économique,0,1,0,433000
Marcory,44.0,2.0,0.0,8,Haut standing,0,0,1,262000
Riviera,152.0,5.0,10.0,3,Économique,1,1,0,712000
Abobo,177.0,6.0,28.0,7,Économique,0,1,1,199000
Yopougon,61.0,1.0,25.0,7,Haut standing,1,0,0,115000
Abobo,135.0,4.0,26.0,7,Économique,0,1,0,129000
Abobo,170.0,6.0,37.0,7,Moyen,0,0,0,145000
Koumassi,68.0,4.0,28.0,5,Haut standing,0,0,0,192000
Marcory,51.0,2.0,32.0,7,Haut standing,0,1,1,205000
Yopougon,103.0,5.0,27.0,5,Moyen,1,0,1,205000
Bingerville,32.0,1.0,30.0,9,Haut standing,0,1,1,129000
Riviera,151.0,6.0,18.0,1,Moyen,0,1,1,869000
Bingerville,57.0,1.0,25.0,2,Économique,0,0,0,114000
Yopougon,81.0,2.0,28.0,5,Moyen,0,1,0,83000
Koumassi,129.0,,,6,Haut standing,1,0,0,424000
Yopougon,120.0,4.0,31.0,3,Moyen,1,0,1,215000
Yopougon,127.0,6.0,20.0,0,Économique,1,1,0,203000
Marcory,61.0,3.0,37.0,3,Moyen,0,1,0,193000
Abobo,107.0,5.0,33.0,5,Moyen,0,0,0,118000
Plateau,139.0,5.0,39.0,7,Économique,0,0,1,524000
Treichville,67.0,4.0,21.0,11,Moyen,0,0,1,242000
Bingerville,208.0,7.0,26.0,3,Moyen,0,1,0,530000
Marcory,83.0,2.0,7.0,9,Moyen,1,0,1,465000
Cocody,30.0,,39.0,0,Économique,1,0,0,116000
Cocody,83.0,4.0,30.0,4,Économique,1,1,0,356000
Riviera,169.0,6.0,0.0,6,Moyen,0,0,0,642000
Yopougon,55.0,1.0,38.0,5,Moyen,0,0,0,74000
Yopougon,53.0,1.0,33.0,2,Économique,1,0,0,75000
Port-Bouët,112.0,3.0,23.0,6,Économique,1,1,0,242000
Port-Bouët,51.0,3.0,27.0,3,Économique,1,0,1,125000
Treichville,49.0,1.0,3.0,4,Moyen,0,0,0,165000
Adjamé,59.0,1.0,17.0,10,Haut standing,1,1,0,127000
Koumassi,191.0,7.0,28.0,6,Moyen,0,1,1,327000
Adjamé,118.0,4.0,22.0,1,Haut standing,0,0,1,254000
Plateau,95.0,3.0,36.0,3,Moyen,1,1,1,613000
Bingerville,61.0,2.0,26.0,3,Moyen,0,0,0,162000
Abobo,138.0,6.0,15.0,5,Économique,0,1,1,193000
Marcory,124.0,5.0,26.0,11,Moyen,0,0,0,380000
Yopougon,,,8.0,10,Économique,0,0,0,289000
Cocody,55.0,1.0,4.0,6,Moyen,0,1,0,293000
Cocody,51.0,3.0,7.0,3,Économique,0,1,0,245000
Koumassi,31.0,1.0,17.0,9,Économique,0,0,0,55000
Cocody,119.0,5.0,34.0,0,Économique,0,0,1,467000
Yopougon,104.0,3.0,5.0,0,Moyen,1,1,0,210000
Abobo,,4.0,22.0,4,Économique,0,0,1,94000
Cocody,30.0,2.0,25.0,0,Économique,1,1,1,158000
Riviera,179.0,6.0,38.0,2,Haut standing,0,0,0,762000
Marcory,101.0,5.0,23.0,8,Moyen,0,1,0,322000
Treichville,162.0,6.0,9.0,2,Économique,0,0,0,311000
Treichville,169.0,6.0,14.0,2,Économique,0,0,0,353000
Marcory,118.0,,37.0,8,Économique,1,1,1,453000
Cocody,126.0,5.0,19.0,4,Moyen,0,0,0,549000
Koumassi,66.0,4.0,28.0,11,Moyen,1,1,0,225000
Riviera,97.0,3.0,5.0,7,Économique,0,0,0,351000
Marcory,148.0,6.0,8.0,9,Haut standing,1,0,1,876000
Adjamé,59.0,2.0,4.0,8,Économique,0,1,0,92000
Koumassi,143.0,5.0,38.0,11,Économique,0,0,1,276000
Port-Bouët,139.0,7.0,18.0,5,Haut standing,0,0,0,351000
Yopougon,137.0,5.0,4.0,6,Économique,0,0,1,162000
Treichville,94.0,3.0,19.0,6,Haut standing,0,0,1,301000
Treichville,62.0,1.0,10.0,6,Moyen,0,0,1,122000
Koumassi,207.0,8.0,26.0,3,Économique,0,0,1,420000
Port-Bouët,173.0,7.0,28.0,1,Moyen,1,0,0,318000
Plateau,95.0,4.0,6.0,1,Moyen,1,1,1,760000
Yopougon,104.0,5.0,2.0,6,Haut standing,0,0,1,238000
Riviera,80.0,4.0,4.0,9,Économique,0,1,0,389000
Port-Bouët,32.0,1.0,12.0,6,Économique,0,1,0,68000
Riviera,88.0,3.0,15.0,9,Économique,1,0,0,394000
Koumassi,118.0,5.0,11.0,6,Moyen,0,0,1,312000
Yopougon,68.0,2.0,38.0,7,Économique,0,0,0,49000
Abobo,78.0,4.0,26.0,2,Économique,0,1,1,79000
Adjamé,77.0,2.0,32.0,10,Haut standing,0,1,1,180000
Cocody,98.0,3.0,14.0,4,Économique,0,1,0,383000
Abobo,82.0,3.0,20.0,5,Économique,0,1,1,116000
Adjamé,57.0,2.0,16.0,7,Moyen,0,0,1,131000
Plateau,98.0,5.0,36.0,7,Moyen,0,1,0,569000
Koumassi,115.0,4.0,14.0,9,Économique,0,0,1,240000
Abobo,102.0,3.0,19.0,2,Économique,0,1,1,108000
Riviera,30.0,1.0,18.0,11,Économique,0,0,1,140000
Cocody,126.0,5.0,0.0,3,Économique,0,0,0,509000
Marcory,48.0,3.0,3.0,5,Moyen,0,1,0,199000
Abobo,,4.0,2.0,3,Moyen,0,1,1,193000
Treichville,117.0,4.0,7.0,9,Moyen,0,1,1,364000
Koumassi,39.0,1.0,4.0,3,Moyen,0,0,0,112000
Koumassi,141.0,5.0,8.0,4,Moyen,1,1,1,473000
Cocody,206.0,9.0,0.0,9,Moyen,0,1,0,1159000
Abobo,79.0,4.0,29.0,6,Haut standing,0,0,0,126000
Yopougon,114.0,6.0,6.0,11,Moyen,0,0,1,293000
Yopougon,72.0,3.0,21.0,1,Moyen,0,1,0,93000
Riviera,48.0,1.0,19.0,1,Économique,1,1,0,246000
Port-Bouët,148.0,5.0,28.0,11,Économique,1,1,1,280000
Adjamé,115.0,4.0,26.0,9,Moyen,0,1,1,237000
Koumassi,64.0,2.0,24.0,8,Économique,0,0,1,122000
Yopougon,49.0,3.0,34.0,3,Moyen,1,1,1,88000
Riviera,,8.0,26.0,4,Moyen,1,0,0,909000
Adjamé,42.0,2.0,10.0,2,Moyen,0,0,0,74000
Koumassi,123.0,4.0,16.0,1,Moyen,0,0,1,245000
Bingerville,100.0,5.0,30.0,9,Économique,1,1,0,278000
Marcory,134.0,5.0,17.0,7,Économique,1,0,1,582000
Port-Bouët,184.0,7.0,18.0,3,Haut standing,0,1,0,377000
Marcory,20.0,1.0,37.0,11,Économique,0,1,0,66000
Treichville,52.0,2.0,28.0,0,Moyen,0,1,0,123000
Treichville,86.0,2.0,14.0,5,Économique,0,0,0,139000
Riviera,192.0,9.0,6.0,5,Économique,0,0,1,1033000
Bingerville,74.0,2.0,36.0,1,Économique,0,0,0,135000
Adjamé,66.0,3.0,36.0,1,Moyen,1,1,0,111000
Koumassi,23.0,1.0,6.0,7,Économique,0,0,0,45000
Abobo,63.0,2.0,21.0,10,Économique,0,1,0,66000
Riviera,121.0,4.0,11.0,6,Économique,1,1,0,704000
Yopougon,87.0,2.0,7.0,1,Économique,0,1,0,113000
Yopougon,,1.0,17.0,9,Économique,1,0,1,90000
Plateau,213.0,8.0,27.0,0,Économique,1,1,1,1061000
Koumassi,79.0,3.0,17.0,10,Moyen,0,0,1,166000
Koumassi,98.0,3.0,30.0,7,Économique,0,0,1,189000
Yopougon,60.0,2.0,16.0,9,Économique,1,1,0,111000
Cocody,48.0,1.0,22.0,1,Haut standing,0,0,1,218000
Port-Bouët,129.0,6.0,10.0,4,Économique,0,1,0,230000
Cocody,34.0,1.0,14.0,5,Haut standing,1,0,0,223000
Adjamé,116.0,,29.0,9,Économique,0,0,0,139000
Riviera,20.0,1.0,30.0,0,Économique,0,0,0,56000
Yopougon,108.0,5.0,5.0,1,Économique,0,1,0,182000
Marcory,50.0,1.0,11.0,9,Moyen,0,1,0,229000
Adjamé,57.0,3.0,22.0,3,Moyen,0,0,1,89000
Port-Bouët,79.0,2.0,38.0,1,Économique,0,0,1,145000
Abobo,46.0,1.0,39.0,10,Moyen,0,1,0,52000
Riviera,29.0,1.0,35.0,5,Moyen,0,1,0,98000
Cocody,83.0,4.0,34.0,3,Économique,1,1,0,444000
Yopougon,133.0,6.0,2.0,10,Moyen,0,1,0,291000
Koumassi,103.0,4.0,27.0,2,Moyen,0,0,1,228000
Bingerville,156.0,6.0,14.0,5,Économique,0,1,1,525000
Plateau,31.0,2.0,12.0,8,Économique,1,1,0,230000
Port-Bouët,74.0,3.0,18.0,7,Moyen,0,0,0,126000
Abobo,93.0,3.0,39.0,1,Haut standing,0,1,1,136000
Yopougon,57.0,3.0,17.0,2,Économique,1,1,0,102000
Cocody,95.0,5.0,30.0,1,Haut standing,1,1,0,675000
Bingerville,152.0,6.0,36.0,9,Économique,0,0,0,302000
Plateau,118.0,4.0,20.0,6,Haut standing,1,0,0,785000
Treichville,163.0,8.0,38.0,8,Moyen,1,0,1,465000
Treichville,106.0,5.0,4.0,0,Haut standing,1,0,1,535000
Bingerville,87.0,2.0,16.0,10,Moyen,0,1,0,266000
Adjamé,185.0,7.0,18.0,2,Économique,0,0,0,266000
Port-Bouët,97.0,4.0,3.0,5,Économique,0,1,1,217000
Marcory,205.0,8.0,25.0,3,Moyen,0,0,0,708000
Abobo,142.0,6.0,23.0,9,Économique,0,1,0,176000
Abobo,64.0,2.0,38.0,9,Moyen,0,0,1,76000
Port-Bouët,82.0,2.0,37.0,0,Haut standing,0,0,1,163000
Riviera,185.0,8.0,18.0,8,Économique,0,0,1,919000
Cocody,156.0,7.0,29.0,6,Moyen,0,1,1,708000
Adjamé,132.0,4.0,25.0,10,Économique,0,1,0,234000
Cocody,125.0,6.0,10.0,11,Moyen,0,0,1,770000
Abobo,43.0,1.0,38.0,6,Économique,0,0,0,33000
Marcory,49.0,2.0,2.0,11,Économique,1,1,0,222000
Treichville,103.0,3.0,21.0,0,Haut standing,1,1,0,355000
Yopougon,57.0,1.0,16.0,8,Moyen,0,0,0,90000
Abobo,80.0,4.0,10.0,11,Moyen,0,0,0,130000
Treichville,77.0,2.0,38.0,11,Moyen,0,0,0,140000
Koumassi,121.0,5.0,26.0,7,Moyen,0,0,0,287000
Yopougon,105.0,4.0,28.0,10,Moyen,0,0,0,122000
Cocody,150.0,7.0,11.0,11,Économique,0,1,0,706000
Koumassi,106.0,5.0,12.0,9,Économique,0,1,0,290000
Marcory,102.0,3.0,10.0,11,Économique,0,0,0,259000
Yopougon,92.0,5.0,30.0,4,Économique,0,1,0,117000
Adjamé,162.0,6.0,10.0,3,Économique,1,1,0,317000
Treichville,92.0,5.0,35.0,0,Économique,1,1,0,162000
Cocody,62.0,3.0,1.0,8,Moyen,0,1,0,376000
Yopougon,128.0,5.0,22.0,7,Économique,1,1,0,230000
Riviera,86.0,2.0,35.0,1,Moyen,1,1,0,383000
Abobo,142.0,5.0,13.0,3,Moyen,1,1,1,231000
Adjamé,170.0,8.0,36.0,3,Haut standing,1,0,0,305000
Abobo,82.0,3.0,26.0,6,Économique,1,0,1,98000
Marcory,167.0,7.0,11.0,2,Moyen,0,1,1,615000
Yopougon,143.0,6.0,28.0,7,Moyen,0,1,0,231000
Koumassi,68.0,2.0,5.0,10,Haut standing,1,0,0,216000
Cocody,58.0,2.0,22.0,6,Économique,0,1,1,279000
Marcory,55.0,2.0,9.0,9,Économique,1,0,0,162000
Marcory,48.0,1.0,33.0,11,Économique,1,0,1,170000
Yopougon,159.0,6.0,11.0,11,Économique,0,1,1,298000
Riviera,83.0,2.0,31.0,3,Moyen,0,1,0,271000
Cocody,198.0,9.0,25.0,8,Moyen,0,1,0,917000
Abobo,64.0,4.0,6.0,5,Économique,0,0,0,79000
Plateau,71.0,4.0,31.0,2,Économique,0,1,0,350000
Riviera,119.0,6.0,32.0,6,Économique,0,1,0,434000
Cocody,193.0,9.0,17.0,5,Économique,0,0,0,869000
Yopougon,69.0,2.0,34.0,7,Haut standing,0,0,0,108000
Koumassi,135.0,4.0,19.0,4,Haut standing,0,0,1,377000
Adjamé,92.0,3.0,30.0,5,Économique,1,1,1,185000
Yopougon,119.0,5.0,4.0,0,Économique,1,1,0,192000
Treichville,60.0,3.0,31.0,7,Haut standing,0,1,0,181000
Yopougon,129.0,5.0,18.0,0,Économique,0,1,0,198000
Marcory,80.0,3.0,0.0,2,Moyen,1,1,1,439000
Marcory,72.0,3.0,6.0,11,Haut standing,0,0,0,291000
Yopougon,90.0,5.0,21.0,1,Moyen,0,0,0,169000
Marcory,123.0,5.0,33.0,5,Économique,0,0,1,310000
Marcory,84.0,4.0,9.0,7,Économique,0,0,0,305000
Adjamé,73.0,4.0,25.0,7,Haut standing,0,1,0,209000
Riviera,86.0,4.0,31.0,6,Économique,0,0,1,366000
Abobo,85.0,3.0,26.0,6,Économique,0,0,0,75000
Cocody,118.0,,11.0,7,Moyen,0,0,1,788000
Cocody,75.0,4.0,39.0,4,Moyen,0,1,1,356000
Riviera,74.0,2.0,22.0,2,Moyen,0,1,0,260000
Treichville,60.0,,13.0,1,Économique,0,1,1,156000
Cocody,122.0,,33.0,2,Moyen,0,1,0,430000
Abobo,98.0,3.0,16.0,10,Économique,1,1,1,161000
Abobo,161.0,6.0,5.0,10,Économique,0,0,0,218000
Abobo,151.0,5.0,26.0,2,Moyen,0,0,1,199000
Marcory,103.0,5.0,7.0,11,Économique,0,0,1,393000
Cocody,87.0,2.0,32.0,6,Économique,1,0,1,336000
Riviera,92.0,3.0,34.0,0,Économique,1,1,1,331000
Marcory,66.0,4.0,16.0,6,Moyen,0,0,0,259000
Adjamé,60.0,1.0,25.0,5,Moyen,0,1,0,117000
Adjamé,56.0,3.0,6.0,10,Moyen,0,0,0,134000
Abobo,84.0,3.0,23.0,9,Moyen,0,0,0,91000
Treichville,20.0,1.0,,1,Moyen,1,1,1,62000
Marcory,190.0,8.0,34.0,9,Moyen,0,0,1,580000
Abobo,217.0,8.0,25.0,0,Économique,0,0,0,165000
Bingerville,52.0,3.0,4.0,8,Économique,0,0,0,169000
Riviera,215.0,8.0,37.0,1,Moyen,0,0,1,774000
Cocody,53.0,2.0,34.0,3,Économique,0,1,0,225000
Plateau,92.0,5.0,29.0,8,Économique,0,1,1,427000
Riviera,111.0,5.0,24.0,8,Économique,0,0,0,411000
Koumassi,96.0,4.0,23.0,11,Moyen,0,1,0,185000
Bingerville,69.0,3.0,,10,Moyen,0,1,1,215000
Marcory,,2.0,19.0,0,Moyen,0,0,0,221000
Abobo,136.0,4.0,2.0,1,Moyen,0,0,0,174000
Adjamé,164.0,8.0,31.0,1,Haut standing,0,1,1,353000
Adjamé,33.0,1.0,7.0,11,Économique,1,1,0,65000
Yopougon,104.0,4.0,22.0,1,Moyen,0,0,0,142000
Cocody,123.0,4.0,15.0,7,Économique,0,0,1,560000
Abobo,101.0,3.0,34.0,7,Économique,1,0,1,130000
Marcory,42.0,3.0,24.0,9,Haut standing,1,0,0,193000
Yopougon,119.0,5.0,,11,Économique,1,0,0,194000
Riviera,153.0,6.0,7.0,7,Économique,0,1,1,962000
Yopougon,59.0,2.0,33.0,11,Moyen,0,1,0,88000
Port-Bouët,68.0,3.0,24.0,3,Économique,0,1,0,131000
Plateau,102.0,3.0,18.0,7,Moyen,0,0,0,431000
Adjamé,88.0,3.0,12.0,6,Économique,0,0,0,154000
Riviera,69.0,2.0,11.0,7,Économique,1,0,0,355000
Cocody,48.0,3.0,14.0,0,Moyen,0,1,1,278000
Cocody,72.0,3.0,22.0,2,Moyen,0,0,0,249000
Yopougon,25.0,1.0,39.0,9,Économique,0,0,0,30000
Cocody,125.0,5.0,1.0,5,Moyen,0,0,0,703000
Koumassi,63.0,2.0,39.0,0,Moyen,1,1,1,112000
Riviera,134.0,6.0,22.0,3,Moyen,0,1,0,798000
Yopougon,82.0,2.0,4.0,8,Économique,0,0,0,137000
Marcory,99.0,5.0,33.0,6,Économique,0,1,0,230000
Yopougon,36.0,1.0,9.0,0,Économique,1,1,0,66000
Koumassi,129.0,4.0,26.0,11,Économique,1,0,0,259000
Cocody,278.0,10.0,3.0,5,Économique,0,0,0,1368000
Abobo,75.0,2.0,3.0,5,Économique,0,1,0,66000
Abobo,98.0,4.0,7.0,11,Moyen,0,0,1,160000
Abobo,104.0,5.0,5.0,1,Moyen,1,1,1,177000
Marcory,44.0,3.0,24.0,5,Économique,0,0,1,147000
Koumassi,51.0,1.0,26.0,9,Moyen,0,0,0,83000
Cocody,120.0,5.0,39.0,1,Moyen,0,0,1,558000
Marcory,59.0,3.0,19.0,7,Économique,1,1,0,238000
Bingerville,81.0,4.0,26.0,6,Moyen,1,1,0,231000
Koumassi,99.0,5.0,6.0,5,Économique,0,0,0,144000
Cocody,122.0,6.0,22.0,9,Moyen,0,0,1,698000
Marcory,84.0,4.0,19.0,5,Économique,0,0,0,226000
Marcory,85.0,2.0,33.0,8,Économique,0,1,0,232000
Marcory,256.0,9.0,28.0,8,Économique,0,1,1,704000
Marcory,145.0,5.0,4.0,9,Moyen,1,0,0,742000
Cocody,77.0,4.0,26.0,9,Moyen,1,1,0,523000
Yopougon,85.0,4.0,11.0,1,Économique,1,1,0,165000
Koumassi,209.0,9.0,16.0,2,Économique,0,0,0,342000
Abobo,122.0,4.0,36.0,9,Moyen,0,1,1,138000
Adjamé,154.0,7.0,33.0,6,Haut standing,1,0,0,367000
Cocody,76.0,2.0,29.0,10,Moyen,0,1,0,297000
Riviera,71.0,4.0,35.0,9,Haut standing,0,0,0,374000
Port-Bouët,184.0,6.0,5.0,11,Économique,0,1,0,360000
Port-Bouët,89.0,4.0,31.0,8,Économique,1,1,0,178000
Port-Bouët,88.0,5.0,31.0,11,Moyen,1,1,0,209000
Riviera,73.0,4.0,8.0,5,Économique,0,0,1,349000
Abobo,,5.0,21.0,10,Économique,0,1,0,173000
Marcory,159.0,7.0,9.0,0,Économique,1,1,1,649000
Abobo,101.0,3.0,,10,Économique,1,1,1,136000
Koumassi,49.0,1.0,10.0,6,Économique,0,0,0,86000
Koumassi,69.0,3.0,27.0,10,Haut standing,0,1,0,172000
Abobo,167.0,7.0,1.0,0,Économique,0,1,0,219000
Cocody,102.0,5.0,20.0,4,Économique,0,1,0,314000
Yopougon,152.0,7.0,30.0,8,Économique,1,0,1,302000
Riviera,112.0,3.0,16.0,9,Moyen,0,0,0,520000
Abobo,53.0,1.0,26.0,10,Moyen,0,0,1,67000
Abobo,118.0,4.0,29.0,9,Économique,0,0,1,138000
Marcory,90.0,,7.0,8,Économique,0,0,1,262000
Yopougon,70.0,4.0,36.0,0,Moyen,0,1,0,78000
Bingerville,73.0,3.0,4.0,5,Économique,1,1,0,209000
Adjamé,150.0,7.0,25.0,2,Haut standing,0,0,0,341000
Koumassi,104.0,5.0,5.0,11,Moyen,0,1,1,321000
Yopougon,101.0,5.0,15.0,8,Économique,0,1,0,170000
Abobo,193.0,8.0,0.0,11,Haut standing,1,1,1,579000
Marcory,64.0,4.0,8.0,2,Économique,1,1,0,194000
Adjamé,88.0,4.0,,1,Économique,0,1,0,127000
Yopougon,66.0,2.0,6.0,7,Économique,0,0,0,90000
Yopougon,117.0,6.0,14.0,2,Moyen,0,1,0,227000
Abobo,101.0,,23.0,4,Économique,0,0,0,99000
Riviera,76.0,2.0,4.0,11,Économique,0,1,0,462000
Cocody,81.0,2.0,37.0,5,Économique,1,1,0,285000
Port-Bouët,143.0,7.0,28.0,11,Moyen,0,0,1,335000
Treichville,161.0,5.0,10.0,9,Économique,1,1,0,541000
Yopougon,68.0,4.0,3.0,9,Économique,0,0,1,149000
Cocody,284.0,10.0,9.0,0,Moyen,0,0,1,1364000
Treichville,43.0,3.0,33.0,6,Moyen,0,0,0,87000
Yopougon,52.0,3.0,3.0,10,Moyen,0,1,0,117000
Cocody,79.0,4.0,9.0,6,Économique,0,0,0,377000
Yopougon,62.0,1.0,32.0,4,Moyen,1,1,0,106000
Riviera,58.0,3.0,17.0,8,Moyen,0,1,1,373000
Cocody,159.0,5.0,11.0,10,Économique,0,1,1,772000
Koumassi,119.0,5.0,22.0,1,Moyen,1,1,0,262000
Yopougon,96.0,3.0,24.0,4,Moyen,1,1,1,203000
Adjamé,70.0,2.0,36.0,1,Moyen,0,0,1,114000
Marcory,53.0,3.0,3.0,1,Haut standing,1,0,0,282000
Plateau,52.0,1.0,12.0,11,Moyen,0,1,0,269000
Plateau,159.0,,17.0,10,Économique,0,1,0,834000
Cocody,155.0,7.0,28.0,8,Haut standing,0,0,0,939000
Plateau,80.0,2.0,29.0,6,Économique,1,1,0,321000
Adjamé,41.0,1.0,37.0,3,Moyen,0,0,0,60000
Bingerville,124.0,6.0,27.0,10,Économique,0,1,0,364000
Port-Bouët,81.0,4.0,6.0,7,Économique,0,1,1,235000
Adjamé,146.0,5.0,23.0,10,Moyen,0,1,0,283000
Cocody,,1.0,9.0,10,Économique,0,1,0,285000
Marcory,96.0,5.0,36.0,3,Moyen,0,1,0,326000
Treichville,49.0,3.0,26.0,0,Moyen,0,1,0,140000
Marcory,63.0,3.0,20.0,11,Économique,0,1,1,207000
Abobo,62.0,2.0,35.0,9,Moyen,0,0,1,94000
Abobo,80.0,3.0,28.0,2,Moyen,0,0,0,87000
Yopougon,165.0,8.0,6.0,9,Moyen,0,1,1,385000
Yopougon,98.0,5.0,12.0,11,Moyen,0,0,0,179000
Port-Bouët,134.0,6.0,22.0,0,Économique,1,0,0,298000
Koumassi,95.0,3.0,24.0,1,Économique,0,1,1,218000
Treichville,74.0,4.0,12.0,1,Économique,0,1,1,228000
Riviera,28.0,1.0,36.0,6,Économique,1,0,1,111000
Riviera,53.0,3.0,29.0,3,Moyen,0,0,1,280000
Treichville,92.0,5.0,25.0,9,Économique,0,1,0,196000
Yopougon,100.0,3.0,11.0,11,Haut standing,1,1,0,240000
Yopougon,146.0,7.0,0.0,8,Moyen,0,1,0,259000
Riviera,35.0,2.0,17.0,1,Économique,0,0,1,139000
Bingerville,235.0,10.0,20.0,8,Économique,1,1,1,982000
Cocody,28.0,1.0,23.0,5,Moyen,0,1,1,143000
Yopougon,,5.0,16.0,9,Moyen,0,1,0,170000
Abobo,67.0,2.0,8.0,7,Haut standing,0,0,1,125000
Yopougon,53.0,1.0,39.0,6,Économique,0,0,1,59000
Marcory,187.0,6.0,27.0,10,Économique,0,1,0,447000
Bingerville,69.0,4.0,14.0,7,Haut standing,0,1,0,236000
Adjamé,34.0,1.0,12.0,8,Économique,1,1,1,97000
Port-Bouët,45.0,2.0,,11,Moyen,1,1,1,114000
Bingerville,155.0,5.0,16.0,7,Économique,0,1,0,377000
Koumassi,46.0,3.0,8.0,5,Moyen,1,0,0,108000
Yopougon,40.0,2.0,20.0,7,Économique,0,1,0,58000
Abobo,101.0,,29.0,7,Moyen,0,1,1,137000
Plateau,79.0,3.0,10.0,1,Moyen,1,1,1,571000
Adjamé,115.0,4.0,29.0,1,Haut standing,0,1,1,270000
Plateau,74.0,4.0,35.0,10,Économique,0,0,0,235000
Adjamé,130.0,5.0,24.0,0,Économique,0,0,1,210000
Marcory,43.0,1.0,6.0,9,Économique,0,0,0,131000
Cocody,38.0,1.0,19.0,1,Haut standing,0,1,1,196000
Plateau,105.0,4.0,34.0,6,Moyen,0,1,0,401000
Cocody,80.0,3.0,9.0,10,Moyen,1,0,1,495000
Koumassi,72.0,3.0,34.0,2,Économique,0,0,0,92000
Koumassi,124.0,5.0,0.0,3,Moyen,0,1,1,364000
Abobo,252.0,9.0,13.0,3,Économique,0,0,0,278000
Plateau,39.0,1.0,4.0,3,Économique,0,0,0,193000
Cocody,168.0,6.0,39.0,1,Moyen,1,1,0,789000
Cocody,127.0,6.0,37.0,10,Économique,1,0,0,451000
Plateau,71.0,3.0,33.0,5,Moyen,1,1,0,437000
Bingerville,194.0,7.0,23.0,0,Moyen,0,0,0,530000
Marcory,45.0,2.0,3.0,11,Haut standing,1,1,0,295000
Yopougon,113.0,5.0,26.0,4,Moyen,0,1,1,193000
Cocody,83.0,2.0,4.0,1,Économique,0,0,1,342000
Marcory,71.0,3.0,12.0,8,Moyen,0,1,0,289000
Abobo,49.0,2.0,39.0,1,Économique,1,0,0,47000
Abobo,302.0,10.0,20.0,5,Économique,0,1,0,344000
Marcory,70.0,3.0,36.0,3,Moyen,0,1,0,213000
Cocody,21.0,1.0,31.0,5,Haut standing,0,1,1,123000
Yopougon,137.0,4.0,37.0,1,Économique,0,0,0,130000
Marcory,108.0,3.0,30.0,11,Économique,1,0,1,353000
Marcory,79.0,3.0,31.0,1,Moyen,0,1,0,232000
Riviera,75.0,3.0,14.0,11,Économique,0,0,1,338000
Abobo,88.0,4.0,29.0,6,Moyen,0,1,1,102000
Abobo,138.0,7.0,6.0,2,Économique,1,0,0,213000
Yopougon,109.0,4.0,37.0,2,Économique,0,0,1,129000
Yopougon,118.0,6.0,30.0,6,Moyen,0,0,0,150000
Abobo,118.0,6.0,25.0,7,Haut standing,0,1,0,200000
Adjamé,141.0,7.0,35.0,6,Moyen,0,1,1,282000
Adjamé,161.0,5.0,25.0,2,Moyen,1,0,1,300000
Plateau,63.0,4.0,1.0,2,Économique,1,0,0,441000
Yopougon,,4.0,8.0,6,Haut standing,0,0,0,244000
Yopougon,28.0,1.0,4.0,2,Économique,0,0,0,38000
Bingerville,157.0,5.0,26.0,1,Haut standing,0,1,1,554000
Abobo,63.0,2.0,11.0,6,Moyen,0,1,1,112000
Abobo,175.0,7.0,34.0,2,Économique,0,1,0,124000
Cocody,63.0,2.0,28.0,4,Économique,0,1,1,325000
Abobo,111.0,3.0,15.0,6,Moyen,1,1,0,174000
Cocody,,,18.0,1,Économique,1,1,0,458000
Treichville,73.0,4.0,26.0,7,Haut standing,1,1,0,235000
Plateau,115.0,4.0,17.0,1,Économique,0,1,0,440000
Adjamé,162.0,6.0,12.0,3,Économique,1,0,0,281000
Marcory,79.0,4.0,29.0,3,Économique,0,1,0,197000
Yopougon,169.0,7.0,25.0,7,Économique,0,1,0,171000
Bingerville,62.0,1.0,5.0,10,Moyen,1,1,0,217000
Marcory,163.0,7.0,2.0,0,Moyen,1,1,0,705000
Yopougon,97.0,4.0,22.0,11,Moyen,1,0,0,153000
Yopougon,107.0,4.0,11.0,8,Économique,1,0,0,220000
Cocody,48.0,2.0,14.0,5,Haut standing,1,1,0,395000
Port-Bouët,71.0,2.0,0.0,3,Économique,0,1,0,131000
Cocody,90.0,3.0,7.0,5,Haut standing,1,1,1,831000
Yopougon,153.0,7.0,30.0,5,Économique,0,0,0,199000
Abobo,82.0,4.0,10.0,8,Moyen,0,0,0,92000
Abobo,59.0,3.0,16.0,10,Moyen,1,0,1,112000
Adjamé,103.0,5.0,26.0,11,Économique,1,1,0,209000
Marcory,221.0,9.0,30.0,3,Économique,0,1,0,653000
Cocody,109.0,5.0,,7,Moyen,1,1,0,556000
Koumassi,82.0,4.0,13.0,0,Économique,0,1,0,175000
Abobo,103.0,4.0,,5,Moyen,1,1,1,196000
Port-Bouët,57.0,1.0,4.0,4,Moyen,0,0,0,123000
Port-Bouët,180.0,8.0,29.0,2,Moyen,0,0,0,252000
Port-Bouët,179.0,6.0,33.0,3,Haut standing,1,1,0,571000
Yopougon,55.0,3.0,18.0,7,Économique,1,0,0,101000
Treichville,177.0,6.0,30.0,10,Économique,1,1,0,441000
Port-Bouët,104.0,5.0,15.0,10,Économique,1,1,0,278000
Yopougon,128.0,4.0,26.0,9,Moyen,0,0,1,248000
Plateau,91.0,3.0,25.0,10,Haut standing,0,0,1,496000
Bingerville,95.0,5.0,38.0,1,Haut standing,1,0,0,377000
Bingerville,66.0,2.0,28.0,7,Haut standing,1,1,1,291000
Yopougon,56.0,3.0,38.0,6,Haut standing,0,0,1,95000
Cocody,54.0,3.0,28.0,0,Haut standing,0,0,1,293000
Yopougon,155.0,6.0,30.0,1,Économique,0,1,0,143000
Port-Bouët,100.0,5.0,1.0,6,Haut standing,0,0,1,342000
Riviera,57.0,3.0,5.0,10,Moyen,1,0,0,256000
Marcory,96.0,5.0,8.0,10,Économique,0,0,1,345000
Cocody,35.0,2.0,14.0,2,Économique,0,0,0,138000
Bingerville,57.0,2.0,19.0,1,Économique,1,1,1,183000
Yopougon,163.0,7.0,1.0,0,Moyen,0,1,0,229000
Abobo,70.0,3.0,2.0,6,Moyen,1,0,1,149000
Riviera,153.0,,29.0,2,Économique,0,1,0,421000
Cocody,87.0,2.0,7.0,5,Moyen,0,0,1,404000
Abobo,129.0,6.0,39.0,9,Économique,0,1,1,134000
Cocody,49.0,2.0,20.0,7,Moyen,0,1,0,237000
Yopougon,119.0,6.0,38.0,5,Moyen,0,1,0,180000
Port-Bouët,24.0,1.0,12.0,6,Haut standing,1,0,0,74000
Yopougon,73.0,4.0,39.0,10,Économique,0,0,0,108000
Riviera,167.0,6.0,36.0,5,Haut standing,0,1,1,878000
Abobo,93.0,,31.0,6,Économique,1,0,0,112000
Treichville,55.0,1.0,13.0,4,Économique,0,1,0,121000
Marcory,160.0,5.0,0.0,8,Moyen,1,0,1,809000
Yopougon,235.0,10.0,26.0,2,Moyen,0,0,0,318000
Yopougon,80.0,3.0,23.0,5,Haut standing,0,1,0,145000
Cocody,36.0,1.0,21.0,8,Moyen,0,1,0,244000
Yopougon,94.0,5.0,13.0,0,Haut standing,0,1,0,240000
Yopougon,132.0,6.0,7.0,4,Économique,0,0,0,180000
Koumassi,83.0,4.0,26.0,3,Économique,0,0,0,151000
Adjamé,26.0,1.0,2.0,8,Moyen,0,1,0,64000
Adjamé,126.0,6.0,32.0,10,Économique,1,1,1,255000
Cocody,62.0,3.0,20.0,10,Haut standing,1,1,0,600000
Marcory,72.0,4.0,31.0,0,Moyen,0,1,1,244000
Adjamé,38.0,1.0,39.0,3,Moyen,0,0,1,70000
Yopougon,20.0,2.0,31.0,0,Moyen,0,1,0,30000
Cocody,48.0,1.0,23.0,2,Moyen,0,1,1,265000
Port-Bouët,69.0,4.0,10.0,3,Économique,1,1,0,198000
Koumassi,68.0,2.0,36.0,0,Moyen,0,0,1,104000
Abobo,184.0,,,4,Moyen,0,1,1,236000
Cocody,52.0,2.0,17.0,5,Haut standing,0,1,0,316000
Koumassi,,6.0,10.0,0,Économique,0,1,1,387000
Abobo,99.0,4.0,26.0,9,Moyen,1,0,0,168000
Koumassi,198.0,7.0,37.0,10,Économique,0,0,0,279000
Koumassi,88.0,5.0,0.0,9,Économique,1,1,0,255000
Port-Bouët,28.0,2.0,28.0,11,Moyen,0,1,1,67000
Abobo,84.0,2.0,20.0,11,Économique,0,0,0,71000
Plateau,21.0,2.0,28.0,3,Moyen,0,0,0,118000
Adjamé,48.0,1.0,8.0,3,Moyen,1,1,1,117000
Abobo,85.0,4.0,6.0,0,Économique,0,1,1,120000
Koumassi,86.0,2.0,37.0,1,Moyen,0,0,1,168000
Plateau,144.0,6.0,30.0,10,Économique,0,0,0,642000
Marcory,114.0,5.0,26.0,9,Haut standing,0,1,0,463000
Bingerville,188.0,9.0,31.0,4,Économique,1,0,1,512000
Koumassi,144.0,7.0,4.0,1,Économique,0,0,0,297000
Riviera,135.0,6.0,32.0,2,Moyen,0,1,1,584000
Koumassi,225.0,10.0,14.0,8,Haut standing,0,0,0,834000
Abobo,140.0,6.0,4.0,4,Haut standing,0,0,1,240000
Adjamé,173.0,7.0,19.0,0,Économique,1,0,1,328000
Bingerville,35.0,1.0,37.0,4,Économique,0,1,1,73000
Abobo,78.0,4.0,36.0,2,Moyen,0,0,0,79000
Abobo,112.0,4.0,16.0,0,Moyen,1,0,1,185000
Plateau,95.0,3.0,3.0,2,Économique,0,0,0,402000
Yopougon,61.0,1.0,20.0,10,Économique,1,0,0,98000
Koumassi,136.0,4.0,33.0,5,Économique,1,1,0,216000
Marcory,152.0,6.0,39.0,9,Économique,0,1,0,436000
Marcory,88.0,3.0,4.0,4,Moyen,0,1,0,324000
Treichville,80.0,4.0,3.0,11,Économique,0,0,1,238000
Marcory,70.0,2.0,21.0,11,Économique,0,0,0,232000
Marcory,139.0,5.0,13.0,0,Économique,0,0,0,367000
Yopougon,79.0,3.0,3.0,10,Économique,1,0,1,175000
Riviera,94.0,3.0,7.0,1,Économique,1,0,0,471000
Yopougon,164.0,7.0,2.0,4,Moyen,0,0,0,342000
Plateau,106.0,4.0,28.0,8,Haut standing,1,1,0,828000
Cocody,94.0,5.0,25.0,10,Économique,0,1,0,411000
Adjamé,67.0,2.0,29.0,11,Moyen,0,1,0,116000
Yopougon,91.0,5.0,11.0,11,Moyen,0,0,0,176000
Port-Bouët,62.0,3.0,14.0,4,Économique,0,1,1,121000
Adjamé,103.0,3.0,1.0,4,Économique,1,0,1,254000
Port-Bouët,71.0,2.0,0.0,0,Économique,0,0,1,146000
Marcory,76.0,3.0,27.0,4,Moyen,0,0,0,196000
Adjamé,91.0,3.0,39.0,7,Moyen,0,0,0,114000
Marcory,200.0,8.0,34.0,8,Économique,0,0,0,508000
Riviera,35.0,2.0,33.0,9,Moyen,1,0,0,162000
Abobo,111.0,5.0,3.0,2,Moyen,1,0,1,227000
Treichville,48.0,2.0,17.0,3,Économique,0,1,0,103000
Marcory,79.0,2.0,11.0,6,Moyen,0,0,1,317000
Marcory,68.0,2.0,20.0,6,Économique,0,0,0,204000
Adjamé,66.0,3.0,9.0,0,Moyen,0,0,0,111000
Marcory,67.0,4.0,20.0,10,Économique,0,0,0,206000
Abobo,80.0,3.0,39.0,5,Moyen,0,1,0,99000
Marcory,62.0,1.0,24.0,11,Économique,1,0,1,228000
Adjamé,63.0,2.0,,8,Moyen,0,1,1,140000
Port-Bouët,68.0,3.0,5.0,4,Économique,0,1,0,156000
Koumassi,66.0,2.0,13.0,7,Moyen,0,1,0,143000
Koumassi,57.0,3.0,,10,Économique,0,0,0,89000
Plateau,123.0,5.0,39.0,9,Économique,0,0,0,472000
Cocody,75.0,4.0,39.0,10,Économique,0,1,0,339000
Adjamé,82.0,4.0,17.0,8,Économique,0,1,1,151000
Yopougon,79.0,3.0,29.0,9,Moyen,0,1,1,142000
Yopougon,65.0,3.0,8.0,9,Haut standing,0,1,0,146000
Cocody,56.0,1.0,13.0,2,Moyen,0,1,0,308000
Marcory,129.0,4.0,16.0,0,Haut standing,1,0,1,684000
Cocody,58.0,2.0,33.0,1,Économique,1,1,0,245000
Bingerville,60.0,2.0,21.0,4,Économique,1,1,0,198000
Marcory,148.0,5.0,31.0,9,Moyen,0,1,0,428000
Abobo,68.0,2.0,11.0,6,Haut standing,0,1,0,106000
Cocody,91.0,3.0,15.0,10,Moyen,0,1,0,621000
Adjamé,77.0,3.0,21.0,5,Économique,0,1,0,124000
Treichville,89.0,4.0,37.0,3,Économique,1,0,0,202000
Bingerville,182.0,6.0,38.0,8,Économique,0,0,1,376000
Bingerville,62.0,3.0,1.0,11,Économique,1,1,0,215000
Treichville,123.0,6.0,7.0,10,Moyen,1,1,0,440000
Riviera,129.0,4.0,0.0,3,Économique,1,1,1,780000
Riviera,124.0,5.0,39.0,2,Haut standing,1,0,1,562000
Port-Bouët,178.0,7.0,4.0,10,Haut standing,0,0,0,458000
Port-Bouët,,2.0,35.0,4,Haut standing,0,0,1,64000
Marcory,41.0,1.0,16.0,3,Haut standing,0,0,0,164000
Abobo,55.0,3.0,29.0,1,Économique,0,0,1,56000
Cocody,70.0,4.0,14.0,2,Haut standing,0,0,1,441000
Cocody,104.0,3.0,19.0,6,Économique,0,0,1,382000
Riviera,57.0,3.0,35.0,11,Haut standing,1,1,1,501000
Treichville,57.0,2.0,1.0,1,Économique,0,1,1,148000
Koumassi,96.0,5.0,3.0,0,Économique,1,0,0,267000
Port-Bouët,116.0,4.0,23.0,1,Économique,0,0,0,129000
Bingerville,90.0,4.0,1.0,11,Économique,1,1,1,446000
Riviera,119.0,5.0,1.0,7,Haut standing,0,1,1,998000
Marcory,37.0,2.0,0.0,7,Moyen,0,0,1,146000
Cocody,63.0,3.0,12.0,11,Moyen,0,0,1,341000
Yopougon,54.0,1.0,5.0,9,Moyen,1,0,0,124000
Cocody,68.0,4.0,21.0,1,Moyen,0,0,1,299000
Cocody,88.0,4.0,16.0,5,Économique,1,0,1,516000
Yopougon,32.0,1.0,21.0,10,Moyen,0,0,0,46000
Koumassi,68.0,4.0,5.0,11,Moyen,0,1,1,233000
Abobo,62.0,1.0,2.0,10,Moyen,0,0,0,105000
Treichville,39.0,2.0,5.0,10,Haut standing,1,1,1,185000
Adjamé,121.0,6.0,16.0,6,Moyen,0,0,1,288000
Marcory,90.0,5.0,34.0,0,Économique,1,1,0,325000
Cocody,69.0,3.0,36.0,6,Haut standing,0,1,0,273000
Koumassi,194.0,7.0,34.0,11,Haut standing,0,1,0,511000
Abobo,41.0,2.0,22.0,10,Haut standing,0,0,0,66000
Koumassi,199.0,9.0,7.0,7,Moyen,0,0,0,524000
Cocody,80.0,4.0,6.0,8,Économique,0,0,0,301000
Port-Bouët,,2.0,9.0,7,Économique,1,1,0,154000
Abobo,70.0,2.0,25.0,2,Économique,1,0,0,77000
Abobo,74.0,3.0,9.0,7,Moyen,0,1,1,104000
Abobo,,7.0,18.0,2,Économique,0,0,0,223000
Bingerville,104.0,3.0,22.0,5,Moyen,0,0,1,329000
Abobo,49.0,3.0,30.0,3,Haut standing,1,1,0,87000
Abobo,129.0,4.0,32.0,6,Haut standing,1,0,1,222000
Riviera,74.0,4.0,1.0,7,Économique,0,0,1,374000
Koumassi,20.0,1.0,27.0,9,Économique,0,1,0,31000
Yopougon,127.0,4.0,31.0,5,Moyen,1,1,0,208000
Adjamé,,6.0,32.0,9,Moyen,0,0,1,284000
Yopougon,76.0,2.0,8.0,3,Moyen,1,0,0,165000
Marcory,64.0,3.0,28.0,7,Haut standing,0,1,0,237000
Abobo,135.0,4.0,14.0,6,Économique,0,1,0,158000
Riviera,62.0,3.0,17.0,9,Économique,0,0,0,254000
Riviera,150.0,7.0,17.0,7,Moyen,0,1,1,885000
Treichville,63.0,3.0,6.0,9,Moyen,1,1,1,276000
Abobo,85.0,2.0,13.0,6,Économique,0,0,0,98000
Marcory,109.0,4.0,28.0,2,Moyen,0,0,0,296000
Riviera,98.0,3.0,,2,Haut standing,1,1,0,704000
Riviera,60.0,2.0,4.0,8,Économique,0,0,1,266000
Abobo,106.0,5.0,4.0,6,Haut standing,0,0,1,213000
Port-Bouët,126.0,6.0,14.0,11,Moyen,0,0,0,307000
Koumassi,51.0,2.0,25.0,0,Haut standing,0,0,1,129000
Abobo,111.0,3.0,23.0,2,Économique,0,0,1,81000
Cocody,83.0,2.0,18.0,10,Économique,0,1,0,367000
Yopougon,53.0,3.0,19.0,0,Économique,0,1,1,91000
Adjamé,104.0,3.0,8.0,5,Économique,0,0,0,180000
Adjamé,133.0,5.0,27.0,1,Économique,0,0,0,208000
Yopougon,66.0,3.0,15.0,6,Haut standing,0,1,0,162000
Riviera,107.0,3.0,10.0,7,Économique,0,1,0,410000
Plateau,74.0,4.0,33.0,5,Haut standing,0,1,1,397000
Yopougon,120.0,6.0,24.0,4,Moyen,0,1,1,188000
Adjamé,145.0,7.0,39.0,9,Économique,0,1,0,226000
Adjamé,101.0,5.0,20.0,3,Moyen,0,0,0,204000
Abobo,125.0,6.0,4.0,8,Haut standing,1,0,0,272000
Marcory,136.0,5.0,10.0,7,Moyen,0,0,0,402000
Plateau,66.0,2.0,8.0,4,Économique,0,0,1,354000
Abobo,73.0,3.0,10.0,0,Haut standing,1,1,0,147000
Abobo,108.0,5.0,36.0,7,Économique,1,1,0,135000
Plateau,161.0,7.0,0.0,7,Moyen,1,1,0,1606000
Adjamé,46.0,1.0,25.0,6,Moyen,0,0,0,85000
Yopougon,114.0,4.0,9.0,6,Économique,0,1,1,191000
Adjamé,154.0,5.0,39.0,7,Économique,0,0,0,162000
Port-Bouët,82.0,3.0,18.0,0,Haut standing,0,1,1,254000
Plateau,89.0,3.0,15.0,11,Haut standing,0,0,1,513000
Cocody,88.0,4.0,36.0,2,Moyen,1,0,0,393000
Koumassi,85.0,4.0,3.0,3,Économique,0,1,1,179000
Abobo,59.0,2.0,13.0,10,Économique,0,1,0,70000
Adjamé,,2.0,29.0,5,Économique,0,1,1,134000
Port-Bouët,60.0,2.0,6.0,9,Moyen,1,0,0,135000
Port-Bouët,121.0,5.0,11.0,11,Économique,0,1,0,179000
Riviera,34.0,1.0,23.0,9,Économique,1,1,0,143000
Abobo,,4.0,38.0,8,Moyen,1,1,0,140000
Yopougon,143.0,6.0,21.0,3,Moyen,1,1,1,270000
Yopougon,98.0,3.0,29.0,5,Haut standing,1,1,0,198000
Plateau,191.0,8.0,38.0,8,Moyen,0,0,1,1093000
Abobo,110.0,4.0,19.0,8,Moyen,1,0,1,167000
Marcory,104.0,4.0,25.0,5,Économique,0,1,0,280000
Riviera,33.0,1.0,4.0,4,Moyen,0,1,1,185000
Abobo,148.0,5.0,39.0,2,Moyen,0,0,0,148000
Abobo,56.0,1.0,5.0,4,Moyen,0,0,1,85000
Yopougon,52.0,3.0,33.0,2,Économique,0,1,1,56000
Cocody,100.0,3.0,4.0,4,Moyen,0,0,1,476000
Cocody,61.0,2.0,9.0,9,Haut standing,0,0,0,431000
Yopougon,81.0,4.0,27.0,9,Moyen,1,1,1,166000
Cocody,153.0,5.0,2.0,0,Moyen,0,0,0,820000
Abobo,180.0,6.0,12.0,5,Moyen,0,0,0,241000
Bingerville,66.0,4.0,1.0,6,Économique,0,0,0,152000
Bingerville,83.0,4.0,34.0,1,Moyen,0,0,0,163000
Adjamé,240.0,9.0,27.0,2,Haut standing,0,0,0,450000
Marcory,180.0,8.0,36.0,9,Économique,1,1,1,695000
Bingerville,137.0,5.0,22.0,8,Économique,0,1,1,383000
Bingerville,60.0,2.0,22.0,7,Moyen,0,0,1,179000
Marcory,67.0,3.0,,3,Économique,1,0,1,217000
Koumassi,136.0,4.0,38.0,10,Moyen,0,1,1,261000
Marcory,30.0,1.0,31.0,11,Économique,0,0,0,79000
Port-Bouët,149.0,7.0,1.0,7,Moyen,1,1,1,371000
Riviera,167.0,7.0,15.0,10,Moyen,0,0,1,840000
Cocody,77.0,4.0,15.0,7,Économique,0,1,0,354000
Bingerville,182.0,7.0,2.0,5,Économique,0,1,1,538000
Abobo,113.0,6.0,27.0,0,Économique,0,1,0,112000
Riviera,48.0,2.0,28.0,1,Économique,0,0,0,127000
Yopougon,95.0,4.0,19.0,3,Moyen,1,1,1,216000
Port-Bouët,64.0,3.0,35.0,3,Économique,0,0,0,79000
Cocody,101.0,5.0,32.0,1,Moyen,0,1,0,438000
Treichville,46.0,3.0,21.0,8,Moyen,0,0,1,130000
Cocody,189.0,8.0,7.0,1,Économique,1,0,1,1070000
Riviera,120.0,6.0,23.0,5,Économique,1,1,0,658000
Port-Bouët,,4.0,36.0,4,Économique,1,0,0,118000
Bingerville,103.0,3.0,19.0,3,Moyen,0,0,1,297000
Riviera,90.0,4.0,11.0,5,Économique,1,0,0,477000
Cocody,192.0,9.0,19.0,3,Économique,1,0,0,983000
Yopougon,89.0,5.0,19.0,8,Économique,0,1,0,128000
Cocody,100.0,5.0,3.0,10,Haut standing,1,0,1,763000
Marcory,42.0,3.0,29.0,9,Moyen,1,1,1,177000
Marcory,101.0,3.0,30.0,6,Haut standing,1,1,0,458000
Yopougon,111.0,5.0,21.0,2,Économique,1,0,1,191000
Marcory,52.0,3.0,14.0,11,Économique,1,0,1,244000
Cocody,128.0,4.0,37.0,9,Économique,1,0,1,529000
Plateau,28.0,1.0,36.0,3,Haut standing,0,1,1,154000
Plateau,83.0,3.0,27.0,0,Économique,1,1,1,375000
Riviera,41.0,1.0,10.0,5,Moyen,0,0,0,158000
Koumassi,93.0,,13.0,1,Économique,1,0,0,179000
Riviera,75.0,3.0,10.0,3,Moyen,1,1,1,566000
Yopougon,114.0,4.0,8.0,4,Économique,1,1,1,198000
Marcory,88.0,5.0,23.0,11,Moyen,1,1,1,386000
Port-Bouët,113.0,4.0,9.0,7,Haut standing,0,1,0,287000
Treichville,94.0,3.0,37.0,2,Économique,0,1,1,217000
Treichville,152.0,5.0,36.0,5,Moyen,0,1,1,388000
Marcory,142.0,5.0,31.0,0,Moyen,0,1,1,437000
Cocody,62.0,1.0,19.0,8,Moyen,0,1,0,238000
Marcory,147.0,7.0,13.0,11,Économique,0,1,1,578000
Yopougon,110.0,4.0,37.0,0,Économique,0,0,0,123000
Adjamé,159.0,5.0,,1,Moyen,0,0,1,382000
Cocody,53.0,3.0,23.0,0,Économique,0,1,1,173000
Marcory,46.0,1.0,31.0,7,Haut standing,1,0,0,169000
Port-Bouët,46.0,3.0,9.0,3,Moyen,0,1,1,120000
Plateau,182.0,7.0,15.0,1,Moyen,0,1,1,1231000
Treichville,161.0,,38.0,6,Économique,1,0,0,301000
Bingerville,142.0,7.0,31.0,7,Moyen,0,0,1,366000
Plateau,43.0,2.0,17.0,8,Moyen,0,0,0,216000
Cocody,143.0,6.0,,4,Moyen,0,0,1,562000
Yopougon,45.0,3.0,6.0,2,Économique,1,1,0,67000
Treichville,20.0,1.0,17.0,0,Haut standing,0,0,0,75000
Abobo,74.0,2.0,17.0,7,Économique,1,1,1,106000
Port-Bouët,84.0,3.0,2.0,5,Économique,0,0,0,146000
Cocody,171.0,6.0,0.0,4,Haut standing,0,1,0,970000
Abobo,53.0,2.0,32.0,6,Moyen,0,0,1,61000
Yopougon,249.0,10.0,6.0,4,Économique,0,1,1,402000
Plateau,101.0,5.0,9.0,10,Haut standing,1,0,1,1071000
Abobo,87.0,2.0,7.0,3,Économique,0,0,1,88000
Marcory,86.0,3.0,31.0,4,Économique,1,1,1,293000
Yopougon,46.0,1.0,22.0,11,Moyen,0,1,0,73000
Cocody,77.0,2.0,16.0,10,Économique,0,0,0,328000
Yopougon,105.0,5.0,13.0,6,Haut standing,0,0,0,208000
Treichville,144.0,5.0,,10,Moyen,1,1,0,518000
Port-Bouët,75.0,4.0,24.0,5,Économique,0,1,0,139000
Cocody,100.0,4.0,20.0,9,Haut standing,0,0,1,686000
Yopougon,133.0,4.0,5.0,9,Économique,0,0,0,205000
Yopougon,74.0,4.0,19.0,11,Moyen,0,0,1,133000
Koumassi,149.0,5.0,19.0,10,Haut standing,0,0,1,480000
Abobo,121.0,5.0,25.0,8,Haut standing,0,0,0,162000
Adjamé,137.0,4.0,31.0,9,Économique,1,0,0,261000
Koumassi,31.0,1.0,7.0,1,Économique,0,0,1,71000
Bingerville,79.0,4.0,28.0,6,Économique,1,0,1,265000
Treichville,65.0,3.0,16.0,0,Moyen,0,0,1,179000
Abobo,27.0,1.0,17.0,7,Moyen,0,0,0,31000
Port-Bouët,206.0,8.0,39.0,3,Économique,1,0,1,367000
Riviera,142.0,5.0,17.0,7,Économique,0,0,1,593000
Bingerville,38.0,3.0,10.0,7,Moyen,0,0,0,126000
Yopougon,174.0,6.0,11.0,3,Économique,0,0,0,246000
Marcory,89.0,3.0,14.0,3,Économique,1,1,1,397000
Yopougon,115.0,4.0,25.0,4,Haut standing,0,0,0,173000
Koumassi,66.0,3.0,2.0,6,Économique,1,1,1,182000
Yopougon,148.0,7.0,2.0,5,Moyen,0,0,1,256000
Yopougon,88.0,4.0,37.0,0,Économique,0,0,0,98000
Port-Bouët,118.0,4.0,34.0,5,Économique,0,1,1,231000
Yopougon,156.0,5.0,8.0,2,Moyen,1,0,0,241000
Bingerville,126.0,6.0,39.0,8,Moyen,1,0,0,341000
Yopougon,75.0,3.0,3.0,2,Moyen,0,0,1,117000
Treichville,88.0,3.0,19.0,8,Économique,0,0,1,200000
Yopougon,139.0,5.0,14.0,4,Moyen,0,0,0,160000
Koumassi,20.0,2.0,28.0,11,Moyen,0,1,0,51000
Cocody,80.0,2.0,4.0,9,Économique,0,0,0,386000
Marcory,92.0,4.0,38.0,7,Haut standing,1,1,0,413000
Riviera,107.0,4.0,39.0,8,Haut standing,0,0,1,562000
Plateau,66.0,2.0,6.0,8,Haut standing,1,0,1,669000
Abobo,87.0,2.0,7.0,6,Moyen,0,1,1,131000
Abobo,101.0,3.0,31.0,9,Économique,0,0,0,79000
Yopougon,100.0,5.0,35.0,0,Moyen,1,1,0,154000
Abobo,98.0,5.0,32.0,7,Moyen,0,0,0,112000
Marcory,76.0,3.0,36.0,6,Économique,0,0,0,166000
Abobo,103.0,4.0,31.0,3,Moyen,1,0,1,174000
Yopougon,169.0,6.0,35.0,5,Économique,0,0,0,188000
Adjamé,,3.0,33.0,9,Économique,0,1,0,135000
Plateau,102.0,3.0,24.0,1,Économique,0,0,0,438000
Abobo,87.0,4.0,31.0,3,Haut standing,0,0,0,120000
Plateau,165.0,8.0,,7,Moyen,0,0,0,1043000
Marcory,80.0,2.0,8.0,3,Économique,0,0,0,274000
Marcory,56.0,1.0,37.0,9,Moyen,0,1,0,169000
Plateau,128.0,5.0,28.0,3,Économique,0,0,0,478000
Port-Bouët,78.0,4.0,37.0,3,Moyen,1,1,0,171000
Marcory,125.0,4.0,17.0,11,Haut standing,0,0,0,478000
Riviera,71.0,4.0,21.0,9,Moyen,0,0,1,326000
Riviera,50.0,1.0,34.0,8,Moyen,0,1,0,213000
Abobo,89.0,3.0,14.0,10,Moyen,1,1,1,156000
Plateau,,2.0,6.0,1,Moyen,0,1,0,226000
Yopougon,106.0,4.0,12.0,6,Moyen,0,1,0,191000
Port-Bouët,136.0,5.0,35.0,2,Moyen,0,0,0,240000
Yopougon,214.0,8.0,15.0,11,Moyen,1,0,0,315000
Cocody,70.0,3.0,20.0,3,Haut standing,0,1,0,380000
Abobo,61.0,1.0,27.0,0,Moyen,0,0,0,45000
Port-Bouët,135.0,6.0,9.0,11,Moyen,0,1,0,201000
Port-Bouët,130.0,6.0,18.0,2,Moyen,0,1,1,308000
Plateau,134.0,4.0,16.0,1,Économique,1,1,0,600000
Adjamé,215.0,9.0,0.0,9,Économique,1,1,0,609000
Marcory,92.0,4.0,12.0,6,Moyen,0,1,1,335000
Marcory,237.0,10.0,35.0,5,Moyen,1,0,0,869000
Bingerville,76.0,2.0,19.0,0,Moyen,0,1,0,220000
Marcory,64.0,2.0,,10,Économique,1,0,0,160000
Marcory,61.0,1.0,5.0,11,Économique,0,1,0,196000
Cocody,59.0,3.0,22.0,7,Haut standing,0,1,0,373000
Bingerville,220.0,10.0,23.0,8,Économique,1,1,1,873000
Port-Bouët,160.0,6.0,4.0,0,Économique,1,1,1,478000
Abobo,210.0,7.0,31.0,4,Économique,1,1,0,244000
Koumassi,30.0,1.0,16.0,6,Moyen,1,0,0,75000
Plateau,44.0,1.0,10.0,1,Moyen,0,1,0,245000
Yopougon,78.0,2.0,26.0,5,Haut standing,0,0,0,125000
Yopougon,72.0,4.0,3.0,7,Économique,0,1,1,134000
Cocody,103.0,4.0,22.0,7,Haut standing,0,0,0,505000
Yopougon,93.0,5.0,22.0,9,Économique,0,1,0,151000
Riviera,52.0,2.0,33.0,9,Économique,0,0,0,157000
Cocody,68.0,2.0,20.0,7,Moyen,0,1,1,370000
Treichville,80.0,2.0,21.0,11,Économique,0,0,0,173000
Marcory,48.0,1.0,0.0,11,Économique,0,1,1,208000
Marcory,,2.0,31.0,5,Économique,0,0,1,228000
Riviera,49.0,1.0,27.0,5,Économique,0,1,0,158000
Yopougon,85.0,4.0,17.0,10,Haut standing,1,0,0,182000
Yopougon,56.0,2.0,6.0,2,Économique,0,1,0,98000
Koumassi,142.0,7.0,37.0,1,Haut standing,0,0,0,286000
Plateau,113.0,4.0,5.0,4,Haut standing,0,0,1,988000
Yopougon,111.0,4.0,13.0,8,Économique,1,1,1,154000
Yopougon,129.0,5.0,29.0,3,Moyen,0,1,0,193000
Abobo,115.0,4.0,13.0,4,Moyen,1,1,0,205000
Riviera,143.0,6.0,8.0,5,Moyen,0,1,1,826000
Koumassi,98.0,5.0,30.0,10,Haut standing,0,0,1,273000
Yopougon,128.0,6.0,1.0,5,Moyen,0,0,1,282000
Port-Bouët,109.0,5.0,17.0,3,Économique,1,0,0,251000
Plateau,109.0,5.0,4.0,3,Moyen,0,0,0,692000
Cocody,39.0,2.0,25.0,7,Haut standing,0,0,0,247000
Marcory,52.0,,22.0,4,Moyen,0,1,0,175000
Treichville,103.0,4.0,11.0,10,Haut standing,0,0,1,475000
Abobo,61.0,1.0,13.0,4,Moyen,1,0,0,77000
Abobo,88.0,5.0,12.0,8,Économique,0,1,1,147000
Riviera,69.0,2.0,34.0,3,Haut standing,0,0,1,337000
Yopougon,71.0,4.0,14.0,6,Haut standing,0,0,0,188000
Yopougon,93.0,3.0,34.0,4,Économique,0,0,1,116000
Cocody,79.0,2.0,18.0,8,Économique,0,1,0,362000
Cocody,172.0,6.0,14.0,11,Moyen,0,0,0,672000
Abobo,41.0,1.0,7.0,7,Moyen,0,1,1,72000
Yopougon,120.0,4.0,22.0,7,Économique,1,1,1,225000
Port-Bouët,132.0,5.0,12.0,9,Économique,0,0,1,292000
Plateau,178.0,7.0,22.0,9,Moyen,1,0,1,1068000
Cocody,94.0,5.0,30.0,2,Économique,1,1,1,467000
Yopougon,125.0,5.0,29.0,8,Économique,0,1,0,172000
Marcory,171.0,6.0,1.0,7,Moyen,0,0,1,698000
Cocody,,3.0,10.0,2,Haut standing,1,0,0,492000
Koumassi,56.0,2.0,24.0,9,Moyen,1,0,0,137000
Cocody,96.0,3.0,28.0,0,Moyen,0,0,1,382000
Abobo,81.0,3.0,21.0,4,Moyen,0,1,1,110000
Marcory,,4.0,18.0,3,Moyen,0,0,0,353000
Plateau,43.0,2.0,8.0,7,Économique,0,0,0,291000
Yopougon,166.0,6.0,37.0,5,Économique,1,1,1,264000
Port-Bouët,104.0,5.0,28.0,9,Économique,0,0,0,211000
Yopougon,,3.0,9.0,4,Haut standing,1,1,1,200000
Koumassi,91.0,5.0,21.0,8,Moyen,0,1,1,236000
Cocody,147.0,5.0,23.0,5,Moyen,0,0,1,649000
Koumassi,117.0,4.0,7.0,10,Haut standing,0,0,0,344000
Marcory,90.0,5.0,5.0,10,Haut standing,0,0,0,467000
Adjamé,82.0,2.0,6.0,10,Haut standing,1,1,0,227000
Abobo,84.0,2.0,19.0,10,Économique,0,1,1,110000
Riviera,124.0,4.0,16.0,2,Moyen,1,0,0,628000
Yopougon,79.0,2.0,35.0,5,Moyen,1,1,1,143000
Cocody,119.0,4.0,7.0,11,Moyen,0,1,1,839000
Cocody,57.0,1.0,12.0,10,Économique,0,0,0,266000
Port-Bouët,62.0,1.0,23.0,11,Moyen,1,0,1,179000
Abobo,90.0,3.0,30.0,3,Économique,0,1,0,92000
Koumassi,82.0,4.0,22.0,4,Moyen,1,0,0,223000
Marcory,64.0,3.0,16.0,5,Moyen,0,1,0,233000
Treichville,49.0,1.0,23.0,8,Économique,0,1,0,114000
Cocody,60.0,3.0,9.0,2,Économique,1,0,1,372000
Riviera,185.0,6.0,30.0,0,Moyen,1,1,1,847000
Adjamé,64.0,3.0,19.0,1,Moyen,1,0,0,140000
Riviera,25.0,1.0,15.0,7,Moyen,0,1,1,114000
Marcory,93.0,5.0,13.0,3,Moyen,1,0,1,509000
Abobo,64.0,4.0,2.0,6,Haut standing,0,1,0,150000
Adjamé,78.0,3.0,29.0,1,Économique,0,1,1,110000
Treichville,138.0,5.0,17.0,11,Moyen,1,0,0,507000
Port-Bouët,81.0,4.0,5.0,10,Moyen,0,0,1,238000
Riviera,76.0,3.0,19.0,9,Haut standing,0,1,1,509000
Bingerville,66.0,3.0,34.0,7,Économique,0,1,0,164000
Koumassi,,2.0,18.0,9,Économique,0,0,0,148000
Marcory,109.0,5.0,25.0,11,Économique,1,1,1,384000
Marcory,32.0,1.0,34.0,11,Haut standing,0,1,1,173000
Riviera,45.0,1.0,11.0,8,Moyen,1,0,0,182000
Cocody,111.0,3.0,7.0,6,Économique,1,1,0,496000
Koumassi,93.0,5.0,36.0,9,Économique,0,0,0,173000
Adjamé,,3.0,9.0,10,Économique,0,1,0,152000
Abobo,114.0,4.0,20.0,0,Moyen,0,0,0,155000
Riviera,74.0,2.0,28.0,1,Moyen,1,0,0,324000
Treichville,137.0,6.0,30.0,8,Moyen,0,0,0,295000
Treichville,67.0,2.0,39.0,9,Économique,1,1,0,158000
Cocody,57.0,2.0,6.0,6,Économique,0,0,1,309000
Yopougon,,10.0,33.0,10,Moyen,0,0,0,329000
Marcory,124.0,5.0,33.0,2,Économique,0,0,0,260000
Treichville,61.0,1.0,29.0,4,Haut standing,0,0,0,159000
Port-Bouët,75.0,2.0,3.0,0,Économique,1,0,1,159000
Riviera,67.0,2.0,29.0,9,Économique,1,1,0,289000
Plateau,37.0,1.0,24.0,2,Moyen,0,0,0,158000
Yopougon,77.0,2.0,13.0,10,Haut standing,0,1,1,192000
Riviera,97.0,3.0,23.0,3,Économique,0,0,1,341000
Cocody,168.0,6.0,30.0,3,Moyen,0,1,1,731000
Cocody,86.0,3.0,38.0,6,Moyen,0,0,0,348000
Plateau,71.0,2.0,27.0,4,Économique,0,1,0,260000
Abobo,178.0,8.0,24.0,8,Économique,0,0,0,173000
Plateau,160.0,6.0,18.0,6,Haut standing,0,0,0,1036000
Riviera,97.0,5.0,3.0,1,Économique,1,0,0,455000
Yopougon,92.0,3.0,33.0,10,Moyen,0,0,0,143000
Yopougon,109.0,4.0,31.0,10,Haut standing,0,0,0,162000
Marcory,66.0,3.0,24.0,7,Économique,0,1,1,218000
Yopougon,91.0,3.0,21.0,10,Économique,1,1,1,154000
Adjamé,65.0,4.0,27.0,1,Économique,0,0,0,117000
Koumassi,162.0,6.0,17.0,6,Économique,0,0,1,278000
Koumassi,58.0,2.0,6.0,4,Économique,1,1,1,198000
Abobo,101.0,4.0,10.0,9,Moyen,0,1,0,152000
Riviera,103.0,4.0,10.0,5,Moyen,0,0,0,467000
Port-Bouët,169.0,7.0,8.0,10,Moyen,0,0,0,288000
Koumassi,71.0,2.0,34.0,3,Haut standing,1,0,1,226000
Cocody,63.0,3.0,36.0,4,Économique,0,0,0,228000
Cocody,121.0,6.0,22.0,11,Économique,0,0,0,450000
Marcory,113.0,5.0,32.0,4,Économique,0,1,0,290000
Adjamé,213.0,8.0,0.0,6,Économique,0,0,1,349000
Yopougon,98.0,3.0,19.0,10,Économique,0,0,0,119000
Yopougon,161.0,7.0,,11,Moyen,0,1,0,327000
Bingerville,152.0,6.0,28.0,3,Moyen,0,0,0,466000
Bingerville,63.0,4.0,25.0,4,Haut standing,0,0,0,287000
Riviera,40.0,3.0,37.0,3,Économique,0,0,0,139000
Treichville,78.0,4.0,2.0,3,Moyen,0,0,0,193000
Adjamé,135.0,6.0,20.0,7,Moyen,0,1,0,358000
Marcory,170.0,7.0,12.0,10,Économique,0,0,0,430000
Marcory,20.0,1.0,30.0,4,Économique,0,1,0,61000
Plateau,58.0,1.0,16.0,8,Haut standing,0,1,0,389000
Treichville,109.0,4.0,34.0,4,Moyen,1,0,0,321000
Yopougon,123.0,6.0,22.0,7,Haut standing,1,1,0,283000
Port-Bouët,53.0,2.0,2.0,2,Moyen,1,1,0,168000
Cocody,65.0,4.0,1.0,11,Économique,0,1,0,437000
Koumassi,35.0,2.0,2.0,6,Économique,0,0,0,79000
Abobo,188.0,8.0,19.0,0,Haut standing,1,0,1,363000
Marcory,101.0,4.0,8.0,11,Économique,0,1,1,447000
Yopougon,64.0,4.0,3.0,4,Économique,0,0,0,121000
Treichville,156.0,7.0,24.0,1,Moyen,1,0,0,430000
Abobo,101.0,5.0,0.0,7,Économique,0,1,1,149000
Yopougon,169.0,8.0,38.0,11,Économique,0,0,0,192000
Plateau,180.0,7.0,11.0,5,Moyen,0,0,1,788000
Cocody,53.0,1.0,39.0,4,Économique,1,1,1,255000
Abobo,160.0,5.0,39.0,2,Économique,1,1,1,178000
Riviera,157.0,7.0,23.0,0,Économique,1,1,0,698000
Treichville,114.0,4.0,8.0,9,Moyen,0,0,0,308000
Koumassi,118.0,4.0,19.0,9,Économique,0,1,0,239000
Adjamé,97.0,,4.0,9,Économique,0,1,0,175000
Riviera,48.0,1.0,19.0,10,Moyen,0,0,0,229000
Port-Bouët,46.0,1.0,20.0,9,Économique,1,0,0,88000
Abobo,192.0,7.0,1.0,11,Économique,0,1,0,228000
Adjamé,101.0,5.0,20.0,7,Moyen,0,0,1,232000
Bingerville,80.0,4.0,23.0,10,Économique,0,0,0,187000
Yopougon,122.0,6.0,8.0,4,Économique,0,0,1,205000
Treichville,63.0,3.0,38.0,8,Moyen,0,0,1,171000
Cocody,73.0,2.0,29.0,10,Moyen,0,0,0,306000
Port-Bouët,93.0,3.0,17.0,6,Moyen,0,1,0,196000
Port-Bouët,68.0,3.0,9.0,0,Moyen,0,0,1,146000
Cocody,116.0,4.0,20.0,10,Moyen,0,0,0,548000
Abobo,86.0,4.0,21.0,0,Moyen,1,0,1,124000
Yopougon,116.0,6.0,16.0,6,Économique,0,0,1,201000
Cocody,121.0,5.0,4.0,10,Économique,0,0,0,561000
Riviera,154.0,7.0,5.0,6,Moyen,0,0,1,848000
Marcory,78.0,3.0,9.0,8,Économique,0,0,0,219000
Cocody,53.0,3.0,1.0,1,Moyen,1,0,1,402000
Abobo,255.0,9.0,6.0,6,Économique,1,0,0,326000
Koumassi,169.0,8.0,3.0,1,Économique,0,1,0,332000
Cocody,34.0,1.0,36.0,9,Haut standing,0,0,0,153000
Adjamé,273.0,10.0,18.0,11,Économique,0,1,1,581000
Abobo,66.0,3.0,27.0,9,Moyen,0,0,1,93000
Cocody,86.0,2.0,19.0,1,Économique,1,0,1,297000
Plateau,48.0,1.0,29.0,4,Économique,0,1,0,181000
Abobo,97.0,5.0,37.0,8,Économique,0,0,0,110000
Treichville,68.0,4.0,1.0,8,Économique,0,0,0,223000
Riviera,49.0,1.0,2.0,9,Haut standing,0,0,1,275000
Port-Bouët,43.0,3.0,38.0,0,Haut standing,0,0,1,103000
Riviera,60.0,3.0,24.0,10,Moyen,1,1,0,284000
Marcory,127.0,5.0,1.0,6,Haut standing,0,1,1,637000
Riviera,116.0,6.0,,9,Moyen,1,0,0,475000
Yopougon,54.0,1.0,14.0,9,Économique,0,0,1,88000
Treichville,76.0,4.0,2.0,11,Économique,1,1,0,283000
Cocody,,5.0,4.0,2,Moyen,0,0,0,744000
Cocody,77.0,2.0,39.0,9,Économique,0,1,1,223000
Adjamé,171.0,7.0,35.0,9,Économique,0,1,1,320000
Yopougon,240.0,9.0,39.0,0,Moyen,0,0,0,331000
Marcory,61.0,1.0,37.0,1,Économique,0,0,0,133000
Abobo,65.0,3.0,36.0,5,Économique,0,1,1,88000
Marcory,183.0,6.0,26.0,9,Économique,0,0,1,574000
Abobo,77.0,3.0,4.0,1,Moyen,0,0,1,138000
Yopougon,147.0,5.0,16.0,1,Économique,1,0,0,217000
Port-Bouët,101.0,5.0,37.0,3,Moyen,0,0,0,174000
Port-Bouët,82.0,3.0,11.0,2,Économique,0,1,1,156000
Yopougon,124.0,5.0,30.0,7,Moyen,0,0,0,144000
Yopougon,,6.0,32.0,7,Économique,1,0,0,222000
Yopougon,158.0,6.0,28.0,5,Haut standing,1,1,0,357000
Port-Bouët,89.0,3.0,37.0,3,Moyen,0,0,0,116000
Treichville,102.0,4.0,2.0,6,Moyen,1,1,0,400000
Marcory,,6.0,37.0,8,Moyen,1,1,0,396000
Cocody,105.0,5.0,39.0,1,Moyen,0,1,1,448000
Yopougon,198.0,7.0,29.0,5,Économique,0,0,0,236000
Yopougon,23.0,2.0,21.0,6,Moyen,0,1,1,40000
Port-Bouët,62.0,2.0,37.0,0,Moyen,0,0,0,90000
Marcory,119.0,4.0,31.0,5,Moyen,0,0,0,332000
Yopougon,72.0,4.0,9.0,7,Économique,0,0,1,119000
Port-Bouët,188.0,8.0,31.0,6,Économique,0,1,0,326000
Port-Bouët,65.0,4.0,3.0,1,Économique,0,0,0,104000
Yopougon,97.0,4.0,28.0,1,Économique,1,1,1,140000
Yopougon,60.0,2.0,7.0,3,Haut standing,0,0,1,116000
Treichville,87.0,2.0,19.0,4,Économique,0,1,0,187000
Riviera,32.0,1.0,6.0,4,Économique,1,0,1,211000
Cocody,42.0,1.0,0.0,10,Moyen,0,1,0,267000
Riviera,234.0,9.0,24.0,1,Moyen,0,1,0,777000
Adjamé,92.0,5.0,25.0,6,Moyen,0,1,1,210000
Abobo,75.0,2.0,8.0,7,Économique,1,1,0,104000
Cocody,48.0,1.0,22.0,1,Économique,0,1,1,193000
Yopougon,53.0,1.0,39.0,3,Économique,1,0,0,58000
Yopougon,220.0,8.0,1.0,11,Économique,1,1,0,437000
Plateau,95.0,4.0,25.0,10,Économique,0,0,0,332000
Adjamé,156.0,7.0,13.0,10,Économique,0,0,1,311000
Riviera,20.0,1.0,30.0,2,Haut standing,0,1,0,103000
Abobo,67.0,3.0,25.0,3,Économique,0,0,0,61000
Koumassi,205.0,8.0,18.0,4,Économique,0,0,1,372000
Cocody,,2.0,37.0,5,Haut standing,1,0,1,354000
Yopougon,51.0,3.0,4.0,1,Moyen,0,0,0,86000
Cocody,114.0,5.0,5.0,9,Économique,0,0,0,554000
Abobo,38.0,2.0,34.0,5,Économique,0,0,0,35000
Riviera,33.0,1.0,15.0,8,Haut standing,0,0,1,215000
Adjamé,188.0,7.0,30.0,11,Économique,0,1,0,335000
Cocody,60.0,1.0,17.0,11,Moyen,0,0,1,283000
Yopougon,125.0,5.0,13.0,10,Haut standing,1,1,1,359000
Abobo,225.0,8.0,24.0,7,Économique,0,1,0,208000
Yopougon,94.0,5.0,14.0,0,Moyen,1,0,0,173000
Port-Bouët,123.0,4.0,25.0,8,Haut standing,1,0,0,326000
Port-Bouët,33.0,1.0,35.0,11,Moyen,0,0,1,68000
Abobo,57.0,3.0,10.0,10,Économique,0,1,0,77000
Yopougon,,7.0,36.0,9,Haut standing,0,1,1,385000
Marcory,76.0,3.0,36.0,10,Moyen,0,1,1,218000
Cocody,42.0,3.0,6.0,1,Moyen,0,1,0,248000
Yopougon,119.0,6.0,17.0,11,Moyen,0,1,0,202000
Yopougon,173.0,8.0,19.0,10,Économique,0,1,1,360000
Adjamé,70.0,2.0,1.0,0,Économique,0,1,0,158000
Adjamé,120.0,6.0,25.0,5,Économique,0,1,0,246000
Cocody,144.0,5.0,22.0,0,Économique,0,1,0,493000
Yopougon,83.0,3.0,31.0,5,Économique,0,0,1,115000
Plateau,76.0,2.0,12.0,1,Économique,0,1,1,274000
Plateau,221.0,8.0,12.0,11,Économique,1,1,0,1553000
Port-Bouët,45.0,2.0,,10,Haut standing,0,0,1,127000
Cocody,,3.0,24.0,6,Moyen,1,0,1,427000
Yopougon,87.0,2.0,21.0,6,Moyen,0,1,1,156000
Plateau,86.0,3.0,26.0,11,Moyen,0,0,1,448000
Bingerville,140.0,7.0,16.0,3,Économique,0,1,0,390000
Abobo,124.0,5.0,25.0,1,Moyen,1,0,0,177000
Marcory,107.0,5.0,37.0,11,Moyen,0,1,0,386000
Yopougon,33.0,1.0,13.0,10,Moyen,1,0,1,75000
Koumassi,54.0,2.0,13.0,6,Économique,0,0,0,74000
Riviera,80.0,4.0,11.0,0,Moyen,0,1,1,449000
Marcory,96.0,3.0,4.0,11,Moyen,0,0,0,318000
Bingerville,202.0,7.0,36.0,10,Moyen,1,1,0,660000
Riviera,95.0,3.0,3.0,10,Économique,1,0,1,564000
Riviera,137.0,6.0,28.0,1,Moyen,0,1,1,607000
Abobo,88.0,5.0,24.0,11,Moyen,1,0,0,138000
Abobo,131.0,6.0,3.0,1,Moyen,1,0,0,173000
Yopougon,92.0,3.0,15.0,0,Moyen,0,1,0,173000
Koumassi,49.0,3.0,1.0,8,Économique,0,0,1,125000
Abobo,122.0,5.0,22.0,5,Économique,0,1,1,155000
Adjamé,116.0,6.0,3.0,2,Économique,0,1,0,246000
Yopougon,39.0,3.0,19.0,11,Économique,1,0,0,55000
Koumassi,88.0,3.0,16.0,5,Économique,0,0,0,174000
Port-Bouët,88.0,4.0,5.0,6,Économique,1,0,0,197000
Plateau,65.0,3.0,17.0,2,Économique,1,0,0,352000
Port-Bouët,47.0,2.0,19.0,3,Moyen,1,0,1,109000
Abobo,103.0,5.0,38.0,9,Moyen,0,1,1,113000
Port-Bouët,192.0,7.0,33.0,0,Économique,0,1,0,259000
Yopougon,128.0,6.0,39.0,5,Économique,0,0,0,140000
Yopougon,36.0,1.0,23.0,5,Moyen,1,0,0,62000
Riviera,184.0,7.0,17.0,8,Moyen,0,1,0,817000
Marcory,171.0,8.0,29.0,1,Économique,0,0,1,482000
Port-Bouët,68.0,2.0,0.0,4,Moyen,0,1,0,153000
Yopougon,37.0,2.0,22.0,4,Économique,0,0,0,40000
Abobo,69.0,2.0,28.0,6,Moyen,0,1,0,80000
Treichville,72.0,3.0,31.0,4,Haut standing,0,1,0,211000
Abobo,39.0,3.0,1.0,11,Économique,0,0,0,50000
Treichville,102.0,4.0,35.0,9,Haut standing,1,1,1,438000
Cocody,58.0,3.0,16.0,3,Économique,0,1,1,284000
Marcory,,3.0,1.0,11,Moyen,1,1,0,254000
Cocody,79.0,2.0,3.0,9,Moyen,0,0,1,399000
Riviera,189.0,7.0,33.0,11,Moyen,1,0,1,869000
Riviera,141.0,5.0,0.0,1,Économique,1,0,1,731000
Yopougon,113.0,5.0,22.0,7,Moyen,1,0,1,196000
Koumassi,68.0,3.0,5.0,4,Moyen,0,0,1,134000
Treichville,39.0,3.0,15.0,3,Moyen,1,1,0,163000
Adjamé,48.0,1.0,1.0,8,Économique,0,0,0,81000
Port-Bouët,137.0,5.0,11.0,1,Économique,0,0,1,251000
Riviera,58.0,3.0,26.0,2,Moyen,0,0,1,264000
Yopougon,98.0,4.0,18.0,7,Haut standing,0,0,0,183000
Koumassi,114.0,6.0,27.0,10,Économique,0,0,0,180000
Marcory,34.0,1.0,34.0,3,Moyen,0,1,0,111000
Riviera,91.0,5.0,3.0,8,Économique,1,1,1,573000
Cocody,109.0,5.0,6.0,9,Économique,0,1,1,667000
Abobo,214.0,8.0,36.0,11,Économique,0,0,0,230000
Adjamé,97.0,3.0,24.0,9,Moyen,0,1,1,169000
Adjamé,134.0,6.0,16.0,9,Haut standing,0,0,0,363000
Cocody,69.0,3.0,13.0,9,Moyen,0,0,0,357000
Riviera,151.0,5.0,36.0,8,Économique,0,0,1,453000
Plateau,42.0,3.0,1.0,9,Moyen,1,0,0,351000
Abobo,116.0,4.0,23.0,8,Économique,1,1,0,156000
Marcory,99.0,3.0,14.0,0,Économique,0,1,0,268000
Treichville,164.0,7.0,,5,Économique,0,1,1,478000
Abobo,114.0,4.0,11.0,9,Économique,0,0,0,138000
Yopougon,81.0,4.0,18.0,5,Moyen,0,0,1,125000
Plateau,150.0,7.0,4.0,7,Moyen,0,0,0,975000
Plateau,113.0,4.0,0.0,6,Haut standing,0,1,1,949000
Yopougon,51.0,1.0,8.0,6,Économique,0,0,0,62000
Koumassi,84.0,3.0,38.0,1,Économique,0,0,1,124000
Bingerville,48.0,2.0,33.0,11,Économique,0,0,1,127000
Cocody,109.0,4.0,28.0,10,Économique,1,1,0,474000
Yopougon,115.0,6.0,1.0,3,Haut standing,1,1,0,285000
Cocody,198.0,8.0,18.0,0,Économique,1,0,0,767000
Cocody,83.0,4.0,27.0,11,Haut standing,1,1,1,564000
Adjamé,76.0,3.0,34.0,10,Économique,0,1,0,126000
Abobo,36.0,,39.0,10,Économique,1,1,1,50000
Plateau,83.0,2.0,21.0,6,Économique,0,1,0,328000
Marcory,78.0,4.0,3.0,3,Haut standing,1,1,0,463000
Cocody,96.0,3.0,7.0,8,Économique,1,0,1,469000
Port-Bouët,77.0,4.0,0.0,5,Haut standing,0,1,1,246000
Riviera,77.0,4.0,35.0,5,Économique,0,1,1,280000
Cocody,96.0,3.0,6.0,8,Économique,0,0,1,485000
Marcory,,4.0,24.0,7,Moyen,0,1,1,381000
Bingerville,76.0,4.0,28.0,5,Économique,1,0,0,189000
Riviera,75.0,3.0,0.0,5,Économique,1,1,0,386000
Yopougon,227.0,8.0,17.0,5,Moyen,0,0,0,347000
Cocody,74.0,2.0,3.0,3,Économique,0,1,1,313000
Cocody,80.0,3.0,19.0,4,Moyen,0,0,0,322000
Abobo,32.0,1.0,7.0,2,Économique,1,0,0,48000
Yopougon,151.0,5.0,26.0,8,Économique,1,0,1,278000
Cocody,20.0,1.0,38.0,10,Économique,0,0,1,68000
Abobo,52.0,1.0,34.0,1,Moyen,0,1,0,49000
Cocody,120.0,5.0,24.0,10,Moyen,1,0,0,723000
Koumassi,30.0,1.0,13.0,6,Moyen,0,0,0,72000
Treichville,62.0,3.0,39.0,0,Moyen,1,1,0,157000
Cocody,89.0,4.0,30.0,9,Économique,0,0,0,310000
Abobo,85.0,4.0,4.0,11,Économique,0,0,0,120000
Yopougon,61.0,3.0,16.0,6,Économique,0,0,1,99000
Riviera,,5.0,9.0,1,Moyen,0,1,1,701000
Abobo,138.0,6.0,15.0,4,Moyen,0,1,1,258000
Marcory,122.0,5.0,3.0,0,Économique,0,1,0,424000
Adjamé,70.0,3.0,4.0,4,Économique,1,1,1,157000
Marcory,98.0,3.0,19.0,10,Moyen,1,1,1,478000
Riviera,65.0,3.0,5.0,3,Haut standing,0,1,1,418000
Yopougon,265.0,10.0,10.0,0,Moyen,0,0,1,438000
Abobo,107.0,5.0,16.0,11,Économique,0,0,1,154000
Cocody,70.0,2.0,2.0,0,Moyen,0,0,0,376000
Yopougon,240.0,9.0,15.0,6,Moyen,0,0,1,264000
Port-Bouët,75.0,3.0,35.0,2,Économique,1,1,1,138000
Port-Bouët,105.0,3.0,25.0,9,Moyen,1,0,0,211000
Marcory,135.0,5.0,23.0,11,Économique,0,1,0,412000
Marcory,67.0,3.0,33.0,8,Économique,1,0,0,185000
Port-Bouët,64.0,2.0,19.0,8,Haut standing,1,0,1,192000
Riviera,147.0,5.0,16.0,11,Haut standing,1,0,1,1041000
Cocody,135.0,6.0,19.0,9,Économique,0,0,1,505000
Yopougon,135.0,4.0,15.0,10,Économique,1,1,0,230000
Treichville,115.0,4.0,3.0,8,Moyen,0,1,0,406000
Bingerville,226.0,8.0,17.0,0,Économique,0,1,1,522000
Cocody,94.0,5.0,35.0,11,Économique,0,0,0,364000
Marcory,58.0,,34.0,3,Économique,0,0,0,138000
Koumassi,45.0,3.0,29.0,0,Moyen,0,0,1,72000
Cocody,74.0,2.0,17.0,0,Économique,0,1,1,311000
Yopougon,,1.0,20.0,8,Moyen,1,0,1,41000
Yopougon,175.0,6.0,31.0,4,Économique,1,1,0,290000
Treichville,112.0,4.0,4.0,0,Haut standing,1,1,0,458000
Yopougon,57.0,3.0,22.0,10,Haut standing,0,0,1,129000
Abobo,153.0,7.0,29.0,2,Moyen,1,1,0,204000
Plateau,45.0,2.0,26.0,6,Moyen,0,1,0,245000
Abobo,52.0,3.0,14.0,1,Économique,0,0,0,65000
Port-Bouët,95.0,4.0,13.0,3,Moyen,0,1,0,167000
Koumassi,,7.0,20.0,1,Haut standing,1,1,0,570000
Plateau,111.0,5.0,33.0,8,Économique,0,0,0,482000
Plateau,20.0,2.0,25.0,11,Moyen,1,0,0,128000
Marcory,53.0,2.0,24.0,8,Économique,1,0,0,181000
Yopougon,58.0,3.0,30.0,11,Économique,1,1,0,107000
Yopougon,102.0,4.0,5.0,6,Économique,1,0,1,171000
Adjamé,39.0,3.0,3.0,6,Haut standing,0,0,0,114000
Cocody,42.0,3.0,23.0,1,Économique,1,0,0,227000
Cocody,79.0,4.0,30.0,11,Moyen,1,0,0,409000
Yopougon,126.0,6.0,18.0,9,Haut standing,1,0,0,287000
Adjamé,131.0,6.0,10.0,11,Moyen,1,0,0,318000
Marcory,95.0,3.0,28.0,7,Haut standing,1,0,0,421000
Abobo,141.0,5.0,4.0,0,Économique,0,1,0,200000
Marcory,276.0,10.0,17.0,7,Haut standing,1,1,0,1753000
Bingerville,200.0,9.0,2.0,4,Économique,0,0,0,715000
Bingerville,69.0,4.0,39.0,3,Haut standing,0,1,0,211000
Treichville,38.0,2.0,10.0,9,Économique,0,0,0,87000
Marcory,74.0,2.0,20.0,1,Économique,0,1,0,168000
Yopougon,53.0,2.0,29.0,2,Économique,0,0,1,72000
Marcory,115.0,4.0,18.0,9,Économique,1,0,0,541000
Adjamé,46.0,1.0,24.0,1,Économique,1,0,1,88000
Port-Bouët,87.0,4.0,34.0,10,Haut standing,0,0,1,218000
Adjamé,53.0,3.0,,11,Économique,0,1,0,108000
Port-Bouët,77.0,3.0,25.0,3,Moyen,1,0,1,194000
Yopougon,90.0,4.0,4.0,2,Économique,0,0,1,138000
Plateau,124.0,6.0,18.0,4,Moyen,0,1,0,749000
Koumassi,90.0,5.0,26.0,6,Moyen,0,1,0,194000
Yopougon,65.0,2.0,37.0,8,Haut standing,1,0,0,128000
Adjamé,135.0,4.0,28.0,4,Économique,0,0,0,182000
Marcory,93.0,5.0,11.0,7,Économique,1,1,0,425000
Cocody,69.0,2.0,18.0,1,Économique,0,0,1,253000
Riviera,126.0,5.0,8.0,5,Moyen,0,1,0,729000
Plateau,102.0,3.0,17.0,7,Moyen,0,1,1,680000
Riviera,120.0,6.0,28.0,8,Moyen,0,0,0,496000
Riviera,159.0,5.0,2.0,10,Économique,0,1,1,746000
Port-Bouët,48.0,3.0,22.0,3,Moyen,0,0,1,88000
Adjamé,266.0,10.0,29.0,3,Haut standing,0,1,0,477000
Abobo,114.0,5.0,23.0,6,Économique,0,1,1,137000
Bingerville,46.0,2.0,36.0,3,Économique,1,1,0,126000
Marcory,169.0,8.0,36.0,4,Moyen,1,1,0,649000
Yopougon,62.0,3.0,3.0,1,Économique,1,1,1,162000
Abobo,202.0,9.0,27.0,1,Moyen,1,1,0,281000
Yopougon,49.0,1.0,15.0,10,Moyen,0,0,0,72000
Yopougon,87.0,2.0,12.0,9,Haut standing,0,1,0,178000
Treichville,136.0,4.0,7.0,4,Haut standing,0,1,1,459000
Abobo,127.0,5.0,24.0,11,Moyen,0,1,0,200000
Bingerville,108.0,5.0,1.0,9,Économique,0,1,1,488000
Marcory,150.0,5.0,29.0,9,Économique,1,0,1,552000
Riviera,71.0,3.0,39.0,1,Haut standing,1,0,0,390000
Adjamé,154.0,7.0,2.0,11,Moyen,0,1,0,384000
Port-Bouët,64.0,3.0,22.0,5,Moyen,0,1,1,159000
Abobo,191.0,9.0,28.0,11,Économique,0,0,1,267000
Koumassi,67.0,2.0,,5,Économique,1,0,0,120000
Cocody,42.0,2.0,10.0,11,Économique,0,0,0,230000
Port-Bouët,128.0,5.0,20.0,7,Économique,0,1,1,257000
Cocody,100.0,4.0,26.0,11,Moyen,1,1,1,641000
Bingerville,109.0,5.0,23.0,0,Moyen,1,0,1,349000
Riviera,76.0,4.0,30.0,6,Économique,0,0,0,277000
Treichville,118.0,5.0,29.0,11,Moyen,0,1,1,395000
Marcory,183.0,8.0,0.0,6,Haut standing,0,1,0,707000
Koumassi,106.0,4.0,0.0,8,Moyen,1,0,1,358000
Marcory,37.0,1.0,7.0,3,Moyen,0,1,1,167000
Bingerville,91.0,4.0,33.0,6,Économique,1,0,0,246000
Cocody,114.0,5.0,15.0,11,Haut standing,0,1,0,592000
Cocody,198.0,9.0,26.0,5,Économique,0,1,1,776000
Riviera,131.0,6.0,3.0,3,Haut standing,1,1,1,1135000
Adjamé,58.0,3.0,18.0,9,Moyen,0,1,0,100000
Port-Bouët,89.0,3.0,28.0,11,Moyen,0,0,1,237000
Treichville,135.0,4.0,2.0,7,Haut standing,0,1,0,577000
Adjamé,119.0,4.0,10.0,2,Moyen,1,1,1,278000
Abobo,123.0,6.0,7.0,7,Économique,0,0,1,191000
Abobo,42.0,2.0,38.0,4,Économique,0,0,0,40000
Adjamé,127.0,5.0,32.0,3,Économique,0,0,1,184000
Abobo,103.0,4.0,7.0,2,Économique,0,1,1,157000
Yopougon,130.0,6.0,24.0,11,Économique,1,1,0,177000
Marcory,100.0,5.0,23.0,9,Moyen,0,1,0,356000
Koumassi,85.0,2.0,25.0,6,Économique,0,0,0,126000
Marcory,156.0,7.0,,6,Moyen,0,0,1,676000
Adjamé,116.0,5.0,,5,Haut standing,1,0,0,289000
Marcory,46.0,1.0,26.0,2,Moyen,0,0,0,142000
Abobo,97.0,3.0,28.0,8,Haut standing,1,1,1,171000
Koumassi,77.0,4.0,38.0,10,Économique,0,1,0,150000
Marcory,72.0,2.0,8.0,1,Moyen,0,0,0,227000
Cocody,,4.0,13.0,2,Économique,0,1,0,432000
Cocody,100.0,5.0,4.0,0,Moyen,0,1,1,623000
Abobo,117.0,4.0,29.0,6,Moyen,0,0,0,140000
Port-Bouët,145.0,6.0,27.0,1,Économique,0,1,1,278000
Cocody,88.0,5.0,36.0,9,Économique,0,0,0,271000
Koumassi,142.0,6.0,7.0,7,Moyen,1,1,0,351000
Treichville,66.0,3.0,14.0,8,Moyen,1,1,0,222000
Yopougon,160.0,6.0,27.0,11,Moyen,0,0,0,208000
Riviera,69.0,3.0,35.0,10,Économique,0,0,1,228000
Treichville,50.0,1.0,32.0,1,Économique,1,0,1,111000
Yopougon,110.0,3.0,5.0,5,Économique,0,0,1,182000
Cocody,90.0,5.0,11.0,10,Haut standing,1,0,0,706000
Cocody,95.0,5.0,6.0,0,Haut standing,0,1,0,560000
Marcory,47.0,2.0,27.0,7,Économique,1,1,0,146000
Cocody,48.0,2.0,6.0,4,Économique,0,1,1,269000
Abobo,76.0,4.0,0.0,8,Moyen,0,1,1,139000
Yopougon,129.0,6.0,23.0,2,Économique,0,1,1,182000
Abobo,78.0,4.0,18.0,1,Haut standing,0,0,1,140000
Plateau,49.0,3.0,31.0,6,Moyen,0,1,0,280000
Treichville,160.0,6.0,29.0,10,Économique,0,0,1,398000
Adjamé,,3.0,0.0,6,Économique,0,0,1,105000
Riviera,97.0,3.0,31.0,9,Moyen,0,1,0,354000
Cocody,130.0,5.0,,4,Économique,0,1,1,590000
Bingerville,73.0,2.0,20.0,6,Moyen,0,0,1,201000
Abobo,130.0,6.0,18.0,11,Économique,0,0,0,105000
Abobo,188.0,7.0,29.0,5,Économique,0,0,0,172000
Yopougon,127.0,6.0,27.0,8,Moyen,0,1,0,156000
Cocody,88.0,3.0,31.0,11,Moyen,1,1,1,482000
Cocody,96.0,4.0,,2,Économique,1,1,1,452000
Abobo,25.0,1.0,22.0,3,Économique,0,1,0,33000
Treichville,68.0,3.0,26.0,8,Moyen,0,0,1,160000
Riviera,26.0,1.0,36.0,9,Moyen,0,0,0,100000
Yopougon,56.0,1.0,25.0,7,Économique,0,1,0,70000
Plateau,92.0,4.0,2.0,9,Moyen,0,0,0,608000
Koumassi,107.0,4.0,30.0,5,Économique,0,0,0,155000
Treichville,119.0,6.0,1.0,11,Économique,0,1,0,305000
Abobo,218.0,9.0,9.0,2,Moyen,0,1,1,347000
Adjamé,39.0,2.0,37.0,11,Moyen,0,0,1,71000
Riviera,55.0,3.0,18.0,8,Économique,0,1,0,245000
Port-Bouët,105.0,4.0,30.0,8,Économique,0,1,0,169000
Adjamé,136.0,5.0,28.0,10,Économique,0,0,0,196000
Adjamé,64.0,2.0,24.0,5,Moyen,0,1,0,129000
Riviera,100.0,5.0,31.0,1,Économique,0,1,0,393000
Treichville,108.0,5.0,16.0,6,Économique,0,1,1,277000
Cocody,198.0,7.0,22.0,8,Économique,0,1,0,802000
Marcory,,3.0,17.0,8,Économique,1,1,0,148000
Marcory,117.0,4.0,,2,Moyen,0,1,0,450000
Adjamé,138.0,6.0,19.0,1,Économique,0,0,1,253000
Abobo,123.0,6.0,,11,Moyen,0,0,0,210000
Abobo,169.0,7.0,23.0,4,Économique,0,0,0,190000
Cocody,49.0,3.0,19.0,10,Moyen,1,0,0,305000
Koumassi,22.0,1.0,27.0,9,Économique,1,1,0,64000
Treichville,164.0,8.0,34.0,6,Économique,0,1,1,420000
Adjamé,75.0,4.0,20.0,2,Économique,0,0,0,130000
Abobo,88.0,4.0,5.0,11,Moyen,0,1,1,123000
Treichville,94.0,3.0,6.0,3,Moyen,1,0,0,336000
Cocody,98.0,5.0,28.0,9,Économique,1,1,0,657000
Cocody,145.0,5.0,22.0,1,Économique,0,1,1,641000
Port-Bouët,115.0,4.0,4.0,11,Économique,0,0,1,274000
Riviera,41.0,1.0,21.0,11,Moyen,1,1,0,260000
Abobo,87.0,2.0,8.0,10,Haut standing,0,1,0,183000
Cocody,107.0,3.0,31.0,9,Haut standing,0,0,0,555000
Yopougon,120.0,4.0,9.0,11,Moyen,0,1,1,197000
Koumassi,84.0,4.0,27.0,1,Économique,0,0,1,155000
Koumassi,68.0,2.0,10.0,6,Moyen,1,0,0,193000
Cocody,149.0,7.0,6.0,1,Économique,1,1,0,953000
Cocody,74.0,4.0,29.0,0,Moyen,0,1,0,328000
Koumassi,126.0,6.0,37.0,3,Économique,0,0,1,201000
Yopougon,143.0,6.0,33.0,5,Économique,0,1,0,174000
Marcory,104.0,3.0,27.0,9,Économique,0,1,0,284000
Cocody,63.0,3.0,31.0,9,Économique,0,1,1,287000
Abobo,115.0,4.0,15.0,3,Moyen,0,0,0,149000
Bingerville,80.0,3.0,38.0,0,Moyen,1,1,0,240000
Riviera,258.0,10.0,0.0,0,Moyen,0,1,0,1256000
Abobo,139.0,6.0,33.0,8,Haut standing,0,1,0,176000
Abobo,137.0,6.0,22.0,0,Économique,0,0,0,145000
Cocody,160.0,6.0,19.0,6,Moyen,0,0,1,774000
Abobo,26.0,1.0,17.0,10,Moyen,0,0,0,41000
Yopougon,87.0,2.0,17.0,11,Moyen,0,0,0,148000
Abobo,156.0,6.0,39.0,11,Économique,0,1,0,159000
Yopougon,68.0,3.0,20.0,11,Économique,0,1,0,95000
Marcory,37.0,1.0,7.0,6,Économique,0,0,0,97000
Cocody,99.0,4.0,33.0,0,Haut standing,0,1,0,497000
Treichville,55.0,2.0,10.0,0,Haut standing,0,1,0,193000
Cocody,59.0,1.0,9.0,5,Économique,0,1,1,227000
Plateau,84.0,4.0,7.0,7,Haut standing,0,0,0,648000
Riviera,46.0,1.0,7.0,6,Économique,0,0,1,205000
Yopougon,82.0,2.0,18.0,5,Économique,0,0,0,70000
Abobo,105.0,4.0,0.0,9,Moyen,0,0,1,154000
Bingerville,230.0,8.0,2.0,2,Économique,0,0,1,605000
Riviera,,2.0,31.0,11,Économique,0,1,1,242000
Abobo,85.0,3.0,15.0,10,Haut standing,0,0,0,142000
Port-Bouët,124.0,5.0,29.0,6,Moyen,0,0,0,268000
Treichville,77.0,4.0,27.0,5,Haut standing,0,1,1,291000
Treichville,65.0,2.0,27.0,7,Économique,1,1,0,184000
Yopougon,157.0,7.0,15.0,3,Économique,0,1,0,217000
Adjamé,192.0,9.0,32.0,8,Économique,1,0,1,415000
Adjamé,76.0,4.0,24.0,0,Haut standing,0,1,1,188000
Treichville,64.0,4.0,17.0,11,Économique,0,0,1,181000
Cocody,59.0,1.0,25.0,6,Économique,1,1,0,252000
Abobo,126.0,4.0,5.0,8,Économique,1,0,0,145000
Cocody,169.0,6.0,37.0,9,Moyen,0,1,0,774000
Abobo,112.0,5.0,2.0,0,Économique,0,1,0,149000
Adjamé,128.0,5.0,5.0,9,Économique,0,0,0,233000
Adjamé,151.0,5.0,13.0,2,Économique,1,0,0,344000
Koumassi,194.0,9.0,17.0,6,Économique,0,0,1,365000
Bingerville,114.0,6.0,15.0,8,Économique,0,1,0,378000
Yopougon,74.0,4.0,23.0,0,Économique,0,0,1,131000
Koumassi,133.0,6.0,12.0,5,Haut standing,0,1,0,415000
Abobo,160.0,7.0,0.0,10,Économique,1,0,0,225000
Plateau,80.0,4.0,37.0,1,Économique,1,0,0,397000
Cocody,26.0,1.0,13.0,4,Économique,0,1,1,121000
Marcory,73.0,3.0,16.0,6,Haut standing,0,1,0,304000
Yopougon,45.0,1.0,12.0,6,Économique,1,1,1,79000
Abobo,20.0,1.0,12.0,9,Moyen,0,0,0,33000
Port-Bouët,75.0,4.0,8.0,6,Haut standing,0,0,0,198000
Marcory,88.0,3.0,5.0,11,Économique,0,0,1,286000
Cocody,118.0,5.0,5.0,3,Économique,0,1,0,661000
Riviera,128.0,5.0,29.0,11,Moyen,1,1,0,550000
Cocody,78.0,4.0,36.0,5,Moyen,0,1,0,343000
Yopougon,122.0,5.0,13.0,10,Moyen,0,1,1,228000
Abobo,117.0,6.0,3.0,9,Moyen,1,1,1,280000
Abobo,116.0,5.0,33.0,5,Économique,0,0,1,114000
Cocody,61.0,2.0,1.0,6,Moyen,0,0,0,270000
Cocody,134.0,4.0,16.0,8,Économique,1,0,0,646000
Cocody,102.0,4.0,13.0,5,Moyen,0,1,0,505000
Abobo,90.0,5.0,16.0,11,Moyen,0,0,1,156000
Abobo,64.0,3.0,29.0,9,Économique,0,1,0,72000
Marcory,77.0,3.0,28.0,0,Économique,0,0,0,239000
Abobo,143.0,5.0,6.0,7,Économique,1,0,1,208000
Port-Bouët,122.0,6.0,8.0,1,Économique,0,0,1,290000
Cocody,68.0,4.0,22.0,2,Haut standing,1,1,0,476000
Yopougon,99.0,5.0,35.0,11,Moyen,0,0,1,156000
Adjamé,119.0,4.0,13.0,4,Moyen,1,1,0,312000
Marcory,70.0,3.0,19.0,5,Économique,0,1,0,193000
Treichville,132.0,6.0,16.0,6,Économique,0,1,1,429000
Abobo,32.0,1.0,,11,Économique,1,1,0,44000
Bingerville,132.0,5.0,24.0,3,Économique,0,1,1,395000
Port-Bouët,128.0,5.0,29.0,2,Moyen,0,1,0,262000
Abobo,107.0,3.0,26.0,8,Haut standing,1,0,1,203000
Koumassi,83.0,3.0,26.0,3,Économique,1,1,0,187000
Yopougon,57.0,1.0,30.0,8,Moyen,1,0,1,115000
Abobo,95.0,3.0,25.0,8,Économique,0,0,1,104000
Yopougon,115.0,4.0,13.0,10,Économique,0,1,0,174000
Plateau,134.0,6.0,20.0,11,Économique,0,0,0,682000
Adjamé,63.0,,27.0,2,Moyen,0,0,0,103000
Abobo,75.0,4.0,14.0,2,Moyen,0,0,1,120000
Yopougon,77.0,2.0,29.0,10,Économique,0,1,0,122000
Riviera,39.0,1.0,24.0,7,Moyen,0,0,0,140000
Cocody,164.0,6.0,10.0,0,Moyen,0,0,1,845000
Treichville,243.0,9.0,10.0,5,Économique,0,1,1,586000
Cocody,172.0,7.0,27.0,5,Moyen,0,0,0,719000
Koumassi,,2.0,4.0,8,Moyen,1,1,1,195000
Adjamé,206.0,7.0,27.0,1,Économique,0,1,0,284000
Treichville,84.0,3.0,7.0,7,Moyen,0,0,1,292000
Adjamé,133.0,6.0,25.0,6,Économique,0,1,0,236000
Yopougon,129.0,5.0,5.0,1,Moyen,0,1,0,215000
Koumassi,20.0,1.0,31.0,0,Haut standing,0,1,1,56000
Yopougon,97.0,4.0,31.0,3,Économique,0,0,0,112000
Yopougon,57.0,1.0,11.0,1,Économique,0,1,0,75000
Riviera,28.0,2.0,5.0,2,Économique,1,0,1,139000
Marcory,104.0,3.0,12.0,1,Économique,0,0,0,236000
Cocody,124.0,6.0,38.0,8,Économique,0,1,0,450000
Abobo,68.0,2.0,39.0,3,Moyen,0,0,1,71000
Riviera,100.0,4.0,33.0,0,Économique,1,1,1,490000
Yopougon,168.0,,22.0,7,Économique,0,0,1,196000
Cocody,84.0,3.0,,3,Moyen,1,1,0,608000
Treichville,45.0,3.0,0.0,9,Moyen,1,0,0,163000
Yopougon,140.0,7.0,6.0,10,Économique,0,0,0,224000
Plateau,77.0,2.0,12.0,10,Moyen,0,0,0,399000
Adjamé,66.0,2.0,13.0,7,Haut standing,0,0,0,143000
Riviera,81.0,3.0,16.0,7,Économique,0,0,0,302000
Yopougon,79.0,3.0,29.0,8,Économique,0,0,1,104000
Yopougon,34.0,2.0,33.0,11,Moyen,1,1,1,69000
Yopougon,108.0,5.0,26.0,9,Moyen,0,1,0,214000
Cocody,107.0,3.0,24.0,6,Économique,0,0,0,352000
Bingerville,82.0,2.0,34.0,3,Économique,0,1,0,212000
Yopougon,103.0,3.0,8.0,11,Moyen,0,1,0,201000
Yopougon,128.0,4.0,5.0,11,Haut standing,1,1,1,314000
Adjamé,107.0,,25.0,1,Moyen,0,1,0,163000
Yopougon,64.0,4.0,37.0,5,Haut standing,0,0,1,104000
Abobo,57.0,3.0,38.0,3,Moyen,0,0,0,58000
Cocody,221.0,9.0,26.0,5,Haut standing,1,0,1,1785000
Port-Bouët,108.0,5.0,39.0,7,Moyen,0,1,1,234000
Riviera,,2.0,30.0,2,Haut standing,0,0,0,319000
Abobo,121.0,6.0,2.0,0,Économique,1,1,0,224000
Riviera,69.0,4.0,23.0,4,Moyen,1,0,1,347000
Plateau,140.0,7.0,14.0,11,Économique,0,0,0,659000
Yopougon,78.0,3.0,5.0,2,Économique,0,0,0,128000
Abobo,30.0,1.0,10.0,5,Moyen,1,0,0,53000
Abobo,89.0,5.0,29.0,2,Économique,1,0,0,118000
Yopougon,53.0,3.0,34.0,0,Économique,0,0,0,61000
Treichville,84.0,2.0,37.0,8,Haut standing,0,1,0,223000
Cocody,78.0,3.0,39.0,4,Moyen,0,1,1,293000
Yopougon,113.0,4.0,28.0,1,Haut standing,0,0,0,181000
Plateau,186.0,6.0,22.0,1,Haut standing,0,1,0,998000
Koumassi,,6.0,2.0,10,Économique,0,1,0,316000
Marcory,108.0,5.0,25.0,8,Économique,1,1,0,510000
Cocody,99.0,5.0,13.0,11,Économique,0,0,1,533000
Abobo,,3.0,18.0,0,Moyen,1,0,1,138000
Abobo,175.0,6.0,20.0,9,Moyen,0,0,1,266000
Bingerville,120.0,4.0,20.0,2,Moyen,0,1,0,399000
Abobo,30.0,2.0,8.0,11,Économique,0,1,0,49000
Treichville,54.0,3.0,12.0,9,Économique,0,1,0,141000
Port-Bouët,152.0,7.0,36.0,10,Économique,0,0,0,233000
Abobo,106.0,,37.0,6,Économique,0,0,0,76000
Cocody,173.0,6.0,23.0,0,Haut standing,1,0,1,1330000
Abobo,129.0,5.0,37.0,1,Économique,0,0,0,111000
Riviera,98.0,5.0,10.0,5,Économique,1,0,0,420000
Yopougon,97.0,3.0,28.0,8,Économique,1,0,1,184000
Treichville,68.0,3.0,37.0,11,Moyen,1,1,1,203000
Plateau,83.0,2.0,16.0,8,Économique,0,0,0,348000
Plateau,47.0,1.0,25.0,11,Économique,1,1,0,226000
Yopougon,60.0,3.0,25.0,7,Moyen,0,1,1,93000
Abobo,52.0,2.0,11.0,2,Haut standing,1,1,0,110000
Cocody,91.0,3.0,17.0,1,Haut standing,0,1,1,527000
Riviera,72.0,3.0,8.0,0,Économique,0,0,0,233000
Koumassi,36.0,1.0,2.0,10,Moyen,1,0,0,118000
Abobo,121.0,6.0,9.0,10,Économique,0,1,0,180000
Port-Bouët,76.0,3.0,1.0,8,Économique,0,0,0,188000
Cocody,138.0,7.0,7.0,4,Moyen,0,1,1,855000
Yopougon,117.0,6.0,17.0,11,Économique,0,0,1,198000
Abobo,234.0,10.0,38.0,2,Moyen,1,0,1,320000
Port-Bouët,92.0,4.0,30.0,9,Haut standing,0,1,0,226000
Koumassi,69.0,2.0,13.0,9,Économique,1,0,1,176000
Marcory,59.0,3.0,38.0,10,Économique,0,0,1,158000
Riviera,127.0,4.0,32.0,4,Économique,0,1,1,364000
Cocody,133.0,5.0,28.0,10,Moyen,0,0,0,598000
Bingerville,93.0,3.0,32.0,11,Haut standing,0,1,1,369000
Riviera,105.0,3.0,,2,Haut standing,1,0,0,496000
Plateau,154.0,7.0,1.0,8,Moyen,1,0,0,1540000
Koumassi,130.0,6.0,34.0,0,Économique,0,0,0,186000
Cocody,108.0,5.0,31.0,0,Moyen,0,0,1,442000
Yopougon,48.0,2.0,35.0,2,Économique,0,0,1,62000
Abobo,61.0,1.0,22.0,5,Haut standing,0,1,0,91000
Abobo,77.0,3.0,4.0,10,Économique,1,1,0,103000
Riviera,79.0,3.0,15.0,1,Moyen,1,1,0,478000
Adjamé,64.0,3.0,39.0,0,Économique,0,0,1,84000
Yopougon,60.0,2.0,23.0,7,Économique,1,0,1,117000
Port-Bouët,81.0,4.0,39.0,10,Moyen,0,1,0,157000
Riviera,100.0,3.0,27.0,9,Moyen,0,1,1,453000
Cocody,118.0,6.0,24.0,8,Moyen,1,0,0,784000
Riviera,35.0,2.0,6.0,9,Moyen,0,0,0,169000
Cocody,72.0,3.0,37.0,11,Économique,0,0,0,214000
Port-Bouët,37.0,2.0,6.0,0,Haut standing,0,0,0,80000
Marcory,92.0,3.0,21.0,2,Moyen,0,1,1,339000
Cocody,91.0,4.0,21.0,4,Économique,0,0,1,483000
Yopougon,88.0,5.0,26.0,6,Moyen,0,0,0,135000
Abobo,81.0,3.0,32.0,9,Haut standing,0,1,1,141000
Yopougon,73.0,2.0,31.0,3,Moyen,0,0,1,106000
Cocody,88.0,4.0,38.0,5,Économique,0,1,0,304000
Abobo,120.0,6.0,31.0,0,Moyen,0,1,0,114000
Riviera,76.0,4.0,0.0,3,Économique,0,0,1,387000
Yopougon,49.0,1.0,,7,Moyen,1,1,1,125000
Marcory,105.0,3.0,3.0,4,Moyen,1,0,0,467000
Yopougon,133.0,5.0,28.0,7,Haut standing,0,0,0,219000
Cocody,48.0,3.0,6.0,11,Moyen,1,1,1,369000
Port-Bouët,44.0,1.0,37.0,0,Économique,0,1,0,56000
Port-Bouët,47.0,1.0,5.0,9,Moyen,0,1,1,112000
Abobo,87.0,4.0,10.0,8,Économique,0,1,0,116000
Yopougon,193.0,7.0,8.0,3,Économique,0,0,0,264000
Port-Bouët,178.0,6.0,29.0,8,Économique,0,1,0,303000
Abobo,105.0,5.0,21.0,7,Économique,0,1,0,111000
Port-Bouët,47.0,1.0,38.0,7,Haut standing,0,0,0,89000
Abobo,177.0,8.0,8.0,11,Moyen,0,1,0,285000
Koumassi,181.0,8.0,37.0,1,Moyen,0,0,1,317000
Abobo,59.0,2.0,32.0,2,Économique,0,1,0,59000
Yopougon,93.0,5.0,25.0,9,Moyen,0,1,1,158000
Riviera,133.0,4.0,15.0,8,Moyen,0,1,1,774000
Abobo,166.0,7.0,8.0,2,Économique,0,0,1,224000
Abobo,86.0,3.0,22.0,7,Haut standing,1,0,0,159000
Marcory,139.0,5.0,,4,Moyen,0,0,1,501000
Abobo,110.0,4.0,18.0,6,Moyen,0,1,1,154000
Abobo,107.0,3.0,15.0,3,Économique,0,0,0,99000
Plateau,103.0,4.0,24.0,7,Économique,1,1,0,516000
Cocody,197.0,7.0,34.0,3,Haut standing,0,0,0,726000
Abobo,95.0,5.0,12.0,4,Moyen,0,0,0,132000
Koumassi,117.0,6.0,6.0,0,Moyen,0,0,1,326000
Abobo,198.0,8.0,33.0,9,Haut standing,0,1,1,272000
Marcory,121.0,5.0,13.0,7,Moyen,0,1,1,592000
Adjamé,70.0,4.0,22.0,6,Moyen,0,0,0,109000
Cocody,90.0,3.0,22.0,10,Économique,0,0,1,432000
Yopougon,62.0,2.0,16.0,4,Moyen,0,1,0,92000
Plateau,90.0,5.0,12.0,5,Économique,0,0,0,516000
Plateau,86.0,3.0,26.0,0,Économique,1,1,1,518000
Marcory,76.0,4.0,1.0,7,Haut standing,0,1,0,539000
Yopougon,103.0,5.0,36.0,8,Économique,1,0,0,138000
Cocody,39.0,3.0,29.0,10,Économique,1,1,1,166000
Yopougon,219.0,8.0,3.0,4,Économique,1,1,1,354000
Abobo,,3.0,29.0,9,Économique,1,1,0,108000
Yopougon,93.0,3.0,2.0,6,Économique,0,1,1,170000
Yopougon,175.0,6.0,13.0,9,Économique,1,1,0,288000
Port-Bouët,120.0,6.0,10.0,3,Moyen,0,0,1,302000
Plateau,76.0,2.0,39.0,5,Moyen,1,0,0,398000
Yopougon,81.0,3.0,22.0,1,Moyen,0,0,1,135000
Cocody,152.0,6.0,31.0,3,Haut standing,0,1,1,873000
Cocody,162.0,7.0,2.0,4,Moyen,1,0,0,949000
Abobo,72.0,4.0,0.0,8,Économique,0,0,1,119000
Abobo,173.0,7.0,8.0,8,Économique,1,0,1,324000
Bingerville,41.0,2.0,8.0,7,Moyen,0,0,0,125000
Abobo,185.0,8.0,11.0,11,Moyen,0,0,1,252000
Riviera,111.0,3.0,0.0,3,Économique,0,0,1,558000
Cocody,172.0,7.0,15.0,5,Économique,0,0,0,747000
Cocody,127.0,6.0,29.0,6,Moyen,1,1,0,752000
Cocody,74.0,4.0,7.0,0,Moyen,1,1,0,595000
Plateau,89.0,4.0,9.0,0,Moyen,1,0,0,457000
Abobo,75.0,4.0,32.0,3,Économique,1,1,0,91000
Abobo,64.0,3.0,37.0,2,Moyen,0,1,0,73000
Cocody,118.0,6.0,21.0,9,Moyen,0,0,1,805000
Riviera,34.0,2.0,15.0,3,Haut standing,0,0,1,204000
Port-Bouët,86.0,2.0,18.0,8,Moyen,0,1,1,180000
Treichville,98.0,5.0,,1,Moyen,0,1,1,336000
Cocody,35.0,1.0,10.0,3,Moyen,0,0,0,183000
Plateau,110.0,4.0,13.0,6,Moyen,0,0,1,740000
Cocody,126.0,4.0,38.0,1,Économique,0,1,0,480000
Cocody,117.0,5.0,25.0,7,Haut standing,0,1,0,533000
Abobo,117.0,6.0,19.0,9,Moyen,0,1,0,156000
Marcory,99.0,3.0,19.0,3,Moyen,1,0,0,401000
Yopougon,,2.0,4.0,8,Haut standing,0,0,0,123000
Riviera,191.0,9.0,0.0,0,Haut standing,0,1,0,1363000
Adjamé,20.0,1.0,10.0,6,Moyen,1,0,1,50000
Riviera,85.0,4.0,9.0,0,Économique,0,0,0,351000
Plateau,74.0,3.0,27.0,10,Économique,0,0,0,311000
Yopougon,98.0,4.0,33.0,9,Haut standing,1,0,1,231000
Abobo,63.0,3.0,12.0,10,Économique,0,1,0,88000
Cocody,156.0,6.0,24.0,8,Haut standing,0,1,1,1046000
Cocody,40.0,1.0,22.0,11,Économique,0,0,0,165000
Adjamé,69.0,3.0,35.0,9,Moyen,0,1,0,120000
Abobo,83.0,2.0,11.0,11,Moyen,0,1,0,139000
Yopougon,118.0,4.0,1.0,9,Économique,0,1,0,226000
Yopougon,118.0,6.0,19.0,11,Haut standing,1,1,0,324000
Yopougon,144.0,6.0,15.0,0,Moyen,0,0,0,244000
Cocody,135.0,6.0,13.0,2,Économique,0,1,1,845000
Treichville,86.0,4.0,1.0,11,Économique,0,0,0,217000
Plateau,140.0,7.0,15.0,6,Moyen,1,0,0,883000
Cocody,86.0,4.0,3.0,0,Économique,0,0,1,432000
Riviera,38.0,3.0,12.0,4,Haut standing,0,0,1,258000
Abobo,41.0,2.0,37.0,5,Économique,0,1,0,37000
Koumassi,82.0,4.0,0.0,2,Économique,0,1,0,203000
Treichville,,1.0,8.0,5,Économique,0,1,0,131000
Yopougon,89.0,3.0,20.0,3,Économique,0,1,1,151000
Marcory,136.0,5.0,17.0,5,Économique,0,0,1,391000
Cocody,78.0,2.0,31.0,5,Haut standing,0,0,1,361000
Plateau,31.0,2.0,33.0,3,Économique,0,1,1,142000
Port-Bouët,122.0,4.0,19.0,0,Économique,0,1,0,199000
Adjamé,74.0,4.0,1.0,2,Économique,0,1,0,137000
Abobo,83.0,,3.0,10,Moyen,0,0,1,135000
Yopougon,249.0,9.0,37.0,9,Moyen,1,1,0,375000
Riviera,144.0,5.0,6.0,6,Moyen,0,1,1,985000
Cocody,161.0,5.0,21.0,1,Économique,1,0,0,673000
Marcory,79.0,3.0,19.0,3,Moyen,0,1,0,284000
Treichville,222.0,9.0,34.0,5,Moyen,0,0,1,459000
Koumassi,59.0,1.0,3.0,4,Moyen,1,0,1,181000
Riviera,39.0,2.0,19.0,5,Économique,0,1,1,160000
Marcory,242.0,10.0,34.0,4,Moyen,0,1,1,903000
Bingerville,31.0,1.0,32.0,8,Économique,0,1,0,61000
Port-Bouët,74.0,2.0,20.0,10,Économique,0,1,1,146000
Marcory,123.0,6.0,13.0,11,Économique,1,0,1,612000
Yopougon,79.0,2.0,30.0,1,Économique,0,0,0,87000
Yopougon,66.0,2.0,21.0,3,Économique,1,0,1,107000
Riviera,95.0,3.0,29.0,0,Moyen,1,1,1,560000
Plateau,92.0,4.0,28.0,11,Haut standing,0,1,1,604000
Port-Bouët,,3.0,35.0,6,Moyen,0,1,0,148000
Treichville,169.0,8.0,28.0,0,Économique,0,1,1,362000
Koumassi,126.0,6.0,6.0,5,Moyen,0,1,0,288000
Yopougon,84.0,4.0,31.0,9,Moyen,0,1,0,139000
Abobo,108.0,3.0,12.0,9,Économique,0,1,1,137000
Port-Bouët,20.0,2.0,12.0,8,Moyen,0,1,0,55000
Port-Bouët,88.0,5.0,13.0,1,Moyen,0,0,0,197000
Bingerville,112.0,5.0,5.0,0,Économique,0,0,0,322000
Cocody,63.0,4.0,15.0,11,Économique,0,0,0,235000
Adjamé,75.0,3.0,20.0,10,Économique,0,1,1,158000
Cocody,145.0,5.0,15.0,10,Haut standing,1,1,0,1265000
Yopougon,52.0,1.0,4.0,10,Économique,1,0,0,95000
Abobo,147.0,7.0,23.0,9,Économique,0,1,0,158000
Yopougon,198.0,7.0,0.0,2,Moyen,1,1,1,386000
Abobo,76.0,4.0,9.0,5,Haut standing,0,0,1,161000
Riviera,53.0,3.0,34.0,6,Économique,1,1,1,259000
Cocody,65.0,4.0,30.0,10,Moyen,0,1,0,272000
Adjamé,191.0,7.0,14.0,7,Moyen,0,0,1,418000
Yopougon,51.0,2.0,10.0,3,Moyen,0,0,0,83000
Cocody,53.0,1.0,8.0,7,Moyen,0,0,0,309000
Plateau,31.0,1.0,1.0,6,Économique,1,1,0,189000
Riviera,74.0,3.0,29.0,10,Haut standing,0,0,0,385000
Bingerville,103.0,3.0,15.0,7,Moyen,0,1,0,364000
Riviera,179.0,7.0,0.0,4,Haut standing,0,1,0,1238000
Riviera,78.0,4.0,5.0,9,Moyen,0,0,0,404000
Marcory,121.0,5.0,10.0,6,Haut standing,0,1,1,607000
Yopougon,65.0,4.0,32.0,3,Économique,1,1,0,100000
Adjamé,48.0,2.0,16.0,0,Économique,0,0,1,78000
Yopougon,166.0,8.0,33.0,2,Économique,0,1,0,197000
Yopougon,101.0,3.0,39.0,11,Économique,1,1,0,162000
Yopougon,126.0,5.0,24.0,9,Moyen,0,0,0,215000
Abobo,100.0,3.0,21.0,8,Économique,0,0,0,111000
Abobo,38.0,3.0,25.0,10,Économique,0,1,1,53000
Plateau,144.0,6.0,26.0,3,Moyen,0,1,1,830000
Yopougon,63.0,3.0,37.0,4,Haut standing,0,0,0,81000
Abobo,118.0,5.0,8.0,2,Moyen,0,0,0,171000
Abobo,49.0,1.0,36.0,11,Moyen,0,1,0,55000
Marcory,51.0,3.0,4.0,10,Moyen,1,0,0,215000
Koumassi,66.0,2.0,17.0,5,Haut standing,0,1,1,217000
Cocody,57.0,2.0,21.0,3,Moyen,1,1,0,317000
Yopougon,46.0,3.0,11.0,4,Haut standing,0,0,0,106000
Koumassi,239.0,10.0,21.0,10,Économique,0,0,0,471000
Abobo,93.0,3.0,5.0,6,Moyen,0,1,0,121000
Marcory,35.0,1.0,,11,Moyen,0,1,1,131000
Adjamé,48.0,2.0,26.0,6,Moyen,0,1,0,83000
Abobo,59.0,2.0,14.0,8,Moyen,0,0,0,61000
Port-Bouët,71.0,3.0,16.0,1,Moyen,1,1,1,214000
Koumassi,131.0,5.0,2.0,3,Haut standing,0,0,0,376000
Abobo,103.0,5.0,9.0,7,Économique,0,1,0,140000
Yopougon,92.0,4.0,24.0,3,Économique,0,0,0,127000
Cocody,40.0,2.0,20.0,11,Économique,1,1,1,210000
Marcory,120.0,5.0,39.0,2,Économique,0,0,1,265000
Yopougon,38.0,1.0,8.0,9,Économique,0,0,1,54000
Abobo,83.0,2.0,23.0,5,Moyen,1,0,1,114000
Abobo,106.0,3.0,31.0,2,Moyen,1,0,0,131000
Marcory,108.0,4.0,2.0,11,Moyen,0,0,0,532000
Cocody,99.0,5.0,32.0,11,Moyen,0,0,1,475000
Yopougon,101.0,4.0,11.0,1,Moyen,0,0,0,163000
Marcory,97.0,3.0,28.0,8,Économique,1,0,0,247000
Koumassi,43.0,1.0,20.0,2,Moyen,0,1,1,91000
Cocody,42.0,2.0,38.0,0,Moyen,0,1,0,125000
Abobo,137.0,6.0,33.0,11,Économique,0,0,0,175000
Riviera,138.0,7.0,,11,Économique,0,0,1,437000
Plateau,51.0,3.0,31.0,8,Économique,0,0,1,224000
Yopougon,100.0,3.0,19.0,4,Moyen,0,0,0,142000
Cocody,110.0,3.0,2.0,6,Moyen,0,0,0,669000
Abobo,92.0,5.0,3.0,1,Moyen,1,0,0,164000
Abobo,147.0,6.0,16.0,0,Économique,1,1,0,167000
Yopougon,73.0,4.0,16.0,5,Économique,1,1,0,132000
Abobo,76.0,3.0,18.0,4,Économique,1,0,1,108000
Bingerville,148.0,5.0,3.0,9,Économique,0,1,0,419000
Marcory,44.0,,,5,Économique,0,0,1,111000
Cocody,135.0,4.0,16.0,1,Économique,0,0,1,494000
Bingerville,182.0,8.0,21.0,6,Moyen,0,1,1,576000
Abobo,118.0,6.0,1.0,0,Économique,0,0,0,133000
Bingerville,89.0,3.0,11.0,10,Économique,0,1,0,234000
Abobo,45.0,1.0,10.0,7,Moyen,1,1,1,80000
Port-Bouët,100.0,3.0,39.0,6,Moyen,0,1,1,196000
Yopougon,62.0,3.0,28.0,6,Moyen,0,0,0,76000
Koumassi,79.0,4.0,19.0,5,Économique,0,1,1,157000
Riviera,110.0,3.0,4.0,9,Moyen,1,0,0,628000
Abobo,57.0,3.0,24.0,4,Haut standing,1,0,1,117000
Plateau,49.0,3.0,33.0,8,Économique,0,1,0,260000
Marcory,69.0,4.0,11.0,2,Économique,0,1,1,281000
Marcory,172.0,8.0,27.0,8,Haut standing,0,1,1,832000
Marcory,111.0,3.0,33.0,4,Haut standing,1,0,1,464000
Treichville,61.0,1.0,5.0,7,Économique,0,0,1,157000
Abobo,65.0,4.0,18.0,10,Économique,1,1,0,87000
Abobo,157.0,,11.0,2,Moyen,0,0,0,197000
Yopougon,42.0,1.0,24.0,6,Économique,0,1,0,53000
Abobo,171.0,6.0,12.0,9,Haut standing,0,1,0,297000
Cocody,56.0,2.0,16.0,3,Économique,1,1,0,257000
Cocody,167.0,6.0,11.0,4,Haut standing,1,1,0,1232000
Plateau,137.0,4.0,2.0,3,Économique,1,0,1,752000
Abobo,52.0,3.0,23.0,8,Économique,0,1,1,73000
Marcory,127.0,6.0,7.0,11,Haut standing,0,1,0,651000
Marcory,36.0,1.0,35.0,6,Économique,1,1,1,125000
Yopougon,150.0,6.0,25.0,5,Économique,0,1,0,193000
Port-Bouët,52.0,1.0,7.0,5,Haut standing,1,1,0,182000
Cocody,150.0,5.0,31.0,10,Économique,0,0,1,607000
Abobo,43.0,3.0,31.0,9,Économique,1,1,0,52000
Adjamé,54.0,1.0,0.0,6,Économique,1,0,0,103000
Port-Bouët,191.0,7.0,2.0,4,Moyen,0,1,0,492000
Riviera,117.0,4.0,0.0,9,Moyen,0,1,1,510000
Cocody,57.0,1.0,14.0,2,Haut standing,0,0,0,354000
Plateau,105.0,3.0,19.0,10,Moyen,0,1,0,520000
Bingerville,,3.0,2.0,10,Économique,0,0,0,319000
Yopougon,81.0,2.0,14.0,2,Économique,0,0,1,118000
Abobo,103.0,3.0,36.0,6,Moyen,0,0,0,97000
Adjamé,158.0,7.0,20.0,10,Moyen,0,0,0,323000
Adjamé,135.0,5.0,38.0,9,Haut standing,1,0,0,305000
Riviera,119.0,4.0,22.0,0,Haut standing,0,0,0,604000
Riviera,56.0,3.0,39.0,3,Économique,1,0,0,188000
Koumassi,43.0,1.0,34.0,9,Moyen,0,0,0,82000
Marcory,88.0,3.0,17.0,7,Moyen,1,0,1,294000
Bingerville,136.0,5.0,16.0,3,Économique,0,1,0,386000
Cocody,27.0,2.0,30.0,0,Économique,0,1,0,104000
Marcory,71.0,2.0,25.0,4,Haut standing,0,1,1,317000
Bingerville,115.0,5.0,21.0,0,Moyen,1,0,0,403000
Marcory,169.0,7.0,35.0,8,Moyen,0,1,1,681000
Marcory,20.0,1.0,34.0,7,Moyen,0,0,0,59000
Cocody,88.0,3.0,10.0,6,Moyen,1,0,1,510000
Bingerville,69.0,4.0,26.0,4,Économique,0,0,1,226000
Yopougon,92.0,5.0,33.0,3,Moyen,0,0,0,133000
Adjamé,119.0,4.0,17.0,6,Moyen,0,0,0,239000
Marcory,34.0,1.0,26.0,2,Haut standing,0,1,0,124000
Koumassi,54.0,2.0,3.0,7,Moyen,0,1,1,145000
Koumassi,58.0,3.0,16.0,4,Haut standing,0,1,0,167000
Treichville,76.0,2.0,5.0,4,Économique,0,1,1,227000
Yopougon,154.0,5.0,10.0,0,Haut standing,0,1,1,344000
Marcory,52.0,3.0,4.0,9,Haut standing,0,0,0,226000
Riviera,64.0,2.0,17.0,10,Moyen,1,1,1,481000
Abobo,42.0,2.0,24.0,7,Économique,1,1,0,49000
Riviera,76.0,3.0,9.0,6,Économique,0,0,0,326000
Treichville,80.0,2.0,15.0,0,Moyen,1,1,0,247000
Koumassi,83.0,4.0,9.0,11,Moyen,1,0,0,318000
Koumassi,256.0,10.0,9.0,11,Économique,0,1,0,533000
Adjamé,136.0,6.0,35.0,3,Moyen,1,1,0,237000
Riviera,90.0,5.0,20.0,3,Moyen,0,1,1,515000
Yopougon,118.0,6.0,13.0,11,Économique,1,1,1,251000
Cocody,67.0,3.0,7.0,8,Économique,0,1,1,418000
Adjamé,231.0,9.0,0.0,9,Économique,0,0,1,544000
Koumassi,139.0,5.0,15.0,1,Économique,1,0,1,344000
Abobo,130.0,6.0,25.0,3,Économique,0,0,0,121000
Marcory,172.0,7.0,5.0,9,Moyen,0,1,0,794000
Yopougon,203.0,8.0,38.0,2,Économique,0,0,0,274000
Treichville,52.0,1.0,1.0,9,Économique,1,1,0,164000
Yopougon,162.0,6.0,8.0,4,Moyen,1,0,1,342000
Abobo,114.0,5.0,4.0,11,Haut standing,0,1,1,246000
Koumassi,106.0,4.0,39.0,6,Économique,0,0,1,162000
Marcory,190.0,7.0,4.0,4,Haut standing,0,0,0,845000
Yopougon,55.0,1.0,7.0,4,Économique,0,0,1,84000
Marcory,91.0,5.0,4.0,3,Économique,1,1,1,439000
Marcory,85.0,3.0,4.0,8,Moyen,1,0,0,344000
Koumassi,113.0,4.0,16.0,5,Moyen,0,1,0,286000
Riviera,116.0,4.0,8.0,9,Moyen,1,0,1,763000
Yopougon,158.0,5.0,33.0,5,Haut standing,1,1,0,347000
Koumassi,95.0,5.0,32.0,10,Économique,0,1,1,210000
Bingerville,198.0,9.0,21.0,5,Moyen,0,1,1,475000
Port-Bouët,120.0,6.0,,5,Moyen,0,0,0,272000
Plateau,52.0,3.0,14.0,0,Haut standing,0,1,0,401000
Riviera,68.0,4.0,0.0,10,Économique,1,0,1,454000
Yopougon,129.0,5.0,6.0,5,Économique,0,0,1,266000
Treichville,116.0,5.0,22.0,3,Moyen,1,0,0,389000
Cocody,112.0,3.0,5.0,1,Haut standing,0,0,0,710000
Yopougon,212.0,9.0,19.0,5,Économique,1,1,0,300000
Cocody,150.0,7.0,25.0,0,Économique,0,1,1,782000
Marcory,75.0,2.0,11.0,11,Économique,0,0,0,250000
Treichville,86.0,3.0,12.0,0,Moyen,0,0,0,183000
Port-Bouët,73.0,4.0,,4,Économique,1,0,1,188000
Bingerville,58.0,3.0,1.0,5,Économique,1,0,0,167000
Treichville,220.0,10.0,31.0,1,Moyen,0,0,1,606000
Bingerville,115.0,5.0,30.0,9,Économique,0,0,1,306000
Bingerville,47.0,2.0,10.0,7,Économique,0,1,0,131000
Koumassi,188.0,9.0,36.0,3,Économique,1,1,0,416000
Plateau,63.0,4.0,3.0,11,Économique,0,0,0,333000
Adjamé,105.0,3.0,33.0,3,Économique,0,1,0,148000
Riviera,97.0,3.0,15.0,9,Économique,0,0,1,466000
Adjamé,39.0,2.0,30.0,4,Économique,0,1,0,59000
Treichville,29.0,1.0,24.0,9,Moyen,0,0,0,65000
Yopougon,137.0,6.0,38.0,3,Économique,1,1,0,222000
Abobo,167.0,7.0,7.0,10,Moyen,1,0,0,296000
Abobo,108.0,3.0,7.0,4,Économique,1,1,0,191000
Cocody,289.0,10.0,33.0,9,Économique,0,0,1,1124000
Treichville,66.0,4.0,14.0,2,Haut standing,0,0,0,244000
Port-Bouët,33.0,1.0,4.0,7,Économique,1,1,0,86000
Bingerville,117.0,4.0,18.0,5,Économique,0,1,1,360000
Cocody,54.0,1.0,9.0,7,Haut standing,0,0,1,376000
Riviera,90.0,5.0,8.0,4,Moyen,0,0,0,490000
Treichville,152.0,6.0,28.0,6,Moyen,0,0,0,310000
Adjamé,70.0,2.0,39.0,9,Moyen,0,0,0,94000
Koumassi,91.0,4.0,36.0,6,Économique,1,0,0,181000
Port-Bouët,163.0,7.0,18.0,5,Haut standing,1,0,1,533000
Riviera,,3.0,12.0,11,Haut standing,0,1,0,482000
Treichville,117.0,6.0,39.0,9,Économique,0,1,1,288000
Bingerville,124.0,6.0,15.0,3,Moyen,0,1,1,540000
Cocody,85.0,2.0,29.0,5,Économique,0,1,1,349000
Adjamé,86.0,2.0,4.0,8,Moyen,1,1,0,235000
Koumassi,92.0,4.0,32.0,10,Économique,0,0,0,161000
Adjamé,66.0,3.0,18.0,11,Moyen,0,1,0,132000
Marcory,114.0,5.0,18.0,3,Économique,0,1,1,388000
Bingerville,67.0,4.0,16.0,5,Moyen,1,0,0,189000
Plateau,71.0,4.0,23.0,5,Économique,0,1,0,308000
Cocody,55.0,1.0,27.0,2,Moyen,0,0,0,212000
Koumassi,170.0,7.0,36.0,3,Moyen,0,1,0,268000
Yopougon,43.0,2.0,21.0,2,Haut standing,0,0,1,85000
Port-Bouët,,10.0,38.0,2,Économique,0,1,1,356000
Yopougon,88.0,3.0,15.0,9,Haut standing,1,1,1,285000
Plateau,75.0,3.0,34.0,11,Économique,0,1,1,447000
Port-Bouët,55.0,2.0,26.0,3,Moyen,0,1,0,104000
Abobo,58.0,1.0,11.0,3,Moyen,1,1,0,95000
Plateau,66.0,3.0,27.0,5,Haut standing,0,0,0,443000
Koumassi,328.0,10.0,0.0,3,Moyen,1,1,0,849000
Abobo,66.0,2.0,38.0,5,Moyen,1,0,0,81000
Abobo,118.0,5.0,17.0,1,Économique,0,1,1,124000
Yopougon,82.0,3.0,22.0,3,Haut standing,1,1,1,218000
Port-Bouët,224.0,10.0,21.0,1,Moyen,0,0,1,549000
Port-Bouët,104.0,5.0,3.0,11,Économique,0,0,0,193000
Adjamé,48.0,3.0,10.0,7,Économique,1,0,0,86000
Cocody,72.0,3.0,17.0,11,Moyen,1,1,1,592000
Port-Bouët,265.0,10.0,6.0,8,Haut standing,0,0,1,744000
Adjamé,139.0,6.0,20.0,6,Économique,0,0,0,206000
Adjamé,91.0,3.0,34.0,5,Haut standing,0,0,0,172000
Yopougon,56.0,3.0,36.0,7,Économique,1,0,0,74000
Bingerville,,1.0,29.0,3,Haut standing,1,0,1,200000
Koumassi,52.0,3.0,16.0,9,Moyen,0,0,0,97000
Cocody,37.0,1.0,32.0,10,Économique,0,1,0,175000
Yopougon,135.0,,15.0,1,Économique,1,1,1,286000
Bingerville,123.0,4.0,14.0,3,Moyen,0,1,1,398000
Cocody,100.0,5.0,12.0,4,Moyen,0,1,0,725000
Riviera,181.0,6.0,38.0,8,Haut standing,0,0,0,870000
Adjamé,132.0,4.0,2.0,4,Moyen,0,1,1,309000
Abobo,42.0,2.0,23.0,8,Moyen,1,0,0,79000
Marcory,334.0,10.0,22.0,8,Haut standing,1,0,0,1003000
Marcory,93.0,3.0,0.0,7,Moyen,0,0,1,379000
Riviera,143.0,6.0,31.0,4,Moyen,1,1,1,946000
Treichville,94.0,3.0,32.0,11,Moyen,0,0,0,206000
Koumassi,98.0,4.0,29.0,1,Haut standing,1,1,1,348000
Yopougon,37.0,1.0,1.0,4,Économique,0,1,0,53000
Cocody,68.0,3.0,17.0,10,Moyen,1,1,1,445000
Cocody,119.0,5.0,29.0,0,Moyen,0,0,1,551000
Abobo,86.0,4.0,17.0,7,Moyen,0,1,1,145000
Riviera,40.0,2.0,4.0,1,Moyen,1,1,1,282000
Yopougon,142.0,5.0,4.0,6,Moyen,0,0,1,254000
Yopougon,84.0,3.0,7.0,10,Économique,1,0,1,151000
Treichville,97.0,4.0,8.0,1,Moyen,0,0,0,340000
Abobo,42.0,1.0,31.0,11,Économique,0,0,0,42000
Yopougon,34.0,1.0,13.0,10,Économique,1,1,0,72000
Bingerville,100.0,4.0,12.0,4,Moyen,0,1,0,366000
Yopougon,170.0,6.0,17.0,9,Économique,0,0,0,217000
Yopougon,140.0,6.0,3.0,6,Économique,0,1,0,241000
Cocody,130.0,5.0,21.0,5,Moyen,0,1,1,627000
Riviera,104.0,4.0,19.0,4,Économique,0,1,0,451000
Marcory,46.0,1.0,14.0,5,Économique,0,0,0,129000
Cocody,25.0,2.0,6.0,1,Haut standing,0,0,0,190000
Adjamé,284.0,10.0,12.0,9,Moyen,0,0,0,436000
Abobo,84.0,3.0,33.0,0,Économique,1,1,1,110000
Yopougon,69.0,3.0,29.0,0,Économique,0,1,0,113000
Yopougon,96.0,3.0,4.0,7,Haut standing,0,0,0,182000
Koumassi,55.0,3.0,0.0,2,Économique,0,0,1,131000
Marcory,73.0,4.0,30.0,10,Moyen,0,1,0,245000
Port-Bouët,212.0,9.0,19.0,2,Moyen,0,0,0,455000
Abobo,111.0,3.0,18.0,8,Moyen,0,0,0,100000
Yopougon,124.0,4.0,28.0,5,Haut standing,1,0,0,207000
Yopougon,88.0,3.0,37.0,3,Économique,1,0,1,108000
Marcory,159.0,6.0,9.0,3,Économique,0,0,0,528000
Koumassi,157.0,5.0,28.0,6,Moyen,0,0,0,272000
Abobo,,3.0,30.0,5,Haut standing,0,1,0,109000
Treichville,93.0,4.0,10.0,1,Haut standing,0,1,0,348000
Abobo,172.0,7.0,22.0,8,Moyen,1,0,0,262000
Riviera,96.0,4.0,29.0,1,Haut standing,1,0,0,517000
Yopougon,,2.0,24.0,7,Économique,0,0,0,90000
Riviera,81.0,2.0,15.0,3,Économique,1,0,1,340000
Treichville,73.0,4.0,22.0,9,Économique,1,1,1,289000
Cocody,96.0,5.0,32.0,0,Économique,0,0,0,401000
Marcory,74.0,3.0,36.0,0,Moyen,0,0,1,180000
Yopougon,95.0,5.0,27.0,8,Haut standing,1,1,1,243000
Marcory,63.0,4.0,26.0,3,Moyen,0,1,1,254000
Cocody,112.0,5.0,5.0,0,Moyen,1,0,0,611000
Riviera,120.0,5.0,37.0,2,Économique,0,0,1,438000
Port-Bouët,131.0,6.0,36.0,2,Moyen,0,1,1,263000
Koumassi,122.0,4.0,5.0,6,Moyen,0,0,1,330000
Plateau,153.0,6.0,24.0,5,Moyen,0,0,1,1043000
Cocody,99.0,3.0,12.0,7,Économique,0,1,0,354000
Cocody,95.0,4.0,32.0,6,Moyen,1,0,0,553000
Koumassi,68.0,2.0,32.0,0,Économique,1,1,1,130000
Riviera,,6.0,24.0,2,Moyen,1,1,0,786000
Yopougon,70.0,3.0,13.0,8,Économique,0,0,0,110000
Cocody,34.0,1.0,39.0,3,Économique,0,1,0,135000
Abobo,66.0,3.0,37.0,10,Économique,0,1,1,75000
Treichville,142.0,5.0,8.0,11,Moyen,0,0,0,372000
Yopougon,128.0,6.0,17.0,10,Moyen,0,0,1,249000
Abobo,106.0,4.0,14.0,11,Haut standing,0,1,1,249000
Koumassi,255.0,10.0,3.0,2,Moyen,0,1,0,654000
Cocody,112.0,3.0,33.0,4,Économique,0,0,1,368000
Cocody,60.0,,37.0,7,Moyen,0,0,0,215000
Riviera,58.0,3.0,16.0,0,Moyen,0,1,0,283000
Marcory,121.0,4.0,6.0,1,Économique,1,1,1,519000
Cocody,185.0,6.0,31.0,6,Moyen,1,1,0,923000
Plateau,94.0,3.0,22.0,0,Économique,0,1,0,452000
Cocody,114.0,6.0,19.0,10,Économique,1,0,0,769000
Yopougon,117.0,6.0,1.0,4,Moyen,0,1,1,295000
Port-Bouët,260.0,10.0,20.0,9,Moyen,0,0,0,551000
Treichville,149.0,7.0,11.0,7,Moyen,0,1,0,537000
Yopougon,167.0,6.0,26.0,5,Économique,1,0,1,288000
Adjamé,59.0,2.0,9.0,2,Haut standing,0,1,0,153000
Yopougon,70.0,4.0,7.0,6,Moyen,0,1,0,130000
Bingerville,67.0,4.0,20.0,2,Moyen,0,1,1,219000
Bingerville,84.0,2.0,21.0,11,Moyen,0,1,1,278000
Cocody,98.0,3.0,12.0,4,Moyen,0,1,1,563000
Koumassi,110.0,5.0,39.0,6,Économique,1,0,1,249000
Yopougon,,4.0,11.0,1,Moyen,1,0,0,175000
Riviera,67.0,2.0,16.0,9,Moyen,1,1,1,408000
Yopougon,53.0,3.0,8.0,3,Économique,1,1,0,108000
Riviera,116.0,6.0,39.0,1,Moyen,0,0,0,440000
Koumassi,133.0,4.0,11.0,6,Moyen,0,0,0,259000
Marcory,85.0,3.0,8.0,2,Moyen,0,1,1,320000
Abobo,37.0,1.0,29.0,8,Économique,0,0,0,39000
Riviera,148.0,6.0,5.0,10,Économique,0,1,0,706000
Bingerville,84.0,2.0,24.0,5,Économique,1,0,0,256000
Cocody,44.0,1.0,27.0,0,Moyen,0,1,0,193000
Adjamé,94.0,3.0,9.0,9,Économique,1,1,1,234000
Treichville,153.0,6.0,27.0,7,Économique,0,0,0,276000
Cocody,76.0,3.0,28.0,6,Haut standing,0,0,0,396000
Yopougon,21.0,1.0,35.0,0,Économique,0,1,1,30000
Marcory,81.0,2.0,10.0,2,Moyen,0,0,1,246000
Port-Bouët,65.0,2.0,20.0,2,Haut standing,0,1,1,203000
Treichville,102.0,4.0,37.0,2,Moyen,0,0,0,199000
Port-Bouët,95.0,5.0,25.0,6,Moyen,0,1,0,224000
Cocody,73.0,4.0,17.0,5,Haut standing,0,1,1,456000
Treichville,70.0,3.0,3.0,10,Haut standing,1,0,1,323000
Marcory,175.0,6.0,14.0,11,Moyen,0,1,0,593000
Marcory,121.0,4.0,22.0,1,Économique,1,0,1,444000
Cocody,119.0,4.0,5.0,4,Moyen,0,1,0,677000
Plateau,144.0,5.0,6.0,5,Moyen,0,0,0,675000
Abobo,83.0,3.0,14.0,11,Haut standing,1,0,0,136000
Treichville,198.0,9.0,8.0,1,Moyen,1,1,0,782000
Yopougon,111.0,5.0,29.0,0,Moyen,1,0,0,211000
Yopougon,100.0,4.0,27.0,3,Moyen,0,0,0,161000
Bingerville,110.0,3.0,29.0,11,Économique,0,0,0,223000
Riviera,81.0,4.0,7.0,3,Économique,0,1,1,389000
Yopougon,66.0,3.0,34.0,3,Moyen,0,0,0,92000
Treichville,160.0,5.0,34.0,0,Économique,1,0,0,348000
Cocody,50.0,3.0,25.0,2,Économique,0,1,1,236000
Riviera,52.0,2.0,29.0,6,Moyen,0,0,0,195000
Cocody,89.0,5.0,34.0,3,Économique,0,0,0,340000
Treichville,59.0,3.0,37.0,1,Haut standing,1,1,1,220000
Treichville,37.0,1.0,10.0,7,Économique,0,1,0,98000
Treichville,,2.0,19.0,10,Haut standing,1,1,0,238000
Plateau,60.0,3.0,30.0,0,Moyen,0,1,0,331000
Koumassi,113.0,6.0,33.0,8,Économique,1,0,1,265000
Cocody,86.0,3.0,11.0,4,Moyen,0,1,1,508000
Abobo,147.0,5.0,27.0,1,Haut standing,1,0,0,220000
Cocody,25.0,1.0,2.0,3,Économique,0,0,0,116000
Cocody,50.0,1.0,4.0,2,Moyen,1,0,0,318000
Riviera,55.0,1.0,12.0,6,Haut standing,0,1,0,333000
Marcory,105.0,4.0,11.0,5,Économique,0,1,0,322000
Port-Bouët,65.0,2.0,0.0,10,Moyen,0,1,1,167000
Abobo,79.0,4.0,18.0,11,Économique,1,1,1,124000
Cocody,52.0,,28.0,10,Économique,0,1,1,255000
Riviera,50.0,2.0,38.0,8,Économique,0,0,1,139000
Marcory,64.0,2.0,24.0,3,Économique,0,1,0,150000
Bingerville,151.0,5.0,15.0,11,Économique,0,0,1,399000
Plateau,43.0,2.0,16.0,2,Économique,0,1,1,251000
Bingerville,160.0,5.0,27.0,6,Économique,0,0,0,335000
Cocody,144.0,6.0,38.0,5,Moyen,0,0,0,496000
Abobo,72.0,2.0,4.0,4,Moyen,0,1,0,108000
Koumassi,95.0,4.0,0.0,9,Moyen,0,1,1,300000
Riviera,109.0,3.0,2.0,6,Économique,0,1,1,579000
Riviera,129.0,6.0,23.0,4,Haut standing,0,0,1,859000
Port-Bouët,55.0,3.0,28.0,8,Économique,0,1,1,124000
Bingerville,137.0,5.0,14.0,11,Économique,0,0,0,394000
Marcory,99.0,4.0,3.0,3,Moyen,1,1,1,518000
Marcory,57.0,2.0,0.0,0,Moyen,0,1,1,258000
Marcory,99.0,5.0,14.0,9,Économique,1,1,0,398000
Yopougon,56.0,2.0,23.0,11,Économique,0,1,1,99000
Yopougon,93.0,3.0,30.0,4,Moyen,1,1,0,149000
Abobo,74.0,3.0,19.0,0,Moyen,0,1,1,94000
Plateau,102.0,4.0,9.0,11,Économique,0,0,0,583000
Adjamé,105.0,3.0,10.0,0,Haut standing,0,1,1,225000
Plateau,170.0,6.0,17.0,0,Économique,1,0,0,785000
Treichville,126.0,6.0,33.0,0,Moyen,0,1,0,324000
Yopougon,115.0,4.0,27.0,7,Économique,0,1,0,150000
Port-Bouët,36.0,1.0,37.0,1,Économique,0,0,0,47000
Koumassi,149.0,6.0,15.0,8,Économique,1,1,0,321000
Abobo,76.0,4.0,23.0,6,Moyen,1,0,0,101000
Plateau,52.0,1.0,38.0,10,Économique,0,0,1,203000
Abobo,234.0,10.0,11.0,2,Moyen,1,0,0,305000
Cocody,65.0,2.0,6.0,8,Haut standing,0,0,0,408000
Yopougon,,8.0,35.0,3,Moyen,1,0,1,358000
Yopougon,110.0,3.0,16.0,6,Économique,0,0,1,176000
Cocody,122.0,5.0,3.0,2,Économique,0,0,0,585000
Marcory,93.0,5.0,36.0,4,Moyen,0,0,0,276000
Riviera,58.0,3.0,32.0,3,Économique,1,0,0,229000
Riviera,133.0,4.0,18.0,5,Haut standing,1,1,0,857000
Yopougon,106.0,5.0,25.0,11,Haut standing,1,1,0,239000
Cocody,105.0,3.0,10.0,8,Économique,0,0,1,453000
Plateau,98.0,5.0,30.0,4,Économique,0,1,0,361000
Yopougon,82.0,4.0,0.0,0,Haut standing,0,0,0,196000
Riviera,134.0,5.0,39.0,4,Moyen,1,1,0,582000
Plateau,120.0,5.0,35.0,4,Moyen,1,1,0,823000
Koumassi,141.0,7.0,28.0,8,Économique,0,0,1,260000
Cocody,84.0,3.0,24.0,7,Économique,0,0,1,353000
Riviera,81.0,4.0,17.0,4,Haut standing,1,1,1,682000
Yopougon,71.0,2.0,2.0,4,Économique,0,0,0,109000
Koumassi,99.0,5.0,17.0,1,Moyen,0,0,1,228000
Treichville,37.0,2.0,,8,Économique,0,1,1,138000
Abobo,290.0,10.0,27.0,10,Haut standing,0,1,0,376000
Marcory,67.0,3.0,16.0,3,Moyen,1,0,1,317000
Plateau,167.0,6.0,24.0,6,Économique,1,1,0,853000
Riviera,75.0,2.0,17.0,9,Économique,0,1,1,330000
Riviera,40.0,1.0,39.0,5,Moyen,0,0,0,139000
Bingerville,125.0,6.0,2.0,4,Économique,0,0,0,371000
Abobo,206.0,7.0,24.0,10,Moyen,1,1,0,302000
Port-Bouët,122.0,4.0,6.0,10,Économique,0,0,1,213000
Cocody,200.0,8.0,9.0,4,Économique,0,1,0,1029000
Treichville,163.0,7.0,18.0,6,Moyen,1,0,0,435000
Treichville,55.0,1.0,14.0,1,Moyen,1,0,1,203000
Abobo,134.0,4.0,20.0,8,Moyen,1,0,1,204000
Yopougon,112.0,5.0,20.0,1,Moyen,1,1,0,240000
Plateau,64.0,4.0,36.0,8,Moyen,0,1,0,242000
Abobo,156.0,6.0,27.0,10,Moyen,1,1,1,260000
Port-Bouët,49.0,1.0,31.0,3,Économique,0,1,1,81000
Yopougon,151.0,5.0,26.0,9,Économique,0,0,1,184000
Cocody,135.0,4.0,22.0,10,Économique,0,1,1,665000
Marcory,100.0,3.0,9.0,9,Moyen,0,0,0,330000
Marcory,69.0,2.0,39.0,5,Moyen,0,1,1,190000
Treichville,133.0,6.0,5.0,0,Économique,1,1,0,411000
Abobo,30.0,2.0,23.0,4,Moyen,0,0,0,40000
Abobo,62.0,1.0,,5,Économique,1,1,0,83000
Adjamé,94.0,5.0,9.0,8,Moyen,0,1,1,256000
Yopougon,100.0,5.0,14.0,8,Économique,0,0,0,163000
Port-Bouët,63.0,2.0,33.0,8,Moyen,0,1,1,124000
Marcory,64.0,4.0,7.0,2,Moyen,1,1,0,350000
Yopougon,123.0,4.0,34.0,3,Moyen,0,1,1,188000
Port-Bouët,56.0,3.0,26.0,7,Haut standing,1,0,0,171000
Plateau,78.0,2.0,24.0,7,Moyen,1,0,1,443000
Cocody,49.0,1.0,2.0,1,Moyen,1,1,1,346000
Bingerville,97.0,5.0,20.0,7,Économique,0,1,0,307000
Treichville,85.0,4.0,38.0,6,Économique,0,1,1,230000
Adjamé,29.0,1.0,31.0,8,Haut standing,1,0,1,87000
Cocody,43.0,1.0,20.0,4,Haut standing,0,0,0,255000
Adjamé,173.0,6.0,8.0,1,Moyen,0,1,0,290000
Treichville,66.0,2.0,,4,Économique,0,0,1,177000
Cocody,114.0,4.0,3.0,1,Haut standing,1,1,0,952000
Abobo,54.0,3.0,3.0,11,Économique,0,0,0,62000
Marcory,185.0,8.0,25.0,4,Économique,0,0,1,585000
Yopougon,35.0,1.0,33.0,8,Moyen,0,0,0,45000
Cocody,164.0,6.0,26.0,6,Économique,1,1,1,830000
Plateau,100.0,4.0,14.0,6,Économique,0,1,0,512000
Treichville,131.0,5.0,31.0,0,Moyen,0,1,0,315000
Cocody,174.0,7.0,6.0,8,Économique,0,0,1,965000
Riviera,107.0,4.0,13.0,5,Haut standing,0,0,1,559000
Cocody,209.0,8.0,22.0,6,Haut standing,0,1,0,1358000
Yopougon,173.0,8.0,0.0,11,Moyen,0,1,0,406000
Cocody,129.0,6.0,31.0,1,Haut standing,0,0,0,624000
Treichville,159.0,6.0,25.0,0,Moyen,0,0,1,440000
Riviera,95.0,5.0,8.0,10,Moyen,0,0,0,401000
Plateau,58.0,3.0,15.0,3,Moyen,1,1,0,413000
Riviera,270.0,10.0,30.0,11,Moyen,0,0,1,1084000
Marcory,98.0,5.0,1.0,8,Économique,0,1,1,368000
Koumassi,110.0,5.0,31.0,8,Moyen,0,0,1,191000
Abobo,45.0,1.0,9.0,10,Moyen,0,1,0,71000
Bingerville,179.0,7.0,24.0,2,Moyen,1,0,0,600000
Abobo,109.0,3.0,17.0,0,Moyen,1,0,0,166000
Abobo,123.0,4.0,33.0,1,Moyen,0,1,1,154000
Marcory,132.0,5.0,28.0,8,Moyen,1,1,0,502000
Plateau,65.0,2.0,23.0,8,Moyen,1,0,0,508000
Riviera,177.0,6.0,2.0,11,Économique,0,1,0,931000
Treichville,115.0,6.0,14.0,0,Moyen,0,1,1,322000
Yopougon,30.0,1.0,2.0,8,Économique,0,0,1,51000
Koumassi,159.0,6.0,30.0,0,Haut standing,1,1,1,487000
Treichville,90.0,5.0,9.0,9,Moyen,0,1,0,293000
Riviera,68.0,4.0,37.0,3,Moyen,0,1,1,375000
Koumassi,37.0,2.0,21.0,4,Haut standing,1,1,0,115000
Abobo,78.0,3.0,13.0,7,Moyen,0,1,0,106000
Bingerville,74.0,3.0,8.0,4,Économique,0,0,1,242000
Cocody,168.0,7.0,17.0,4,Moyen,0,1,0,868000
Marcory,71.0,2.0,7.0,3,Économique,0,1,0,222000
Yopougon,42.0,1.0,37.0,8,Économique,0,1,1,69000
Marcory,124.0,6.0,14.0,7,Moyen,0,0,0,540000
Koumassi,172.0,8.0,14.0,8,Moyen,0,1,0,359000
Riviera,81.0,3.0,5.0,6,Moyen,1,1,1,687000
Yopougon,229.0,9.0,11.0,6,Moyen,0,1,0,400000
Treichville,158.0,5.0,18.0,4,Économique,0,0,0,373000
Riviera,180.0,6.0,39.0,9,Moyen,0,1,1,901000
Yopougon,,5.0,4.0,0,Économique,1,0,0,235000
Yopougon,116.0,5.0,26.0,11,Économique,1,1,0,257000
Yopougon,,2.0,9.0,5,Moyen,0,0,0,123000
Riviera,204.0,9.0,13.0,9,Économique,0,1,0,1013000
Abobo,187.0,8.0,33.0,5,Économique,1,0,1,263000
Koumassi,206.0,7.0,14.0,9,Économique,0,1,1,378000
Port-Bouët,95.0,3.0,28.0,3,Moyen,0,1,0,168000
Treichville,82.0,4.0,25.0,1,Moyen,0,0,0,172000
Yopougon,140.0,5.0,26.0,0,Haut standing,1,0,0,265000
Port-Bouët,76.0,4.0,2.0,2,Moyen,1,1,0,239000
Yopougon,96.0,5.0,2.0,10,Économique,0,1,1,192000
Port-Bouët,32.0,1.0,34.0,8,Économique,0,0,0,46000
Riviera,110.0,4.0,34.0,11,Économique,1,1,1,437000
Abobo,129.0,5.0,5.0,0,Moyen,0,1,0,172000
Koumassi,182.0,7.0,13.0,4,Moyen,0,0,1,508000
Port-Bouët,142.0,6.0,25.0,9,Moyen,0,1,0,277000
Port-Bouët,154.0,6.0,2.0,5,Économique,0,0,1,316000
Yopougon,,9.0,32.0,8,Économique,1,0,1,365000
Cocody,62.0,2.0,12.0,0,Économique,0,1,0,278000
Yopougon,57.0,1.0,28.0,11,Moyen,0,0,1,86000
Adjamé,107.0,3.0,8.0,4,Économique,0,0,1,161000
Yopougon,53.0,2.0,31.0,0,Moyen,1,1,0,94000
Koumassi,114.0,4.0,21.0,1,Économique,1,1,0,297000
Yopougon,54.0,3.0,21.0,1,Moyen,0,0,0,100000
Abobo,60.0,2.0,33.0,10,Économique,1,0,0,63000
Plateau,38.0,3.0,9.0,4,Économique,0,1,0,223000
Koumassi,110.0,3.0,,9,Économique,1,1,0,304000
Abobo,46.0,2.0,11.0,3,Économique,0,1,1,62000
Marcory,125.0,6.0,2.0,5,Économique,0,0,1,492000
Treichville,136.0,4.0,18.0,4,Moyen,0,1,0,286000
Koumassi,66.0,3.0,32.0,1,Économique,0,0,0,114000
Yopougon,145.0,6.0,25.0,8,Économique,1,1,1,280000
Marcory,137.0,6.0,12.0,9,Moyen,1,0,0,546000
Riviera,163.0,8.0,6.0,7,Moyen,0,1,1,1108000
Koumassi,63.0,4.0,33.0,8,Économique,0,0,0,120000
Riviera,62.0,1.0,21.0,10,Moyen,1,1,1,332000
Yopougon,132.0,6.0,19.0,5,Moyen,0,0,0,168000
Yopougon,106.0,5.0,22.0,4,Économique,0,1,1,171000
Bingerville,111.0,5.0,13.0,4,Moyen,1,1,0,481000
Abobo,185.0,7.0,29.0,1,Économique,0,0,0,174000
Adjamé,42.0,3.0,22.0,10,Économique,0,0,0,83000
Marcory,150.0,7.0,18.0,3,Haut standing,0,0,0,494000
Yopougon,137.0,4.0,38.0,1,Économique,0,0,0,117000
Cocody,129.0,4.0,35.0,1,Économique,1,0,0,490000
Marcory,156.0,,5.0,11,Haut standing,0,1,0,679000
Cocody,88.0,3.0,22.0,7,Moyen,0,1,1,422000
Cocody,,1.0,9.0,3,Moyen,0,1,0,246000
Riviera,71.0,2.0,34.0,11,Moyen,0,0,1,328000
Marcory,66.0,3.0,20.0,3,Moyen,0,0,0,247000
Adjamé,20.0,2.0,31.0,6,Moyen,1,1,0,49000
Port-Bouët,129.0,6.0,29.0,3,Économique,0,0,1,272000
Abobo,82.0,4.0,32.0,8,Économique,1,0,0,115000
Plateau,89.0,3.0,5.0,8,Économique,0,0,1,540000
Koumassi,73.0,2.0,4.0,11,Économique,0,0,1,180000
Abobo,96.0,3.0,14.0,2,Économique,1,0,0,112000
Koumassi,198.0,8.0,24.0,5,Moyen,0,1,0,349000
Koumassi,37.0,1.0,12.0,6,Économique,0,0,1,70000
Riviera,216.0,9.0,5.0,2,Économique,0,1,1,1183000
Abobo,109.0,5.0,36.0,3,Moyen,0,1,0,118000
Treichville,75.0,2.0,1.0,0,Moyen,1,1,0,283000
Abobo,,3.0,16.0,10,Haut standing,0,0,1,110000
Cocody,60.0,2.0,23.0,8,Moyen,1,0,0,342000
Bingerville,30.0,1.0,11.0,6,Haut standing,0,0,0,101000
Cocody,54.0,2.0,13.0,9,Moyen,0,0,1,272000
Treichville,96.0,3.0,6.0,6,Moyen,1,1,1,456000
Port-Bouët,85.0,3.0,25.0,8,Haut standing,1,0,0,289000
Abobo,121.0,6.0,31.0,11,Moyen,1,1,0,166000
Yopougon,73.0,4.0,28.0,5,Moyen,0,1,1,125000
Yopougon,68.0,4.0,38.0,7,Moyen,0,1,0,99000
Bingerville,252.0,9.0,8.0,4,Économique,0,1,0,764000
Treichville,60.0,3.0,13.0,7,Haut standing,0,1,1,232000
Bingerville,63.0,4.0,16.0,11,Moyen,0,1,0,206000
Cocody,155.0,7.0,24.0,9,Moyen,1,0,1,1004000
Koumassi,137.0,4.0,29.0,0,Économique,1,0,1,260000
Port-Bouët,78.0,3.0,28.0,2,Économique,0,0,1,142000
Plateau,142.0,5.0,28.0,3,Économique,0,0,1,554000
Yopougon,102.0,3.0,17.0,10,Moyen,1,0,0,185000
Plateau,74.0,4.0,30.0,8,Haut standing,0,0,1,538000
Adjamé,132.0,5.0,18.0,7,Économique,0,0,1,234000
Abobo,97.0,5.0,16.0,7,Moyen,0,1,1,125000
Abobo,31.0,2.0,5.0,1,Économique,0,0,1,49000
Marcory,132.0,4.0,11.0,6,Économique,0,1,1,449000
Marcory,90.0,3.0,37.0,11,Moyen,0,0,0,249000
Cocody,190.0,7.0,2.0,2,Moyen,0,1,0,1347000
Treichville,145.0,7.0,34.0,5,Haut standing,0,0,0,515000
Abobo,106.0,4.0,32.0,3,Économique,0,1,0,116000
Bingerville,,3.0,28.0,5,Moyen,0,0,0,179000
Adjamé,96.0,5.0,2.0,3,Moyen,1,0,0,298000
Yopougon,59.0,2.0,4.0,2,Économique,0,1,1,80000
Riviera,106.0,5.0,13.0,1,Haut standing,0,1,0,643000
Koumassi,198.0,8.0,35.0,3,Haut standing,1,0,0,468000
Riviera,229.0,10.0,27.0,9,Économique,0,1,1,932000
Abobo,170.0,7.0,31.0,1,Moyen,0,0,0,185000
Marcory,103.0,3.0,17.0,6,Économique,1,0,0,367000
Cocody,42.0,1.0,39.0,0,Moyen,0,1,0,171000
Koumassi,93.0,3.0,12.0,10,Moyen,1,0,0,244000
Cocody,150.0,5.0,1.0,0,Économique,1,0,1,819000
Treichville,142.0,7.0,24.0,4,Haut standing,0,0,1,540000
Abobo,88.0,4.0,19.0,6,Moyen,0,0,1,136000
Abobo,85.0,4.0,6.0,0,Haut standing,0,0,1,157000
Abobo,117.0,4.0,10.0,11,Économique,0,0,0,124000
Plateau,99.0,4.0,4.0,11,Moyen,1,1,1,696000
Yopougon,93.0,5.0,28.0,3,Moyen,0,0,1,162000
Abobo,90.0,3.0,17.0,4,Économique,0,0,1,116000
Riviera,181.0,7.0,7.0,1,Économique,0,1,0,755000
Koumassi,55.0,2.0,26.0,6,Haut standing,0,0,0,134000
Riviera,82.0,2.0,1.0,3,Moyen,0,0,0,439000
Koumassi,85.0,2.0,34.0,7,Économique,0,1,0,165000
Abobo,105.0,4.0,25.0,0,Haut standing,1,1,1,190000
Marcory,97.0,3.0,22.0,9,Économique,0,0,0,264000
Adjamé,94.0,5.0,4.0,0,Moyen,0,1,0,228000
Abobo,56.0,1.0,15.0,0,Moyen,0,1,1,65000
Abobo,97.0,3.0,10.0,3,Moyen,0,1,0,97000
Yopougon,131.0,4.0,18.0,0,Économique,0,1,0,143000
Abobo,106.0,4.0,15.0,4,Moyen,0,0,1,141000
Treichville,54.0,2.0,31.0,5,Moyen,0,0,1,122000
Abobo,101.0,3.0,11.0,6,Moyen,0,1,1,137000
Marcory,98.0,4.0,1.0,7,Moyen,0,1,1,459000
Port-Bouët,81.0,2.0,21.0,7,Économique,1,1,0,166000
Plateau,107.0,5.0,25.0,1,Moyen,0,0,0,468000
Cocody,69.0,3.0,32.0,11,Économique,1,0,0,251000
Yopougon,133.0,4.0,23.0,3,Haut standing,0,1,0,248000
Adjamé,222.0,9.0,4.0,6,Économique,1,1,0,602000
Yopougon,139.0,7.0,20.0,8,Économique,0,0,0,188000
Marcory,63.0,4.0,17.0,8,Économique,0,1,0,208000
Abobo,130.0,4.0,38.0,10,Moyen,1,1,1,202000
Treichville,146.0,6.0,4.0,2,Économique,1,0,0,491000
Riviera,116.0,6.0,7.0,11,Moyen,1,0,1,782000
Riviera,122.0,5.0,20.0,6,Haut standing,0,0,0,635000
Yopougon,93.0,3.0,4.0,3,Économique,0,1,1,187000
Treichville,49.0,3.0,12.0,8,Économique,0,0,1,153000
Koumassi,89.0,5.0,18.0,6,Haut standing,0,1,1,249000
Cocody,58.0,2.0,28.0,5,Économique,1,1,0,215000
Yopougon,86.0,4.0,,8,Économique,0,0,0,137000
Treichville,73.0,2.0,36.0,6,Économique,0,0,0,116000
Riviera,56.0,1.0,25.0,10,Économique,0,1,1,244000
Cocody,178.0,8.0,28.0,7,Économique,0,1,0,814000
Abobo,96.0,3.0,4.0,10,Moyen,0,0,0,139000
Koumassi,74.0,4.0,31.0,4,Moyen,0,0,0,126000
Yopougon,20.0,2.0,37.0,3,Moyen,0,1,0,30000
Cocody,38.0,3.0,1.0,0,Économique,0,1,0,212000
Riviera,142.0,7.0,4.0,7,Moyen,0,0,1,916000
Abobo,108.0,,32.0,5,Économique,0,1,1,134000
Abobo,238.0,,34.0,3,Haut standing,1,1,0,384000
Marcory,66.0,2.0,18.0,2,Moyen,0,0,1,223000
Yopougon,171.0,7.0,14.0,4,Économique,0,1,0,283000
Yopougon,89.0,3.0,34.0,3,Économique,0,1,1,116000
Cocody,60.0,3.0,7.0,10,Économique,1,0,0,323000
Cocody,78.0,2.0,0.0,10,Économique,0,1,1,389000
Port-Bouët,102.0,4.0,37.0,6,Moyen,1,1,0,233000
Marcory,74.0,2.0,21.0,5,Économique,0,1,0,205000
Marcory,50.0,2.0,16.0,2,Haut standing,0,0,0,186000
Yopougon,59.0,3.0,15.0,11,Économique,0,1,0,102000
Koumassi,124.0,6.0,0.0,9,Moyen,0,0,0,299000
Cocody,55.0,1.0,2.0,10,Économique,0,0,1,258000
Abobo,69.0,2.0,5.0,11,Économique,0,0,0,85000
Cocody,56.0,3.0,2.0,0,Haut standing,0,1,0,367000
Cocody,109.0,5.0,29.0,6,Moyen,0,0,1,610000
Cocody,295.0,10.0,,4,Moyen,0,1,0,1527000
Port-Bouët,122.0,6.0,26.0,0,Moyen,1,0,0,272000
Cocody,65.0,3.0,21.0,0,Haut standing,0,1,0,439000
Cocody,109.0,4.0,5.0,5,Moyen,0,0,1,620000
Yopougon,67.0,2.0,37.0,3,Économique,0,0,1,87000
Port-Bouët,104.0,3.0,30.0,7,Économique,0,1,1,158000
Marcory,188.0,9.0,5.0,1,Moyen,1,0,0,799000
Yopougon,94.0,5.0,19.0,3,Moyen,0,0,0,133000
Cocody,113.0,5.0,10.0,11,Moyen,0,1,1,770000
Yopougon,96.0,3.0,1.0,7,Économique,0,1,1,142000
Abobo,148.0,5.0,30.0,11,Haut standing,0,0,1,229000
Abobo,132.0,4.0,37.0,7,Moyen,1,1,0,157000
Treichville,80.0,2.0,25.0,4,Moyen,0,1,0,197000
Treichville,132.0,5.0,26.0,2,Économique,1,0,0,315000
Cocody,105.0,4.0,30.0,3,Haut standing,1,0,0,656000
Yopougon,77.0,2.0,23.0,2,Moyen,1,0,0,159000
Cocody,77.0,3.0,12.0,10,Moyen,0,0,0,490000
Koumassi,103.0,3.0,24.0,1,Haut standing,0,0,0,244000
Riviera,112.0,4.0,36.0,3,Haut standing,0,0,1,497000
Riviera,88.0,5.0,24.0,8,Économique,1,0,0,425000
Bingerville,114.0,5.0,28.0,5,Haut standing,0,0,0,354000
Abobo,64.0,2.0,30.0,3,Moyen,1,0,1,81000
Adjamé,,3.0,38.0,0,Économique,1,0,0,65000
Marcory,42.0,1.0,1.0,6,Économique,1,1,0,172000
Abobo,123.0,6.0,11.0,1,Économique,0,1,1,176000
Yopougon,39.0,3.0,4.0,11,Moyen,0,0,0,83000
Yopougon,113.0,5.0,26.0,5,Moyen,0,0,1,185000
Koumassi,74.0,3.0,33.0,9,Économique,0,1,0,118000
Marcory,81.0,4.0,13.0,0,Moyen,1,1,0,338000
Treichville,82.0,4.0,6.0,6,Moyen,1,0,1,361000
Riviera,269.0,10.0,36.0,3,Moyen,0,0,1,801000
Cocody,70.0,2.0,35.0,10,Haut standing,0,0,1,346000
Yopougon,58.0,2.0,9.0,2,Moyen,0,1,0,101000
Riviera,216.0,8.0,28.0,9,Économique,0,1,0,763000
Abobo,44.0,2.0,15.0,6,Moyen,0,1,0,51000
Abobo,50.0,1.0,37.0,2,Haut standing,0,1,0,69000
Marcory,143.0,6.0,20.0,7,Économique,1,1,0,616000
Treichville,115.0,6.0,37.0,10,Haut standing,1,0,0,353000
Bingerville,77.0,,32.0,3,Économique,0,1,0,115000
Abobo,54.0,2.0,28.0,2,Moyen,0,0,0,73000
Abobo,29.0,2.0,16.0,6,Moyen,0,0,0,37000
Cocody,193.0,9.0,12.0,6,Moyen,1,0,1,1187000
Cocody,132.0,4.0,5.0,8,Moyen,0,1,0,706000
Riviera,183.0,7.0,1.0,9,Moyen,0,1,0,1055000
Yopougon,156.0,7.0,7.0,6,Moyen,0,1,0,279000
Abobo,118.0,5.0,31.0,5,Moyen,0,0,1,146000
Cocody,69.0,2.0,35.0,2,Moyen,1,0,1,328000
Adjamé,55.0,2.0,8.0,3,Moyen,1,0,1,132000
Riviera,,6.0,22.0,7,Moyen,0,0,1,600000
Abobo,75.0,2.0,6.0,5,Économique,1,0,0,119000
Cocody,56.0,1.0,30.0,8,Moyen,0,0,0,238000
Abobo,66.0,4.0,20.0,7,Économique,0,1,1,82000
Koumassi,169.0,6.0,0.0,7,Moyen,1,1,0,544000
Yopougon,59.0,2.0,1.0,10,Économique,0,0,0,85000
Bingerville,77.0,3.0,39.0,9,Moyen,0,1,1,219000
Abobo,89.0,5.0,10.0,9,Économique,1,0,0,148000
Bingerville,106.0,5.0,36.0,6,Économique,0,0,1,270000
Abobo,57.0,1.0,17.0,9,Moyen,0,1,0,71000
Cocody,88.0,3.0,23.0,10,Économique,0,1,1,452000
Treichville,145.0,5.0,18.0,0,Économique,0,0,1,328000
Marcory,238.0,10.0,4.0,4,Économique,0,1,1,874000
Riviera,51.0,3.0,28.0,6,Haut standing,0,1,0,335000
Koumassi,56.0,2.0,38.0,9,Économique,0,0,1,80000
Adjamé,60.0,1.0,1.0,8,Haut standing,1,1,0,205000
Treichville,128.0,4.0,16.0,11,Moyen,1,0,0,472000
Plateau,53.0,2.0,10.0,3,Économique,0,1,1,236000
Koumassi,86.0,3.0,36.0,7,Moyen,1,1,0,229000
Yopougon,82.0,3.0,12.0,0,Haut standing,0,1,0,199000
Marcory,248.0,10.0,28.0,3,Moyen,1,0,0,829000
Abobo,70.0,2.0,31.0,3,Économique,1,0,1,85000
Cocody,67.0,4.0,39.0,1,Moyen,0,1,0,253000
Treichville,128.0,4.0,7.0,10,Moyen,0,0,1,358000
Yopougon,109.0,4.0,9.0,10,Moyen,1,1,0,211000
Plateau,65.0,4.0,24.0,2,Haut standing,0,0,0,483000
Riviera,174.0,6.0,10.0,2,Économique,0,0,1,698000
Marcory,43.0,2.0,27.0,8,Économique,0,0,0,98000
Cocody,91.0,5.0,32.0,6,Économique,0,1,0,419000
Marcory,79.0,4.0,38.0,1,Haut standing,0,0,0,280000
Koumassi,87.0,4.0,25.0,8,Moyen,0,0,1,204000
Yopougon,65.0,2.0,7.0,7,Haut standing,0,0,1,135000
Abobo,88.0,4.0,37.0,5,Économique,0,0,1,84000
Cocody,103.0,3.0,25.0,5,Moyen,0,1,0,570000
Cocody,22.0,1.0,31.0,11,Économique,1,0,0,104000
Yopougon,73.0,2.0,27.0,1,Haut standing,1,0,1,143000
Port-Bouët,61.0,3.0,6.0,2,Moyen,0,0,1,159000
Bingerville,209.0,8.0,34.0,5,Moyen,1,1,1,793000
Cocody,116.0,4.0,1.0,11,Économique,1,0,1,894000
Abobo,59.0,2.0,21.0,2,Moyen,1,0,0,82000
Riviera,71.0,4.0,21.0,10,Économique,1,0,0,377000
Yopougon,81.0,2.0,2.0,10,Économique,1,0,1,173000
Port-Bouët,70.0,3.0,7.0,6,Économique,0,1,0,133000
Cocody,,6.0,3.0,4,Moyen,0,1,0,603000
Riviera,,7.0,14.0,3,Économique,0,0,0,766000
Koumassi,20.0,1.0,38.0,7,Économique,0,1,0,35000
Riviera,78.0,3.0,11.0,10,Moyen,1,1,0,345000
Adjamé,237.0,9.0,28.0,10,Économique,0,1,0,408000
Yopougon,80.0,2.0,8.0,1,Économique,1,1,1,151000
Riviera,106.0,3.0,39.0,2,Moyen,1,0,0,426000
Marcory,26.0,2.0,19.0,9,Économique,0,1,1,90000
Treichville,173.0,8.0,33.0,11,Économique,0,1,1,520000
Adjamé,51.0,1.0,25.0,3,Moyen,0,1,0,100000
Koumassi,115.0,5.0,20.0,11,Économique,0,1,0,197000
Riviera,56.0,2.0,22.0,9,Moyen,1,1,0,274000
Marcory,20.0,1.0,17.0,5,Économique,1,0,0,71000
Port-Bouët,109.0,5.0,23.0,4,Haut standing,0,1,0,254000
Koumassi,133.0,4.0,28.0,4,Économique,0,1,0,245000
Cocody,90.0,4.0,37.0,6,Moyen,0,0,1,343000
Yopougon,48.0,1.0,37.0,7,Moyen,0,1,1,80000
Marcory,261.0,9.0,12.0,5,Économique,1,1,0,676000
Treichville,131.0,6.0,31.0,2,Économique,0,0,0,248000
Riviera,101.0,4.0,18.0,3,Économique,0,1,1,517000
Abobo,160.0,6.0,16.0,0,Économique,0,0,1,179000
Koumassi,70.0,2.0,1.0,10,Économique,0,1,0,159000
Riviera,219.0,9.0,17.0,4,Haut standing,0,0,1,1408000
Yopougon,132.0,5.0,38.0,11,Économique,0,1,0,173000
Port-Bouët,152.0,6.0,26.0,9,Économique,0,0,1,269000
Yopougon,78.0,3.0,13.0,7,Moyen,0,1,1,176000
Bingerville,50.0,3.0,14.0,2,Moyen,0,1,0,168000
Plateau,102.0,5.0,7.0,9,Économique,0,0,0,585000
Riviera,72.0,4.0,8.0,3,Moyen,1,1,0,511000
Marcory,232.0,10.0,20.0,3,Moyen,1,1,0,703000
Treichville,43.0,3.0,34.0,5,Économique,0,0,0,80000
Koumassi,181.0,7.0,13.0,8,Économique,1,0,0,386000
Yopougon,35.0,1.0,26.0,9,Économique,1,1,0,62000
Abobo,56.0,1.0,7.0,2,Économique,0,1,0,79000
Yopougon,34.0,2.0,34.0,3,Économique,1,1,0,40000
Koumassi,70.0,3.0,17.0,5,Économique,0,0,1,134000
Marcory,83.0,4.0,13.0,5,Moyen,1,1,0,436000
Cocody,66.0,2.0,7.0,6,Moyen,0,1,1,311000
Treichville,114.0,5.0,7.0,0,Moyen,1,1,1,472000
Yopougon,83.0,3.0,36.0,8,Moyen,0,1,0,123000
Plateau,26.0,1.0,1.0,1,Haut standing,0,0,0,194000
Yopougon,54.0,1.0,16.0,3,Haut standing,0,1,1,99000
Yopougon,77.0,2.0,12.0,2,Haut standing,0,0,0,140000
Cocody,156.0,7.0,13.0,2,Économique,0,1,1,677000
Abobo,98.0,5.0,8.0,10,Économique,0,1,0,156000
Bingerville,72.0,2.0,26.0,4,Moyen,0,1,1,189000
Plateau,40.0,3.0,19.0,6,Économique,0,0,1,213000
Abobo,101.0,3.0,37.0,11,Économique,0,1,0,121000
Adjamé,174.0,7.0,11.0,6,Économique,0,0,0,344000
Yopougon,79.0,4.0,21.0,6,Haut standing,0,0,0,120000
Adjamé,57.0,1.0,36.0,2,Économique,0,0,0,67000
Yopougon,123.0,4.0,38.0,8,Économique,0,1,0,144000
Yopougon,159.0,5.0,30.0,5,Économique,0,1,0,187000
Cocody,85.0,4.0,12.0,10,Moyen,0,1,1,560000
Adjamé,130.0,6.0,0.0,11,Économique,0,1,0,313000
Adjamé,74.0,3.0,37.0,10,Économique,0,0,1,139000
Cocody,133.0,6.0,39.0,9,Haut standing,0,1,0,662000
Yopougon,179.0,8.0,8.0,10,Moyen,0,1,0,390000
Riviera,143.0,7.0,38.0,7,Moyen,0,1,1,636000
Yopougon,121.0,5.0,9.0,0,Haut standing,0,0,0,282000
Yopougon,208.0,8.0,28.0,3,Économique,1,0,0,308000
Riviera,81.0,3.0,39.0,6,Moyen,1,0,0,340000
Koumassi,121.0,6.0,29.0,11,Économique,1,1,0,274000
Abobo,82.0,2.0,1.0,8,Moyen,0,0,0,102000
Port-Bouët,121.0,6.0,17.0,11,Économique,0,0,0,258000
Bingerville,,5.0,27.0,2,Économique,1,0,0,314000
Yopougon,148.0,7.0,31.0,11,Économique,0,0,0,152000
Yopougon,,,23.0,10,Économique,0,0,1,132000
Yopougon,31.0,1.0,37.0,11,Moyen,0,0,1,46000
Riviera,83.0,2.0,13.0,5,Moyen,0,1,0,325000
Adjamé,129.0,6.0,24.0,7,Moyen,0,0,0,217000
Cocody,109.0,4.0,24.0,10,Économique,1,1,0,429000
Bingerville,117.0,6.0,31.0,2,Économique,1,1,0,313000
Yopougon,135.0,6.0,26.0,5,Moyen,0,0,1,264000
Cocody,50.0,3.0,31.0,8,Moyen,1,0,1,269000
Abobo,139.0,6.0,30.0,8,Économique,0,1,0,149000
Yopougon,213.0,9.0,23.0,5,Moyen,0,1,0,442000
Bingerville,77.0,3.0,34.0,4,Moyen,0,0,0,194000
Marcory,,6.0,29.0,0,Économique,0,1,1,451000
Port-Bouët,98.0,4.0,32.0,2,Économique,0,1,1,149000
Abobo,115.0,6.0,32.0,2,Économique,0,1,0,124000
Cocody,142.0,6.0,26.0,11,Haut standing,0,1,0,1042000
Riviera,109.0,5.0,32.0,3,Économique,0,0,0,310000
Abobo,75.0,4.0,32.0,4,Économique,1,0,1,94000
Treichville,111.0,5.0,3.0,10,Haut standing,1,1,0,477000
Yopougon,57.0,1.0,29.0,7,Économique,0,0,0,79000
Bingerville,40.0,2.0,14.0,10,Moyen,0,0,0,110000
Treichville,24.0,1.0,28.0,8,Économique,1,1,0,60000
Marcory,184.0,8.0,27.0,11,Haut standing,1,1,0,826000
Cocody,118.0,4.0,31.0,6,Moyen,0,1,1,465000
Treichville,132.0,5.0,35.0,9,Moyen,0,0,0,297000
Koumassi,105.0,5.0,29.0,5,Économique,0,1,1,200000
Yopougon,35.0,1.0,37.0,2,Économique,0,0,1,42000
Marcory,178.0,8.0,11.0,8,Moyen,1,0,0,869000
Plateau,75.0,2.0,2.0,9,Économique,0,1,1,362000
Treichville,25.0,2.0,14.0,0,Moyen,1,1,0,90000
Riviera,83.0,3.0,9.0,8,Moyen,0,1,0,380000
Treichville,168.0,8.0,21.0,2,Moyen,0,1,1,527000
Riviera,57.0,3.0,22.0,8,Économique,0,1,0,248000
Yopougon,79.0,2.0,10.0,9,Moyen,0,0,0,125000
Plateau,76.0,2.0,15.0,0,Moyen,0,1,0,456000
Bingerville,56.0,2.0,15.0,7,Moyen,0,0,0,139000
Yopougon,99.0,5.0,13.0,5,Moyen,1,1,0,189000
Adjamé,60.0,1.0,5.0,8,Économique,0,0,0,107000
Riviera,182.0,7.0,16.0,3,Moyen,0,0,0,976000
Cocody,38.0,2.0,30.0,11,Haut standing,0,1,1,218000
Cocody,47.0,,9.0,4,Économique,0,0,1,213000
Koumassi,79.0,2.0,19.0,5,Économique,0,0,0,151000
Marcory,93.0,5.0,8.0,11,Économique,0,0,0,365000
Plateau,65.0,3.0,14.0,8,Moyen,0,0,0,393000
Cocody,136.0,4.0,38.0,5,Moyen,1,1,0,565000
Cocody,85.0,3.0,1.0,8,Économique,0,0,0,400000
Koumassi,122.0,6.0,3.0,1,Moyen,0,1,1,348000
Cocody,175.0,6.0,23.0,3,Moyen,0,1,0,879000
Yopougon,205.0,8.0,17.0,2,Haut standing,0,1,0,399000
Abobo,80.0,2.0,10.0,3,Moyen,0,1,1,136000
Yopougon,98.0,5.0,36.0,0,Moyen,0,1,1,150000
Cocody,20.0,2.0,,1,Haut standing,0,0,0,110000
Koumassi,108.0,5.0,7.0,3,Économique,0,1,0,231000
Cocody,81.0,4.0,21.0,9,Moyen,1,0,1,510000
Koumassi,54.0,1.0,4.0,3,Moyen,0,1,0,125000
Bingerville,154.0,5.0,1.0,4,Économique,0,0,0,421000
Yopougon,54.0,2.0,4.0,8,Économique,0,0,0,68000
Abobo,162.0,6.0,34.0,0,Économique,0,1,0,144000
Yopougon,117.0,,31.0,7,Économique,0,0,0,164000
Yopougon,106.0,3.0,18.0,2,Moyen,0,1,1,139000
Bingerville,63.0,3.0,38.0,8,Moyen,1,0,0,182000
Bingerville,29.0,1.0,3.0,10,Économique,0,1,1,96000
Treichville,152.0,7.0,22.0,7,Économique,0,0,0,364000
Abobo,62.0,3.0,18.0,7,Moyen,0,0,0,85000
Riviera,121.0,6.0,25.0,8,Économique,0,0,1,520000
Riviera,124.0,5.0,25.0,3,Économique,0,0,1,359000
Yopougon,94.0,3.0,6.0,11,Économique,1,0,1,143000
Yopougon,107.0,4.0,31.0,4,Économique,1,0,0,101000
Marcory,116.0,5.0,32.0,11,Économique,1,0,0,368000
Riviera,102.0,3.0,25.0,6,Économique,0,0,1,303000
Plateau,59.0,2.0,23.0,1,Moyen,0,0,0,197000
Abobo,39.0,3.0,22.0,6,Économique,1,0,1,51000
Marcory,65.0,2.0,37.0,11,Économique,1,1,1,206000
Marcory,76.0,4.0,25.0,2,Haut standing,0,0,0,288000
Yopougon,180.0,8.0,30.0,5,Moyen,1,1,1,368000
Riviera,48.0,1.0,5.0,5,Économique,1,1,0,253000
Cocody,193.0,9.0,30.0,5,Économique,0,1,1,962000
Abobo,224.0,10.0,39.0,9,Moyen,0,0,1,259000
Cocody,67.0,4.0,11.0,1,Moyen,0,1,0,401000
Plateau,220.0,8.0,16.0,8,Économique,1,0,1,1258000
Yopougon,87.0,2.0,25.0,7,Économique,0,1,1,117000
Abobo,79.0,2.0,2.0,6,Haut standing,0,1,0,131000
Marcory,180.0,7.0,14.0,10,Moyen,0,1,1,758000
Treichville,104.0,5.0,37.0,11,Économique,0,1,0,247000
Cocody,97.0,4.0,23.0,11,Économique,0,1,1,509000
Treichville,65.0,3.0,29.0,8,Économique,0,0,0,148000
Riviera,68.0,4.0,35.0,3,Économique,0,1,0,252000
Riviera,98.0,,26.0,1,Haut standing,1,0,0,455000
Treichville,180.0,7.0,21.0,3,Économique,0,1,0,549000
Abobo,48.0,1.0,1.0,11,Haut standing,0,0,1,78000
Riviera,89.0,3.0,6.0,9,Économique,0,0,0,383000
Cocody,43.0,3.0,,10,Économique,0,1,1,322000
Port-Bouët,63.0,,23.0,2,Économique,1,0,0,135000
Riviera,130.0,5.0,29.0,1,Moyen,0,1,0,477000
Cocody,57.0,1.0,0.0,1,Moyen,0,1,1,380000
Plateau,158.0,7.0,26.0,7,Moyen,0,1,1,968000
Riviera,56.0,2.0,8.0,4,Moyen,0,0,1,258000
Abobo,69.0,2.0,6.0,11,Économique,1,1,0,112000
Cocody,31.0,1.0,4.0,5,Moyen,0,1,1,183000
Marcory,158.0,5.0,29.0,7,Économique,0,0,0,378000
Yopougon,146.0,7.0,26.0,6,Moyen,1,1,1,321000
Adjamé,43.0,3.0,9.0,6,Économique,0,0,1,97000
Koumassi,80.0,2.0,24.0,11,Économique,0,0,1,164000
Riviera,76.0,2.0,17.0,6,Moyen,0,0,1,320000
Marcory,73.0,4.0,6.0,11,Économique,1,1,0,352000
Abobo,225.0,,30.0,10,Haut standing,1,0,1,384000
Abobo,72.0,2.0,31.0,10,Haut standing,0,0,0,104000
Yopougon,58.0,3.0,10.0,6,Économique,0,0,0,77000
Plateau,33.0,1.0,9.0,7,Économique,0,0,0,161000
Riviera,60.0,1.0,21.0,0,Moyen,0,1,0,189000
Bingerville,180.0,6.0,30.0,2,Haut standing,1,0,1,736000
Yopougon,,5.0,13.0,0,Économique,0,0,0,177000
Abobo,104.0,,2.0,7,Haut standing,0,0,1,250000
Marcory,62.0,3.0,23.0,1,Haut standing,0,1,1,307000
Abobo,166.0,7.0,13.0,6,Moyen,0,1,0,256000
Adjamé,122.0,5.0,15.0,5,Moyen,0,1,0,316000
Abobo,73.0,3.0,27.0,10,Économique,0,1,0,76000
Riviera,53.0,2.0,34.0,0,Moyen,0,0,0,180000
Abobo,89.0,5.0,39.0,11,Économique,0,1,0,110000
Yopougon,56.0,1.0,1.0,5,Économique,0,1,0,87000
Koumassi,84.0,4.0,33.0,8,Moyen,0,1,1,167000
Plateau,99.0,4.0,17.0,2,Économique,0,1,0,386000
Yopougon,63.0,4.0,6.0,11,Moyen,0,0,0,111000
Treichville,22.0,1.0,37.0,6,Haut standing,0,0,1,77000
Yopougon,115.0,5.0,6.0,3,Économique,1,1,1,243000
Koumassi,64.0,2.0,3.0,0,Économique,0,0,1,121000
Yopougon,99.0,3.0,15.0,6,Moyen,1,0,0,180000
Port-Bouët,86.0,2.0,5.0,0,Économique,1,0,1,200000
Abobo,206.0,8.0,19.0,10,Moyen,0,0,0,204000
Treichville,93.0,5.0,30.0,3,Économique,1,0,0,208000
Port-Bouët,146.0,6.0,18.0,8,Moyen,1,1,0,316000
Marcory,75.0,3.0,21.0,4,Économique,1,0,0,293000
Marcory,56.0,3.0,20.0,6,Économique,0,1,1,194000
Yopougon,117.0,6.0,17.0,6,Économique,0,0,1,185000
Marcory,62.0,3.0,31.0,11,Économique,0,0,0,166000
Cocody,133.0,6.0,33.0,2,Moyen,0,0,0,462000
Abobo,46.0,1.0,26.0,10,Moyen,1,1,0,73000
Abobo,110.0,4.0,37.0,7,Économique,0,0,1,131000
Yopougon,92.0,4.0,29.0,0,Économique,0,1,0,108000
Riviera,186.0,7.0,32.0,3,Moyen,1,1,0,966000
Abobo,115.0,6.0,26.0,9,Moyen,1,0,0,174000
Bingerville,86.0,3.0,22.0,3,Moyen,0,0,0,209000
Cocody,138.0,5.0,18.0,1,Économique,1,0,1,765000
Abobo,21.0,1.0,30.0,5,Haut standing,0,1,1,30000
Bingerville,123.0,5.0,3.0,0,Haut standing,0,1,0,423000
Abobo,128.0,4.0,18.0,2,Économique,1,1,0,199000
Koumassi,135.0,4.0,37.0,8,Moyen,1,0,0,251000
Yopougon,131.0,5.0,39.0,11,Moyen,0,1,1,232000
Cocody,120.0,6.0,21.0,9,Haut standing,0,0,0,716000
Yopougon,77.0,4.0,8.0,5,Moyen,0,0,0,95000
Yopougon,100.0,4.0,30.0,1,Haut standing,0,1,0,188000
Bingerville,66.0,3.0,9.0,11,Économique,0,0,0,202000
Marcory,59.0,2.0,9.0,11,Économique,0,1,1,207000
Riviera,79.0,3.0,29.0,8,Moyen,0,0,0,355000
Riviera,84.0,4.0,9.0,1,Moyen,0,0,0,436000
Marcory,112.0,4.0,35.0,11,Moyen,1,0,1,386000
Treichville,172.0,6.0,17.0,6,Haut standing,0,1,1,708000
Bingerville,144.0,7.0,18.0,0,Moyen,1,1,0,561000
Riviera,108.0,5.0,22.0,4,Moyen,0,1,0,503000
Yopougon,161.0,5.0,3.0,6,Moyen,0,1,1,289000
Treichville,94.0,4.0,11.0,2,Moyen,0,1,0,245000
Abobo,121.0,5.0,23.0,3,Économique,1,0,1,190000
Adjamé,77.0,3.0,,4,Moyen,1,0,0,187000
Marcory,92.0,4.0,3.0,2,Économique,0,1,0,358000
Koumassi,81.0,3.0,26.0,5,Économique,0,1,0,135000
Cocody,37.0,1.0,37.0,2,Économique,0,1,0,134000
Cocody,37.0,1.0,38.0,7,Haut standing,0,0,0,162000
Yopougon,43.0,1.0,7.0,6,Économique,0,1,1,80000
Yopougon,108.0,3.0,25.0,0,Économique,0,0,0,101000
Treichville,173.0,6.0,33.0,1,Économique,0,0,1,281000
Yopougon,161.0,6.0,8.0,3,Économique,0,1,1,235000
Treichville,36.0,1.0,,4,Économique,0,1,0,92000
Marcory,122.0,6.0,0.0,10,Économique,0,0,1,366000
Treichville,70.0,4.0,7.0,9,Économique,0,1,1,239000
Riviera,58.0,1.0,9.0,10,Moyen,0,0,0,287000
Yopougon,99.0,5.0,24.0,3,Moyen,1,0,0,142000
Yopougon,69.0,2.0,30.0,3,Économique,0,1,1,88000
Abobo,41.0,3.0,38.0,8,Moyen,0,0,1,61000
Riviera,53.0,2.0,2.0,3,Moyen,0,1,1,290000
Marcory,77.0,3.0,38.0,3,Moyen,0,1,1,211000
Adjamé,171.0,6.0,37.0,3,Moyen,0,1,1,279000
Koumassi,34.0,1.0,34.0,1,Économique,0,1,0,60000
Abobo,47.0,2.0,7.0,7,Moyen,1,0,1,75000
Cocody,80.0,3.0,0.0,3,Économique,1,0,1,517000
Adjamé,61.0,2.0,4.0,4,Économique,1,1,1,162000
Cocody,114.0,6.0,26.0,7,Économique,0,0,0,465000
Abobo,82.0,4.0,25.0,3,Moyen,0,1,1,110000
Koumassi,41.0,3.0,25.0,4,Moyen,0,0,1,102000
Marcory,70.0,4.0,10.0,4,Économique,0,1,1,233000
Port-Bouët,101.0,3.0,,5,Moyen,0,0,0,170000
Cocody,128.0,4.0,1.0,6,Haut standing,1,0,1,860000
Port-Bouët,47.0,,20.0,2,Économique,0,1,0,97000
Yopougon,104.0,3.0,25.0,9,Économique,0,0,1,154000
Marcory,78.0,4.0,11.0,10,Moyen,0,1,0,308000
Cocody,160.0,7.0,8.0,2,Économique,0,1,0,743000
Riviera,71.0,3.0,22.0,8,Moyen,0,0,0,325000
Cocody,41.0,3.0,4.0,0,Moyen,0,1,0,198000
Marcory,64.0,2.0,8.0,9,Économique,0,0,1,215000
Treichville,28.0,2.0,9.0,11,Économique,1,1,0,98000
Abobo,30.0,1.0,9.0,7,Économique,0,1,0,30000
Abobo,34.0,1.0,13.0,9,Moyen,0,0,1,55000
Cocody,115.0,5.0,35.0,2,Économique,0,0,1,533000
Marcory,108.0,5.0,9.0,4,Moyen,1,1,1,729000
Marcory,118.0,6.0,36.0,2,Économique,0,1,0,241000
Marcory,67.0,4.0,37.0,9,Économique,1,1,1,285000
Yopougon,54.0,3.0,21.0,0,Moyen,0,0,0,75000
Adjamé,243.0,9.0,22.0,9,Moyen,1,1,1,613000
Marcory,98.0,5.0,15.0,4,Moyen,0,0,1,338000
Yopougon,50.0,2.0,10.0,7,Économique,0,1,1,94000
Yopougon,182.0,6.0,34.0,4,Économique,0,0,0,135000
Riviera,169.0,6.0,19.0,3,Moyen,1,0,1,775000
Riviera,124.0,4.0,36.0,8,Moyen,1,1,1,456000
Port-Bouët,84.0,3.0,4.0,0,Moyen,0,0,0,162000
Marcory,58.0,2.0,35.0,4,Économique,0,1,0,142000
Cocody,72.0,3.0,12.0,0,Économique,0,1,1,284000
Treichville,157.0,6.0,16.0,5,Moyen,0,1,0,468000
Marcory,62.0,3.0,25.0,9,Haut standing,0,0,0,261000
Yopougon,46.0,3.0,19.0,8,Haut standing,0,0,1,114000
Koumassi,123.0,5.0,38.0,10,Moyen,0,1,1,302000
Bingerville,89.0,4.0,32.0,1,Économique,1,0,0,222000
Port-Bouët,63.0,4.0,29.0,3,Moyen,0,0,0,120000
Yopougon,66.0,4.0,15.0,7,Haut standing,0,1,0,132000
Adjamé,26.0,1.0,6.0,2,Économique,0,1,1,54000
Treichville,69.0,2.0,29.0,6,Économique,0,0,1,151000
Cocody,150.0,5.0,1.0,11,Moyen,0,1,1,1141000
Adjamé,54.0,2.0,11.0,6,Économique,0,0,0,99000
Cocody,263.0,10.0,39.0,1,Moyen,1,1,1,1401000
Yopougon,90.0,5.0,0.0,11,Haut standing,0,0,0,216000
Treichville,20.0,1.0,2.0,9,Haut standing,0,0,1,51000
Adjamé,,2.0,7.0,3,Haut standing,0,1,0,106000
Koumassi,20.0,1.0,25.0,0,Moyen,0,1,0,38000
Treichville,102.0,3.0,39.0,7,Économique,0,0,0,154000
Port-Bouët,54.0,1.0,10.0,9,Moyen,0,1,1,144000
Treichville,125.0,6.0,20.0,9,Économique,0,0,1,370000
Yopougon,163.0,8.0,4.0,8,Économique,1,1,0,313000
Koumassi,137.0,6.0,39.0,0,Moyen,1,1,0,290000
Adjamé,136.0,5.0,25.0,10,Économique,0,1,0,225000
Riviera,72.0,2.0,20.0,6,Économique,0,0,0,293000
Marcory,55.0,,8.0,0,Économique,0,0,1,198000
Adjamé,117.0,6.0,16.0,11,Haut standing,0,0,0,330000
Abobo,,1.0,36.0,0,Économique,0,0,1,48000
Riviera,74.0,3.0,1.0,8,Économique,0,0,1,385000
Plateau,58.0,1.0,39.0,9,Haut standing,0,0,0,314000
Koumassi,62.0,2.0,27.0,9,Moyen,0,1,1,181000
Abobo,122.0,4.0,26.0,5,Économique,1,0,1,144000
Marcory,60.0,3.0,,0,Moyen,1,1,1,213000
Yopougon,123.0,6.0,0.0,6,Économique,0,0,0,188000
Treichville,162.0,,10.0,2,Économique,0,1,0,399000
Abobo,68.0,3.0,38.0,9,Haut standing,0,1,1,122000
Bingerville,49.0,1.0,17.0,3,Économique,1,0,0,126000
Abobo,146.0,6.0,26.0,3,Moyen,1,1,1,247000
Abobo,106.0,5.0,9.0,7,Moyen,1,1,0,219000
Abobo,59.0,2.0,35.0,0,Économique,0,0,0,57000
Cocody,76.0,3.0,20.0,7,Moyen,0,1,1,492000
Marcory,110.0,4.0,27.0,8,Économique,0,0,0,309000
Yopougon,36.0,,0.0,10,Économique,1,0,0,73000
Treichville,196.0,8.0,13.0,6,Moyen,1,1,0,651000
Plateau,140.0,6.0,19.0,0,Économique,0,0,0,462000
Yopougon,91.0,4.0,8.0,6,Moyen,0,0,0,147000
Treichville,191.0,9.0,26.0,5,Économique,1,1,0,560000
Marcory,175.0,8.0,3.0,4,Moyen,0,1,1,915000
Yopougon,82.0,2.0,36.0,4,Moyen,1,1,0,150000
Cocody,79.0,4.0,17.0,0,Économique,0,1,1,381000
Riviera,80.0,2.0,30.0,5,Haut standing,0,1,1,476000
Bingerville,119.0,6.0,38.0,3,Moyen,0,0,1,327000
Adjamé,115.0,4.0,9.0,0,Haut standing,0,1,1,318000
Cocody,30.0,1.0,8.0,11,Économique,0,0,0,134000
Koumassi,111.0,3.0,27.0,7,Haut standing,1,1,0,296000
Port-Bouët,110.0,5.0,27.0,7,Moyen,1,1,0,250000
Koumassi,20.0,1.0,12.0,11,Moyen,0,1,1,52000
Cocody,81.0,4.0,17.0,10,Haut standing,0,1,1,550000
Abobo,94.0,4.0,11.0,3,Moyen,0,1,1,161000
Port-Bouët,33.0,2.0,7.0,6,Haut standing,0,1,1,124000
Abobo,45.0,2.0,22.0,2,Moyen,1,1,0,62000
Abobo,57.0,3.0,4.0,7,Moyen,0,1,1,90000
Yopougon,120.0,4.0,6.0,6,Économique,0,0,0,170000
Abobo,166.0,6.0,14.0,4,Économique,1,1,1,227000
Cocody,116.0,4.0,2.0,4,Moyen,0,0,0,522000
Abobo,97.0,,17.0,8,Haut standing,1,1,0,190000
Cocody,129.0,5.0,37.0,5,Moyen,0,0,0,504000
Yopougon,20.0,1.0,25.0,5,Moyen,1,1,1,43000
Treichville,159.0,6.0,37.0,1,Moyen,1,0,1,405000
Abobo,85.0,2.0,32.0,10,Économique,1,0,0,87000
Cocody,149.0,7.0,20.0,4,Économique,1,1,0,857000
Adjamé,125.0,5.0,,11,Économique,0,0,0,228000
Port-Bouët,59.0,2.0,1.0,3,Économique,0,0,0,115000
Plateau,103.0,,24.0,9,Moyen,0,1,0,548000
Cocody,62.0,2.0,18.0,2,Moyen,1,0,1,419000
Plateau,114.0,5.0,37.0,8,Économique,0,1,1,443000
Bingerville,207.0,8.0,24.0,10,Économique,1,1,1,676000
Abobo,114.0,6.0,38.0,11,Économique,0,1,0,108000
Yopougon,20.0,1.0,3.0,6,Économique,1,0,1,41000
Cocody,58.0,1.0,2.0,3,Moyen,0,0,0,261000
Abobo,140.0,7.0,33.0,8,Économique,0,1,0,156000
Bingerville,56.0,3.0,9.0,8,Économique,0,0,0,173000
Port-Bouët,163.0,8.0,26.0,11,Haut standing,0,0,1,519000
Abobo,51.0,1.0,25.0,6,Économique,0,0,1,56000
Cocody,152.0,7.0,26.0,4,Moyen,0,1,1,824000
Cocody,69.0,2.0,0.0,8,Moyen,0,1,0,421000
Cocody,120.0,6.0,19.0,6,Économique,1,0,1,493000
Marcory,141.0,6.0,24.0,8,Moyen,0,0,1,511000
Cocody,102.0,3.0,9.0,10,Moyen,0,1,0,477000
Marcory,73.0,2.0,0.0,2,Économique,1,0,0,252000
Yopougon,104.0,5.0,15.0,10,Économique,1,1,1,221000
Riviera,85.0,3.0,10.0,8,Moyen,0,0,1,490000
Abobo,93.0,3.0,3.0,0,Économique,1,0,1,109000
Port-Bouët,37.0,2.0,34.0,4,Économique,1,0,0,67000
Koumassi,127.0,5.0,12.0,1,Économique,1,0,0,281000
Cocody,101.0,3.0,20.0,0,Économique,1,1,1,543000
Koumassi,31.0,2.0,14.0,2,Moyen,0,1,1,101000
Marcory,76.0,3.0,9.0,6,Moyen,0,1,0,352000
Abobo,24.0,1.0,37.0,2,Moyen,0,1,1,30000
Treichville,94.0,3.0,10.0,9,Économique,0,0,0,242000
Riviera,119.0,5.0,31.0,9,Haut standing,0,1,0,624000
Marcory,64.0,4.0,32.0,10,Moyen,0,1,0,243000
Marcory,61.0,3.0,19.0,8,Moyen,0,0,0,212000
Riviera,73.0,3.0,35.0,2,Économique,0,0,0,238000
Cocody,61.0,1.0,29.0,10,Moyen,0,0,1,251000
Adjamé,55.0,2.0,9.0,5,Haut standing,0,0,1,151000
Koumassi,28.0,1.0,14.0,1,Économique,1,1,1,83000
Port-Bouët,60.0,2.0,28.0,7,Moyen,0,1,0,123000
Riviera,37.0,1.0,,9,Moyen,1,1,1,275000
Riviera,159.0,6.0,20.0,4,Économique,0,0,1,411000
Cocody,173.0,7.0,14.0,1,Moyen,0,0,0,843000
Port-Bouët,115.0,4.0,2.0,6,Économique,0,0,0,219000
Abobo,155.0,5.0,32.0,2,Moyen,0,1,1,158000
Abobo,57.0,2.0,37.0,4,Haut standing,0,0,0,69000
Cocody,118.0,6.0,18.0,10,Haut standing,1,0,0,887000
Adjamé,116.0,5.0,3.0,8,Moyen,1,1,1,368000
Riviera,105.0,3.0,11.0,0,Moyen,1,0,1,625000
Riviera,72.0,2.0,24.0,1,Moyen,0,0,0,264000
Yopougon,90.0,3.0,33.0,4,Moyen,0,0,0,112000
Cocody,103.0,5.0,16.0,3,Économique,0,0,0,416000
Yopougon,102.0,3.0,5.0,0,Économique,0,1,0,154000
Port-Bouët,53.0,3.0,11.0,6,Moyen,0,0,0,124000
Adjamé,168.0,6.0,14.0,8,Économique,0,0,0,323000
Yopougon,94.0,3.0,16.0,0,Haut standing,1,0,0,211000
Cocody,132.0,5.0,0.0,7,Moyen,0,0,1,895000
Yopougon,67.0,4.0,13.0,8,Économique,1,1,0,148000
Yopougon,114.0,5.0,1.0,1,Économique,0,0,0,178000
Riviera,97.0,5.0,3.0,0,Haut standing,0,0,1,590000
Abobo,56.0,1.0,1.0,5,Haut standing,1,1,0,125000
Treichville,,3.0,25.0,6,Économique,0,0,1,244000
Abobo,77.0,4.0,,1,Moyen,0,1,1,104000
Cocody,81.0,3.0,32.0,4,Moyen,0,0,1,407000
Riviera,143.0,7.0,38.0,4,Moyen,0,1,0,447000
Yopougon,86.0,4.0,5.0,6,Moyen,0,1,0,128000
Yopougon,139.0,7.0,29.0,11,Économique,0,1,0,194000
Yopougon,120.0,4.0,21.0,10,Moyen,0,1,0,208000
Adjamé,96.0,5.0,,0,Économique,1,0,1,183000
Adjamé,,5.0,18.0,9,Économique,0,1,1,274000
Koumassi,142.0,6.0,9.0,7,Économique,0,0,1,259000
Marcory,96.0,3.0,5.0,4,Économique,0,0,0,272000
Treichville,100.0,4.0,25.0,11,Moyen,1,0,1,301000
Cocody,148.0,6.0,2.0,2,Économique,0,0,0,602000
Adjamé,123.0,5.0,2.0,8,Moyen,0,1,1,294000
Cocody,167.0,6.0,5.0,10,Moyen,0,0,0,766000
Abobo,85.0,4.0,9.0,2,Haut standing,1,1,1,141000
Bingerville,48.0,1.0,37.0,6,Moyen,0,0,0,129000
Bingerville,62.0,2.0,12.0,9,Haut standing,0,1,0,249000
Yopougon,30.0,2.0,37.0,11,Économique,0,1,1,40000
Yopougon,60.0,1.0,11.0,6,Moyen,0,1,1,109000
Cocody,123.0,5.0,26.0,9,Économique,0,1,1,593000
Adjamé,85.0,3.0,7.0,11,Moyen,1,1,0,237000
Port-Bouët,56.0,3.0,4.0,7,Économique,0,0,0,104000
Marcory,68.0,2.0,35.0,9,Moyen,0,0,0,212000
Yopougon,105.0,5.0,37.0,7,Économique,0,1,1,136000
Port-Bouët,70.0,4.0,29.0,3,Économique,0,1,0,117000
Bingerville,80.0,4.0,36.0,0,Moyen,0,0,1,253000
Marcory,38.0,3.0,28.0,3,Haut standing,0,0,1,200000
Abobo,157.0,5.0,21.0,5,Économique,1,0,0,210000
Marcory,168.0,8.0,,9,Haut standing,0,0,1,791000
Cocody,58.0,2.0,9.0,10,Économique,0,1,1,296000
Riviera,76.0,3.0,10.0,5,Moyen,0,0,0,321000
Port-Bouët,28.0,1.0,34.0,5,Haut standing,1,1,0,71000
Koumassi,151.0,7.0,22.0,11,Économique,1,1,0,399000
Cocody,44.0,2.0,7.0,6,Économique,1,0,0,186000
Port-Bouët,89.0,3.0,20.0,11,Économique,0,0,0,134000
Yopougon,51.0,3.0,36.0,10,Économique,0,0,1,70000
Treichville,90.0,5.0,27.0,0,Moyen,0,1,0,232000
Abobo,137.0,6.0,30.0,9,Moyen,0,0,1,167000
Cocody,119.0,4.0,27.0,0,Haut standing,0,0,1,518000
Koumassi,124.0,6.0,26.0,6,Économique,1,0,1,268000
Abobo,41.0,3.0,39.0,11,Moyen,0,0,0,43000
Plateau,88.0,4.0,20.0,3,Économique,0,0,1,360000
Plateau,220.0,9.0,8.0,5,Haut standing,0,0,1,1513000
Plateau,102.0,5.0,28.0,5,Économique,0,0,0,425000
Cocody,92.0,3.0,14.0,8,Haut standing,0,1,1,674000
Abobo,79.0,3.0,32.0,1,Moyen,0,0,0,90000
Port-Bouët,97.0,5.0,36.0,3,Moyen,0,1,0,155000
Cocody,90.0,4.0,35.0,3,Économique,1,1,0,380000
Cocody,201.0,8.0,27.0,6,Haut standing,1,1,0,1321000
Abobo,133.0,4.0,9.0,0,Moyen,0,0,1,171000
Port-Bouët,84.0,4.0,22.0,4,Moyen,0,0,0,157000
Treichville,129.0,5.0,27.0,10,Moyen,0,1,0,295000
Treichville,60.0,3.0,33.0,3,Économique,0,1,1,147000
Abobo,89.0,3.0,4.0,1,Économique,1,0,1,129000
Marcory,70.0,2.0,17.0,4,Moyen,0,0,0,223000
Cocody,125.0,5.0,5.0,8,Économique,0,1,1,699000
Koumassi,86.0,2.0,22.0,7,Moyen,0,0,0,150000
Abobo,96.0,,27.0,8,Moyen,0,1,1,147000
Abobo,82.0,4.0,12.0,6,Économique,0,1,1,110000
Koumassi,107.0,4.0,24.0,9,Moyen,0,0,0,218000
Adjamé,126.0,5.0,6.0,6,Moyen,1,1,0,344000
Marcory,169.0,6.0,1.0,1,Moyen,0,0,0,618000
Yopougon,78.0,4.0,15.0,11,Moyen,0,1,0,167000
Cocody,53.0,3.0,1.0,2,Économique,1,0,0,276000
Cocody,110.0,4.0,35.0,10,Haut standing,0,0,0,537000
Adjamé,46.0,3.0,1.0,9,Économique,1,1,0,122000
Bingerville,77.0,4.0,37.0,7,Haut standing,0,0,0,229000
Riviera,39.0,2.0,9.0,10,Économique,1,1,0,234000
Abobo,304.0,10.0,13.0,1,Économique,0,0,0,253000
Plateau,158.0,7.0,26.0,6,Moyen,0,0,1,1013000
Cocody,151.0,6.0,14.0,11,Économique,1,0,1,1035000
Port-Bouët,173.0,6.0,20.0,5,Haut standing,1,1,0,464000
Abobo,143.0,7.0,11.0,11,Économique,0,0,0,183000
Abobo,,4.0,32.0,9,Économique,0,1,0,84000
Koumassi,104.0,5.0,39.0,3,Économique,1,0,1,187000
Adjamé,165.0,8.0,21.0,10,Économique,0,0,1,409000
Port-Bouët,170.0,6.0,37.0,3,Moyen,0,1,1,329000
Cocody,,1.0,17.0,2,Moyen,0,0,0,259000
Koumassi,85.0,4.0,1.0,5,Économique,0,0,1,189000
Bingerville,95.0,3.0,28.0,2,Économique,0,1,1,237000
Marcory,145.0,6.0,6.0,8,Économique,1,1,0,620000
Abobo,60.0,3.0,30.0,3,Économique,1,1,1,69000
Treichville,57.0,1.0,17.0,3,Moyen,1,1,0,179000
Riviera,44.0,3.0,8.0,1,Moyen,0,1,0,251000
Cocody,70.0,4.0,7.0,1,Moyen,0,1,0,479000
Abobo,77.0,3.0,32.0,6,Haut standing,0,1,0,113000
Plateau,188.0,8.0,4.0,4,Haut standing,0,1,1,1586000
Koumassi,137.0,5.0,13.0,2,Moyen,0,0,1,304000
Plateau,145.0,5.0,12.0,5,Économique,0,1,0,745000
Marcory,52.0,1.0,10.0,5,Haut standing,0,1,0,251000
Yopougon,82.0,2.0,19.0,0,Moyen,0,0,0,127000
Riviera,128.0,5.0,22.0,2,Économique,0,1,1,398000
Marcory,98.0,5.0,26.0,11,Moyen,1,0,0,452000
Plateau,118.0,5.0,14.0,4,Haut standing,1,1,1,944000
Koumassi,44.0,1.0,29.0,10,Moyen,1,1,1,103000
Yopougon,96.0,3.0,15.0,10,Économique,1,0,0,156000
Riviera,132.0,4.0,39.0,6,Haut standing,0,1,0,607000
Plateau,53.0,2.0,17.0,3,Haut standing,1,0,0,332000
Abobo,33.0,1.0,22.0,11,Économique,1,0,0,40000
Marcory,,2.0,35.0,7,Haut standing,0,0,0,185000
Plateau,164.0,8.0,37.0,2,Haut standing,1,0,1,1234000
Adjamé,47.0,2.0,7.0,5,Économique,0,1,0,96000
Abobo,92.0,3.0,38.0,5,Moyen,0,1,0,108000
Koumassi,32.0,2.0,28.0,8,Économique,0,0,0,63000
Treichville,57.0,1.0,11.0,3,Moyen,0,0,1,161000
Yopougon,101.0,5.0,17.0,6,Haut standing,0,1,0,218000
Yopougon,91.0,3.0,18.0,9,Moyen,0,1,1,152000
Riviera,151.0,6.0,35.0,0,Économique,0,1,0,458000
Treichville,112.0,3.0,32.0,10,Haut standing,0,0,1,273000
Treichville,53.0,2.0,4.0,0,Haut standing,1,1,1,297000
Yopougon,81.0,3.0,38.0,1,Économique,1,0,0,100000
Abobo,73.0,4.0,27.0,3,Haut standing,1,0,0,136000
Marcory,24.0,1.0,25.0,11,Économique,0,1,1,107000
Riviera,190.0,8.0,20.0,5,Économique,0,0,1,1001000
Marcory,94.0,4.0,22.0,3,Moyen,0,1,0,364000
Bingerville,102.0,5.0,20.0,5,Moyen,0,1,0,312000
Cocody,126.0,4.0,10.0,1,Moyen,0,0,0,630000
Adjamé,127.0,4.0,38.0,8,Économique,0,1,1,193000
Riviera,134.0,5.0,,10,Économique,0,1,1,564000
Plateau,75.0,3.0,32.0,2,Haut standing,0,0,0,355000
Riviera,71.0,2.0,26.0,6,Économique,0,1,0,286000
Yopougon,154.0,6.0,0.0,0,Économique,0,1,0,269000
Riviera,193.0,7.0,15.0,7,Moyen,1,0,1,1280000
Adjamé,32.0,2.0,4.0,3,Moyen,0,1,1,79000
Treichville,151.0,6.0,17.0,10,Économique,1,0,1,448000
Plateau,81.0,3.0,33.0,11,Économique,0,0,1,313000
Treichville,88.0,3.0,24.0,4,Haut standing,1,1,0,262000
Cocody,20.0,1.0,33.0,6,Haut standing,0,0,1,98000
Plateau,92.0,5.0,14.0,2,Économique,0,1,1,486000
Cocody,68.0,3.0,3.0,8,Moyen,0,1,0,351000
Yopougon,22.0,1.0,3.0,8,Économique,1,1,1,47000
Port-Bouët,161.0,7.0,24.0,7,Moyen,0,1,0,414000
Plateau,101.0,3.0,12.0,0,Économique,0,1,1,472000
Cocody,109.0,3.0,24.0,11,Moyen,0,1,1,436000
Abobo,161.0,7.0,2.0,11,Moyen,0,1,0,274000
Marcory,128.0,6.0,34.0,1,Moyen,0,1,1,463000
Cocody,43.0,3.0,8.0,1,Haut standing,1,0,0,292000
Plateau,143.0,7.0,13.0,2,Moyen,0,1,1,1036000
Riviera,37.0,2.0,21.0,1,Moyen,0,0,0,187000
Port-Bouët,124.0,6.0,8.0,0,Économique,0,1,1,268000
Yopougon,213.0,9.0,23.0,10,Économique,0,0,0,320000
Adjamé,124.0,6.0,22.0,4,Moyen,0,0,0,257000
Abobo,77.0,3.0,36.0,5,Moyen,0,0,0,83000
Adjamé,,7.0,14.0,6,Moyen,0,0,0,421000
Adjamé,101.0,,35.0,9,Moyen,1,0,1,218000
Abobo,54.0,3.0,13.0,6,Moyen,0,1,0,71000
Marcory,65.0,2.0,19.0,1,Haut standing,0,0,0,177000
Cocody,64.0,4.0,38.0,6,Moyen,1,1,0,347000
Yopougon,233.0,10.0,35.0,1,Économique,0,0,0,256000
Bingerville,123.0,5.0,26.0,1,Économique,0,0,0,223000
Abobo,125.0,4.0,16.0,11,Haut standing,0,1,1,223000
Port-Bouët,115.0,6.0,25.0,5,Économique,0,0,0,193000
Riviera,105.0,3.0,3.0,5,Économique,0,0,1,484000
Plateau,,3.0,2.0,7,Économique,0,1,1,507000
Adjamé,47.0,1.0,18.0,4,Économique,0,0,1,72000
Adjamé,110.0,4.0,39.0,4,Moyen,1,0,1,159000
Riviera,206.0,8.0,38.0,9,Économique,0,0,1,679000
Riviera,107.0,4.0,6.0,0,Moyen,1,0,0,639000
Adjamé,169.0,8.0,35.0,3,Économique,1,0,1,367000
Marcory,31.0,2.0,18.0,0,Moyen,0,1,0,102000
Port-Bouët,107.0,3.0,11.0,9,Moyen,1,0,0,279000
Cocody,69.0,4.0,19.0,4,Moyen,0,0,1,319000
Koumassi,52.0,3.0,,7,Moyen,0,1,0,102000
Riviera,184.0,6.0,11.0,0,Économique,1,0,0,519000
Yopougon,73.0,3.0,28.0,2,Moyen,0,0,1,106000
Abobo,123.0,5.0,29.0,0,Économique,0,1,0,128000
Yopougon,87.0,2.0,19.0,5,Économique,0,0,0,102000
Yopougon,43.0,3.0,3.0,9,Haut standing,0,0,1,93000
Treichville,132.0,4.0,1.0,0,Haut standing,0,1,0,468000
Koumassi,76.0,2.0,29.0,9,Haut standing,0,1,0,222000
Riviera,141.0,7.0,22.0,11,Haut standing,1,0,1,962000
Riviera,57.0,1.0,5.0,2,Haut standing,0,1,1,334000
Plateau,69.0,4.0,17.0,4,Moyen,1,0,0,441000
Bingerville,121.0,6.0,21.0,4,Économique,0,0,0,372000
Koumassi,60.0,1.0,36.0,1,Haut standing,0,0,1,104000
Marcory,130.0,5.0,3.0,2,Haut standing,0,0,0,521000
Cocody,28.0,2.0,10.0,8,Économique,1,0,0,170000
Marcory,47.0,2.0,34.0,0,Moyen,1,1,0,140000
Riviera,96.0,5.0,10.0,0,Économique,0,1,1,418000
Abobo,125.0,5.0,33.0,11,Haut standing,0,1,0,225000
Koumassi,98.0,3.0,8.0,1,Moyen,1,0,0,295000
Marcory,118.0,6.0,30.0,7,Économique,0,1,0,378000
Koumassi,74.0,2.0,31.0,5,Économique,0,1,0,125000
Cocody,26.0,1.0,34.0,3,Haut standing,0,0,0,114000
Yopougon,79.0,2.0,10.0,6,Moyen,1,0,0,150000
Abobo,80.0,4.0,16.0,5,Économique,0,0,1,91000
Plateau,162.0,5.0,35.0,8,Moyen,0,0,1,872000
Port-Bouët,129.0,4.0,1.0,5,Économique,0,0,1,269000
Marcory,50.0,3.0,23.0,1,Économique,0,1,0,147000
Adjamé,22.0,1.0,,2,Moyen,0,0,0,42000
Yopougon,87.0,4.0,27.0,8,Moyen,1,0,0,145000
Abobo,68.0,2.0,2.0,6,Économique,1,1,0,113000
Cocody,198.0,8.0,28.0,5,Moyen,0,1,1,969000
Cocody,164.0,6.0,12.0,4,Économique,0,1,0,982000
Riviera,43.0,2.0,21.0,2,Haut standing,1,0,1,272000
Marcory,127.0,6.0,30.0,3,Économique,0,1,1,435000
Port-Bouët,117.0,5.0,,0,Économique,0,0,1,289000
Riviera,115.0,6.0,25.0,4,Économique,1,0,0,343000
Marcory,291.0,10.0,30.0,6,Économique,1,1,0,846000
Marcory,88.0,4.0,37.0,1,Économique,0,1,0,262000
Adjamé,135.0,4.0,37.0,10,Économique,0,0,1,141000
Riviera,144.0,6.0,3.0,11,Moyen,0,1,1,1036000
Riviera,110.0,5.0,34.0,7,Économique,1,1,0,499000
Yopougon,197.0,9.0,32.0,11,Économique,1,1,0,396000
Port-Bouët,102.0,5.0,2.0,9,Haut standing,0,0,0,293000
Cocody,141.0,7.0,18.0,5,Économique,1,1,1,896000
Riviera,63.0,2.0,8.0,9,Moyen,1,0,0,312000
Riviera,47.0,1.0,18.0,2,Économique,0,0,1,176000
Plateau,120.0,4.0,18.0,1,Économique,0,0,0,452000
Treichville,90.0,3.0,25.0,7,Moyen,0,1,1,237000
Cocody,93.0,3.0,12.0,3,Économique,1,1,0,496000
Marcory,78.0,4.0,21.0,6,Haut standing,0,0,0,291000
Port-Bouët,139.0,5.0,7.0,6,Économique,0,1,1,223000
Yopougon,101.0,3.0,23.0,9,Moyen,0,0,1,166000
Cocody,248.0,9.0,25.0,8,Moyen,0,0,0,1085000
Treichville,100.0,5.0,2.0,9,Économique,0,1,1,364000
Riviera,113.0,6.0,6.0,7,Moyen,0,0,0,597000
Abobo,148.0,7.0,1.0,11,Moyen,0,0,1,227000
Yopougon,120.0,6.0,32.0,7,Moyen,0,1,0,223000
Plateau,48.0,1.0,11.0,6,Moyen,0,1,0,264000
Riviera,84.0,2.0,11.0,9,Économique,0,0,0,289000
Port-Bouët,61.0,2.0,9.0,4,Moyen,0,0,0,148000
Marcory,117.0,4.0,26.0,8,Économique,0,0,0,373000
Cocody,106.0,5.0,17.0,11,Économique,0,0,0,317000
Cocody,143.0,7.0,,10,Économique,0,0,0,653000
Cocody,153.0,5.0,39.0,6,Haut standing,0,1,0,701000
Abobo,61.0,2.0,22.0,11,Économique,1,0,0,81000
Riviera,,7.0,20.0,10,Économique,0,1,1,787000
Yopougon,163.0,7.0,35.0,2,Économique,0,1,1,284000
Port-Bouët,54.0,3.0,29.0,11,Économique,0,1,0,85000
Yopougon,113.0,6.0,20.0,5,Économique,0,0,0,164000
Adjamé,178.0,6.0,22.0,2,Économique,0,1,0,226000
Koumassi,83.0,4.0,20.0,5,Économique,0,1,1,185000
Plateau,93.0,4.0,7.0,7,Économique,0,0,1,628000
Yopougon,113.0,5.0,38.0,8,Moyen,1,0,0,120000
Abobo,20.0,1.0,12.0,1,Haut standing,0,0,1,30000
Cocody,100.0,5.0,39.0,5,Économique,0,1,0,403000
Yopougon,104.0,4.0,21.0,2,Moyen,1,0,0,199000
Abobo,128.0,4.0,6.0,6,Économique,0,1,0,142000
Riviera,130.0,,23.0,10,Moyen,0,1,0,662000
Yopougon,92.0,3.0,4.0,3,Économique,0,0,1,169000
Port-Bouët,207.0,8.0,25.0,4,Moyen,0,1,1,470000
Yopougon,61.0,,9.0,9,Haut standing,0,0,1,172000
Port-Bouët,141.0,6.0,10.0,5,Moyen,0,1,0,340000
Abobo,23.0,1.0,39.0,10,Moyen,0,1,0,30000
Bingerville,97.0,3.0,37.0,7,Moyen,1,1,0,301000
Yopougon,,1.0,10.0,1,Économique,0,0,0,31000
Abobo,100.0,3.0,29.0,3,Moyen,1,1,1,119000
Abobo,119.0,5.0,3.0,10,Économique,0,0,1,176000
Yopougon,79.0,2.0,1.0,3,Économique,0,0,0,112000
Plateau,95.0,5.0,12.0,5,Moyen,1,0,1,679000
Cocody,135.0,4.0,38.0,3,Moyen,1,0,1,531000
Cocody,20.0,1.0,16.0,10,Économique,1,0,1,89000
Bingerville,72.0,4.0,22.0,4,Moyen,0,0,1,216000
Marcory,181.0,6.0,9.0,4,Moyen,1,0,0,672000
Marcory,48.0,1.0,12.0,7,Économique,0,1,0,170000
Koumassi,65.0,3.0,38.0,3,Économique,1,0,1,142000
Treichville,27.0,1.0,28.0,11,Haut standing,1,0,1,96000
Yopougon,72.0,2.0,15.0,5,Haut standing,0,0,0,120000
Plateau,89.0,5.0,2.0,6,Économique,0,1,0,501000
Riviera,286.0,10.0,35.0,7,Économique,1,1,0,1262000
Bingerville,115.0,4.0,3.0,8,Économique,0,1,0,327000
Bingerville,74.0,2.0,35.0,9,Économique,0,1,1,227000
Yopougon,37.0,1.0,15.0,7,Économique,0,0,0,52000
Koumassi,,4.0,5.0,3,Haut standing,0,1,1,241000
Plateau,58.0,3.0,27.0,3,Haut standing,0,0,1,352000
Cocody,24.0,2.0,35.0,9,Moyen,0,0,1,135000
Cocody,47.0,2.0,22.0,10,Économique,0,1,0,219000
Abobo,75.0,3.0,11.0,4,Économique,0,0,1,88000
Yopougon,82.0,2.0,30.0,2,Moyen,0,1,1,103000
Abobo,134.0,5.0,11.0,1,Moyen,0,1,0,196000
Cocody,185.0,6.0,31.0,1,Économique,1,0,0,651000
Yopougon,81.0,3.0,24.0,8,Moyen,0,0,1,130000
Koumassi,143.0,5.0,28.0,7,Moyen,1,0,1,308000
Yopougon,74.0,3.0,,5,Moyen,1,0,1,135000
Koumassi,55.0,3.0,21.0,8,Moyen,0,0,1,121000
Marcory,131.0,4.0,23.0,4,Moyen,0,1,1,452000
Port-Bouët,74.0,3.0,32.0,11,Économique,1,1,0,129000
Abobo,60.0,2.0,35.0,9,Moyen,0,1,0,67000
Marcory,54.0,1.0,39.0,0,Économique,0,1,0,111000
Marcory,34.0,1.0,15.0,7,Économique,0,0,0,99000
Abobo,95.0,,1.0,2,Économique,0,1,0,147000
Port-Bouët,67.0,2.0,7.0,8,Économique,0,0,0,129000
Yopougon,146.0,5.0,12.0,10,Haut standing,0,0,1,298000
Marcory,209.0,7.0,29.0,0,Économique,0,0,0,476000
Bingerville,54.0,1.0,0.0,2,Haut standing,0,1,0,235000
Adjamé,41.0,1.0,11.0,0,Économique,1,0,1,93000
Yopougon,187.0,8.0,6.0,0,Économique,0,0,1,309000
Yopougon,100.0,3.0,13.0,5,Moyen,0,1,1,223000
Marcory,98.0,5.0,34.0,3,Économique,1,1,0,287000
Abobo,,5.0,27.0,9,Moyen,0,0,1,156000
Yopougon,159.0,7.0,11.0,3,Économique,0,0,0,229000
Riviera,158.0,5.0,39.0,4,Moyen,1,1,1,816000
Yopougon,128.0,6.0,23.0,2,Économique,1,0,1,220000
Yopougon,48.0,1.0,0.0,11,Moyen,0,1,0,118000
Abobo,30.0,2.0,16.0,1,Économique,0,0,1,37000
Riviera,48.0,1.0,37.0,9,Moyen,0,1,1,219000
Port-Bouët,36.0,1.0,27.0,7,Moyen,0,1,1,75000
Yopougon,135.0,5.0,32.0,10,Économique,0,1,0,183000
Koumassi,65.0,4.0,23.0,6,Économique,0,0,1,123000
Abobo,126.0,5.0,5.0,9,Moyen,0,0,0,191000
Yopougon,93.0,5.0,20.0,3,Haut standing,0,1,0,148000
Marcory,64.0,4.0,3.0,1,Économique,0,0,1,223000
Yopougon,54.0,3.0,32.0,11,Moyen,1,1,1,105000
Marcory,61.0,2.0,9.0,8,Moyen,1,1,0,350000
Riviera,41.0,3.0,35.0,7,Moyen,1,0,0,178000
Treichville,212.0,8.0,12.0,3,Haut standing,0,1,1,755000
Riviera,87.0,3.0,35.0,10,Moyen,0,0,0,295000
Abobo,93.0,3.0,8.0,4,Moyen,1,1,0,164000
Abobo,91.0,4.0,30.0,9,Moyen,0,1,0,110000
Abobo,134.0,4.0,3.0,5,Économique,0,1,1,172000
Cocody,58.0,3.0,19.0,3,Moyen,0,1,0,368000
Yopougon,163.0,8.0,7.0,1,Haut standing,0,1,1,424000
Cocody,77.0,2.0,26.0,4,Moyen,1,1,0,435000
Abobo,76.0,4.0,35.0,10,Économique,0,0,1,87000
Yopougon,,6.0,8.0,0,Économique,0,1,1,250000
Koumassi,58.0,1.0,23.0,6,Moyen,0,0,0,100000
Marcory,113.0,6.0,36.0,8,Moyen,0,0,0,297000
Plateau,91.0,3.0,39.0,2,Économique,0,0,1,290000
Yopougon,64.0,2.0,29.0,5,Économique,1,0,0,91000
Riviera,123.0,4.0,25.0,8,Moyen,0,1,0,535000
Koumassi,46.0,3.0,3.0,10,Moyen,1,1,0,153000
Yopougon,63.0,4.0,0.0,3,Moyen,0,1,1,149000
Abobo,97.0,5.0,19.0,5,Haut standing,0,0,0,150000
Cocody,196.0,9.0,27.0,2,Économique,1,1,0,1111000
Riviera,187.0,8.0,23.0,8,Haut standing,1,0,1,1234000
Adjamé,114.0,5.0,27.0,6,Moyen,1,0,1,296000
Marcory,78.0,3.0,27.0,6,Haut standing,0,1,0,340000
Abobo,26.0,1.0,4.0,3,Économique,0,0,0,30000
Cocody,144.0,6.0,31.0,5,Économique,0,0,1,466000
Riviera,155.0,7.0,29.0,10,Moyen,0,0,1,574000
Plateau,113.0,6.0,20.0,10,Haut standing,0,1,0,879000
Abobo,80.0,4.0,15.0,7,Moyen,0,1,0,102000
Marcory,138.0,5.0,7.0,5,Moyen,1,0,0,662000
Koumassi,90.0,3.0,11.0,5,Économique,0,0,1,160000
Koumassi,84.0,2.0,31.0,3,Moyen,0,0,1,157000
Adjamé,36.0,1.0,24.0,7,Moyen,0,0,0,55000
Abobo,134.0,4.0,2.0,9,Moyen,0,1,0,213000
Bingerville,98.0,3.0,25.0,7,Moyen,1,1,0,321000
Cocody,186.0,7.0,35.0,8,Économique,0,1,1,715000
Treichville,66.0,4.0,16.0,5,Moyen,1,1,1,243000
Marcory,56.0,2.0,26.0,1,Moyen,1,1,0,183000
Riviera,154.0,5.0,21.0,3,Haut standing,1,1,0,988000
Yopougon,171.0,8.0,37.0,3,Moyen,1,1,1,296000
Koumassi,92.0,5.0,34.0,7,Moyen,0,1,0,244000
Adjamé,141.0,7.0,6.0,4,Haut standing,0,0,0,447000
Marcory,77.0,3.0,2.0,3,Économique,0,0,1,265000
Marcory,80.0,,5.0,7,Économique,0,1,0,281000
Marcory,114.0,4.0,12.0,2,Moyen,1,1,1,524000
Yopougon,79.0,2.0,14.0,1,Économique,1,1,1,168000
Marcory,105.0,,25.0,3,Économique,0,1,1,408000
Cocody,97.0,4.0,32.0,10,Haut standing,0,1,0,415000
Bingerville,,1.0,14.0,0,Moyen,0,0,0,155000
Riviera,105.0,4.0,38.0,0,Économique,0,0,0,293000
Treichville,49.0,3.0,13.0,4,Économique,0,1,0,117000
Treichville,135.0,5.0,18.0,10,Économique,0,1,1,420000
Cocody,155.0,7.0,27.0,0,Moyen,0,0,0,660000
Adjamé,84.0,4.0,23.0,3,Économique,0,1,1,181000
Port-Bouët,197.0,9.0,32.0,7,Haut standing,0,0,0,491000
Plateau,169.0,8.0,11.0,7,Moyen,0,0,0,1047000
Plateau,106.0,5.0,9.0,1,Économique,0,0,0,616000
Port-Bouët,80.0,2.0,6.0,2,Économique,1,1,1,194000
Abobo,149.0,5.0,0.0,2,Moyen,0,1,1,206000
Cocody,198.0,7.0,14.0,0,Économique,0,0,0,929000
Abobo,110.0,5.0,0.0,10,Moyen,1,1,1,238000
Treichville,215.0,9.0,19.0,2,Haut standing,0,1,0,732000
Yopougon,71.0,3.0,1.0,7,Économique,0,1,0,115000
Koumassi,129.0,6.0,2.0,5,Économique,0,1,0,304000
Port-Bouët,92.0,4.0,35.0,4,Moyen,0,1,0,172000
Yopougon,54.0,3.0,15.0,9,Économique,0,1,1,83000
Riviera,74.0,3.0,28.0,11,Économique,0,0,0,233000
Yopougon,155.0,7.0,35.0,8,Économique,0,0,1,185000
Koumassi,87.0,3.0,38.0,6,Haut standing,0,0,0,173000
Yopougon,69.0,3.0,2.0,5,Haut standing,0,1,1,189000
Bingerville,173.0,6.0,36.0,4,Économique,0,0,0,395000
Riviera,153.0,6.0,11.0,4,Moyen,0,0,0,902000
Cocody,76.0,3.0,19.0,9,Économique,0,0,1,355000
Riviera,220.0,10.0,22.0,8,Moyen,0,0,0,948000
Port-Bouët,,4.0,21.0,9,Économique,0,0,1,123000
Port-Bouët,110.0,4.0,31.0,5,Économique,0,1,0,180000
Marcory,96.0,4.0,6.0,11,Moyen,0,1,1,438000
Port-Bouët,59.0,2.0,21.0,10,Économique,0,1,0,104000
Bingerville,85.0,3.0,1.0,3,Économique,0,1,1,261000
Marcory,91.0,3.0,13.0,3,Moyen,1,1,0,359000
Riviera,31.0,1.0,15.0,11,Moyen,0,0,1,165000
Cocody,,5.0,23.0,3,Moyen,0,1,0,561000
Plateau,143.0,7.0,6.0,10,Haut standing,0,0,0,1112000
Abobo,50.0,2.0,3.0,5,Moyen,0,1,0,84000
Abobo,130.0,5.0,36.0,0,Économique,0,0,1,140000
Abobo,159.0,6.0,4.0,8,Économique,1,1,1,276000
Cocody,20.0,1.0,1.0,1,Économique,0,1,0,113000
Riviera,86.0,4.0,4.0,1,Économique,1,1,1,458000
Cocody,218.0,8.0,2.0,4,Moyen,0,0,0,1152000
Plateau,106.0,3.0,7.0,11,Économique,0,1,1,590000
Cocody,30.0,1.0,25.0,11,Économique,1,1,0,163000
Abobo,45.0,2.0,9.0,10,Économique,0,0,0,41000
Riviera,109.0,5.0,33.0,3,Économique,0,1,0,441000
Adjamé,127.0,5.0,35.0,2,Moyen,0,1,1,227000
Port-Bouët,95.0,5.0,11.0,4,Économique,1,1,0,247000
Cocody,105.0,3.0,19.0,6,Économique,0,0,0,362000
Abobo,97.0,5.0,28.0,9,Haut standing,0,0,1,192000
Yopougon,66.0,,13.0,1,Moyen,0,0,0,115000
Yopougon,97.0,5.0,4.0,5,Moyen,0,1,0,185000
Cocody,38.0,1.0,26.0,3,Moyen,0,1,1,139000
Adjamé,78.0,2.0,3.0,1,Moyen,0,1,1,171000
Yopougon,123.0,5.0,28.0,0,Économique,0,1,1,123000
Koumassi,57.0,2.0,2.0,7,Économique,1,1,0,156000
Yopougon,81.0,4.0,32.0,4,Moyen,0,1,0,130000
Plateau,101.0,5.0,29.0,9,Économique,1,0,1,635000
